index,offset,text,hex_bytes,byte_length,text_length,type_info
0,0x00518370,Do you want to quit,24 4F 00 59 4F 55 00 57 41 4E 54 00 54 4F 00 51 55 49 54 FF 00 00 00 00 00 00 00 00 00 00,30,19,DEF
1,0x0051838E,playing Final Fantasy VII,50 4C 41 59 49 4E 47 00 26 49 4E 41 4C 00 26 41 4E 54 41 53 59 00 36 29 29 FF 00 00 00 00,30,25,DEF
2,0x005183AC,and return to Windows?,41 4E 44 00 52 45 54 55 52 4E 00 54 4F 00 37 49 4E 44 4F 57 53 1F FF 00 00 00 00 00 00 00,30,22,DEF
3,0x005183D0,Yes,39 45 53 FF,4,3,DEF
4,0x005183D4,No,2E 4F FF 00,4,2,DEF
5,0x005188A8,Window color,37 49 4E 44 4F 57 00 43 4F 4C 4F 52 FF 00 00 00 00 00 00 00 00 00 00 00 00 00 00 00 00 00 00 00 00 00 00 00 00 00 00 00 00 00 00 00 00 00 00 00,48,12,DEF
6,0x005188D8,Sound,33 4F 55 4E 44 FF 00 00 00 00 00 00 00 00 00 00 00 00 00 00 00 00 00 00 00 00 00 00 00 00 00 00 00 00 00 00 00 00 00 00 00 00 00 00 00 00 00 00,48,5,DEF
7,0x00518908,Controller,23 4F 4E 54 52 4F 4C 4C 45 52 FF 00 00 00 00 00 00 00 00 00 00 00 00 00 00 00 00 00 00 00 00 00 00 00 00 00 00 00 00 00 00 00 00 00 00 00 00 00,48,10,DEF
8,0x00518938,Cursor,23 55 52 53 4F 52 FF 00 00 00 00 00 00 00 00 00 00 00 00 00 00 00 00 00 00 00 00 00 00 00 00 00 00 00 00 00 00 00 00 00 00 00 00 00 00 00 00 00,48,6,DEF
9,0x00518968,ATB,21 34 22 FF 00 00 00 00 00 00 00 00 00 00 00 00 00 00 00 00 00 00 00 00 00 00 00 00 00 00 00 00 00 00 00 00 00 00 00 00 00 00 00 00 00 00 00 00,48,3,DEF
10,0x00518998,Battle speed,22 41 54 54 4C 45 00 53 50 45 45 44 FF 00 00 00 00 00 00 00 00 00 00 00 00 00 00 00 00 00 00 00 00 00 00 00 00 00 00 00 00 00 00 00 00 00 00 00,48,12,DEF
11,0x005189C8,Battle message,22 41 54 54 4C 45 00 4D 45 53 53 41 47 45 FF 00 00 00 00 00 00 00 00 00 00 00 00 00 00 00 00 00 00 00 00 00 00 00 00 00 00 00 00 00 00 00 00 00,48,14,DEF
12,0x005189F8,Field message,26 49 45 4C 44 00 4D 45 53 53 41 47 45 FF 00 00 00 00 00 00 00 00 00 00 00 00 00 00 00 00 00 00 00 00 00 00 00 00 00 00 00 00 00 00 00 00 00 00,48,13,DEF
13,0x00518A28,Camera angle,23 41 4D 45 52 41 00 41 4E 47 4C 45 FF 00 00 00 00 00 00 00 00 00 00 00 00 00 00 00 00 00 00 00 00 00 00 00 00 00 00 00 00 00 00 00 00 00 00 00,48,12,DEF
14,0x00518A58,Select,33 45 4C 45 43 54 FF 00 00 00 00 00 00 00 00 00 00 00 00 00 00 00 00 00 00 00 00 00 00 00 00 00 00 00 00 00 00 00 00 00 00 00 00 00 00 00 00 00,48,6,DEF
15,0x00518A88,Cancel,23 41 4E 43 45 4C FF 00 00 00 00 00 00 00 00 00 00 00 00 00 00 00 00 00 00 00 00 00 00 00 00 00 00 00 00 00 00 00 00 00 00 00 00 00 00 00 00 00,48,6,DEF
16,0x00518AB8,Menu,2D 45 4E 55 FF 00 00 00 00 00 00 00 00 00 00 00 00 00 00 00 00 00 00 00 00 00 00 00 00 00 00 00 00 00 00 00 00 00 00 00 00 00 00 00 00 00 00 00,48,4,DEF
17,0x00518C08,Normal,2E 4F 52 4D 41 4C FF 00 00 00 00 00 00 00 00 00 00 00 00 00 00 00 00 00 00 00 00 00 00 00 00 00 00 00 00 00 00 00 00 00 00 00 00 00 00 00 00 00,48,6,DEF
18,0x00518C38,Customize,23 55 53 54 4F 4D 49 5A 45 FF 00 00 00 00 00 00 00 00 00 00 00 00 00 00 00 00 00 00 00 00 00 00 00 00 00 00 00 00 00 00 00 00 00 00 00 00 00 00,48,9,DEF
19,0x00518C68,Initial,29 4E 49 54 49 41 4C FF 00 00 00 00 00 00 00 00 00 00 00 00 00 00 00 00 00 00 00 00 00 00 00 00 00 00 00 00 00 00 00 00 00 00 00 00 00 00 00 00,48,7,DEF
20,0x00518C98,Memory,2D 45 4D 4F 52 59 FF 00 00 00 00 00 00 00 00 00 00 00 00 00 00 00 00 00 00 00 00 00 00 00 00 00 00 00 00 00 00 00 00 00 00 00 00 00 00 00 00 00,48,6,DEF
21,0x00518CC8,Active,21 43 54 49 56 45 FF 00 00 00 00 00 00 00 00 00 00 00 00 00 00 00 00 00 00 00 00 00 00 00 00 00 00 00 00 00 00 00 00 00 00 00 00 00 00 00 00 00,48,6,DEF
22,0x00518CF8,Recommended,32 45 43 4F 4D 4D 45 4E 44 45 44 FF 00 00 00 00 00 00 00 00 00 00 00 00 00 00 00 00 00 00 00 00 00 00 00 00 00 00 00 00 00 00 00 00 00 00 00 00,48,11,DEF
23,0x00518D28,Wait,37 41 49 54 FF 00 00 00 00 00 00 00 00 00 00 00 00 00 00 00 00 00 00 00 00 00 00 00 00 00 00 00 00 00 00 00 00 00 00 00 00 00 00 00 00 00 00 00,48,4,DEF
24,0x00518D58,Auto,21 55 54 4F FF 00 00 00 00 00 00 00 00 00 00 00 00 00 00 00 00 00 00 00 00 00 00 00 00 00 00 00 00 00 00 00 00 00 00 00 00 00 00 00 00 00 00 00,48,4,DEF
25,0x00518D88,Fixed,26 49 58 45 44 FF 00 00 00 00 00 00 00 00 00 00 00 00 00 00 00 00 00 00 00 00 00 00 00 00 00 00 00 00 00 00 00 00 00 00 00 00 00 00 00 00 00 00,48,5,DEF
26,0x00518DE8,Slow,33 4C 4F 57 FF 00 00 00 00 00 00 00 00 00 00 00 00 00 00 00 00 00 00 00 00 00 00 00 00 00 00 00 00 00 00 00 00 00 00 00 00 00 00 00 00 00 00 00,48,4,DEF
27,0x00518E18,Fast,26 41 53 54 FF 00 00 00 00 00 00 00 00 00 00 00 00 00 00 00 00 00 00 00 00 00 00 00 00 00 00 00 00 00 00 00 00 00 00 00 00 00 00 00 00 00 00 00,48,4,DEF
28,0x00518ED8,Magic order,2D 41 47 49 43 00 4F 52 44 45 52 FF 00 00 00 00 00 00 00 00 00 00 00 00 00 00 00 00 00 00 00 00 00 00 00 00 00 00 00 00 00 00 00 00 00 00 00 00,48,11,DEF
29,0x00518F08,restore,52 45 53 54 4F 52 45 FF 00 00 00 00 00 00 00 00 00 00 00 00 00 00 00 00 00 00 00 00 00 00 00 00 00 00 00 00 00 00 00 00 00 00 00 00 00 00 00 00,48,7,DEF
30,0x00518F38,attack,41 54 54 41 43 4B FF 00 00 00 00 00 00 00 00 00 00 00 00 00 00 00 00 00 00 00 00 00 00 00 00 00 00 00 00 00 00 00 00 00 00 00 00 00 00 00 00 00,48,6,DEF
31,0x00518F68,indirect,49 4E 44 49 52 45 43 54 FF 00 00 00 00 00 00 00 00 00 00 00 00 00 00 00 00 00 00 00 00 00 00 00 00 00 00 00 00 00 00 00 00 00 00 00 00 00 00 00,48,8,DEF
32,0x00518FC8,No.,2E 4F 0E FF 00 00 00 00 00 00 00 00 00 00 00 00 00 00 00 00 00 00 00 00 00 00 00 00 00 00 00 00 00 00 00 00 00 00 00 00 00 00 00 00 00 00 00 00,48,3,DEF
33,0x00519238,[C5][B8][B7],C5 B8 B7 FF 00 00,6,12,NOFF_TERM
34,0x0051923E,[BA][C5][B8][B8][C1],BA C5 B8 B8 C1 FF,6,20,NOFF_TERM
35,0x00519244,[B5][BF][C8][B8],B5 BF C8 B8 FF 00,6,16,NOFF_TERM
36,0x00519288,Set Sound & Music Volume,33 45 54 00 33 4F 55 4E 44 00 06 00 2D 55 53 49 43 00 36 4F 4C 55 4D 45 FF,25,24,DEF
37,0x005192A1,Not supported.,2E 4F 54 00 53 55 50 50 4F 52 54 45 44 0E FF 00 00 00 00 00 00 00 00 00 00,25,14,DEF
38,0x005192C0,Item,29 54 45 4D FF 00 00 00 00 00 00 00 00 00 00 00 00 00 00 00,20,4,DEF
39,0x005192D4,Magic,2D 41 47 49 43 FF 00 00 00 00 00 00 00 00 00 00 00 00 00 00,20,5,DEF
40,0x005192E8,Materia,2D 41 54 45 52 49 41 FF 00 00 00 00 00 00 00 00 00 00 00 00,20,7,DEF
41,0x005192FC,Equip,25 51 55 49 50 FF 00 00 00 00 00 00 00 00 00 00 00 00 00 00,20,5,DEF
42,0x00519310,Status,33 54 41 54 55 53 FF 00 00 00 00 00 00 00 00 00 00 00 00 00,20,6,DEF
43,0x00519324,Order,2F 52 44 45 52 FF 00 00 00 00 00 00 00 00 00 00 00 00 00 00,20,5,DEF
44,0x00519338,Limit,2C 49 4D 49 54 FF 00 00 00 00 00 00 00 00 00 00 00 00 00 00,20,5,DEF
45,0x0051934C,Config,23 4F 4E 46 49 47 FF 00 00 00 00 00 00 00 00 00 00 00 00 00,20,6,DEF
46,0x00519360,PHS,30 28 33 FF 00 00 00 00 00 00 00 00 00 00 00 00 00 00 00 00,20,3,DEF
47,0x00519374,Save,33 41 56 45 FF 00 00 00 00 00 00 00 00 00 00 00 00 00 00 00,20,4,DEF
48,0x00519388,Quit,31 55 49 54 FF 00 00 00 00 00 00 00 00 00 00 00 00 00 00 00,20,4,DEF
49,0x0051939C,Beginner,22 45 47 49 4E 4E 45 52 FF 00 00 00 00 00 00 00 00 00 00 00,20,8,DEF
50,0x005193D8,Time,34 49 4D 45 FF 00 00 00 00 00 00 00 00 00 00 00 00 00 00 00,20,4,DEF
51,0x005193EC,Gil,27 49 4C FF 00 00 00 00 00 00 00 00 00 00 00 00 00 00 00 00,20,3,DEF
52,0x00519400,next level,4E 45 58 54 00 4C 45 56 45 4C FF 00 00 00 00 00 00 00 00 00,20,10,DEF
53,0x00519414,Limit level,2C 49 4D 49 54 00 4C 45 56 45 4C FF 00 00 00 00 00 00 00 00,20,11,DEF
54,0x00519428,Tutorial,34 55 54 4F 52 49 41 4C FF 00 00 00 00 00 00 00 00 00 00 00,20,8,DEF
55,0x00519450,LEVEL UP,2C 25 36 25 2C 00 35 30 FF 00 00 00 00 00 00 00 00 00 00 00,20,8,DEF
56,0x00519464,Fury,26 55 52 59 FF 00 00 00 00 00 00 00 00 00 00 00 00 00 00 00,20,4,DEF
57,0x00519478,Sadness,33 41 44 4E 45 53 53 FF 00 00 00 00 00 00 00 00 00 00 00 00,20,7,DEF
58,0x005196B0,Press [CANCEL] to end.,30 52 45 53 53 00 3B 23 21 2E 23 25 2C 3D 00 54 4F 00 45 4E 44 0E FF 00 00 00 00 00 00 00 00 00 00 00 00 00 00 00 00 00 00 00 00 00 00 00 00 00 00 00,50,22,DEF
59,0x005196E2,Press [OK] to configure a key.,30 52 45 53 53 00 3B 2F 2B 3D 00 54 4F 00 43 4F 4E 46 49 47 55 52 45 00 41 00 4B 45 59 0E FF 00 00 00 00 00 00 00 00 00 00 00 00 00 00 00 00 00 00 00,50,30,DEF
60,0x00519714,Now press the new key.,2E 4F 57 00 50 52 45 53 53 00 54 48 45 00 4E 45 57 00 4B 45 59 0E FF 00 00 00 00 00 00 00 00 00 00 00 00 00 00 00 00 00 00 00 00 00 00 00 00 00 00 00,50,22,DEF
61,0x00519746,[OK],3B 2F 2B 3D FF 00 00 00 00 00 00 00 00 00 00 00 00 00 00 00 00 00 00 00 00 00 00 00 00 00 00 00 00 00 00 00 00 00 00 00 00 00 00 00 00 00 00 00 00 00,50,4,DEF
62,0x00519778,[CANCEL],3B 23 21 2E 23 25 2C 3D FF 00 00 00 00 00 00 00 00 00 00 00 00 00 00 00 00 00 00 00 00 00 00 00 00 00 00 00 00 00 00 00 00 00 00 00 00 00 00 00 00 00,50,8,DEF
63,0x005197AA,[MENU],3B 2D 25 2E 35 3D FF 00 00 00 00 00 00 00 00 00 00 00 00 00 00 00 00 00 00 00 00 00 00 00 00 00 00 00 00 00 00 00 00 00 00 00 00 00 00 00 00 00 00 00,50,6,DEF
64,0x005197DC,[SWITCH],3B 33 37 29 34 23 28 3D FF 00 00 00 00 00 00 00 00 00 00 00 00 00 00 00 00 00 00 00 00 00 00 00 00 00 00 00 00 00 00 00 00 00 00 00 00 00 00 00 00 00,50,8,DEF
65,0x0051980E,[PAGEUP],3B 30 21 27 25 35 30 3D FF 00 00 00 00 00 00 00 00 00 00 00 00 00 00 00 00 00 00 00 00 00 00 00 00 00 00 00 00 00 00 00 00 00 00 00 00 00 00 00 00 00,50,8,DEF
66,0x00519840,[PAGEDOWN],3B 30 21 27 25 24 2F 37 2E 3D FF 00 00 00 00 00 00 00 00 00 00 00 00 00 00 00 00 00 00 00 00 00 00 00 00 00 00 00 00 00 00 00 00 00 00 00 00 00 00 00,50,10,DEF
67,0x00519872,[CAMERA],3B 23 21 2D 25 32 21 3D FF 00 00 00 00 00 00 00 00 00 00 00 00 00 00 00 00 00 00 00 00 00 00 00 00 00 00 00 00 00 00 00 00 00 00 00 00 00 00 00 00 00,50,8,DEF
68,0x005198A4,[TARGET],3B 34 21 32 27 25 34 3D FF 00 00 00 00 00 00 00 00 00 00 00 00 00 00 00 00 00 00 00 00 00 00 00 00 00 00 00 00 00 00 00 00 00 00 00 00 00 00 00 00 00,50,8,DEF
69,0x005198D6,[ASSIST],3B 21 33 33 29 33 34 3D FF 00 00 00 00 00 00 00 00 00 00 00 00 00 00 00 00 00 00 00 00 00 00 00 00 00 00 00 00 00 00 00 00 00 00 00 00 00 00 00 00 00,50,8,DEF
70,0x00519908,[START],3B 33 34 21 32 34 3D FF 00 00 00 00 00 00 00 00 00 00 00 00 00 00 00 00 00 00 00 00 00 00 00 00 00 00 00 00 00 00 00 00 00 00 00 00 00 00 00 00 00 00,50,7,DEF
71,0x0051993A,[UP],3B 35 30 3D FF 00 00 00 00 00 00 00 00 00 00 00 00 00 00 00 00 00 00 00 00 00 00 00 00 00 00 00 00 00 00 00 00 00 00 00 00 00 00 00 00 00 00 00 00 00,50,4,DEF
72,0x0051996C,[DOWN],3B 24 2F 37 2E 3D FF 00 00 00 00 00 00 00 00 00 00 00 00 00 00 00 00 00 00 00 00 00 00 00 00 00 00 00 00 00 00 00 00 00 00 00 00 00 00 00 00 00 00 00,50,6,DEF
73,0x0051999E,[LEFT],3B 2C 25 26 34 3D FF 00 00 00 00 00 00 00 00 00 00 00 00 00 00 00 00 00 00 00 00 00 00 00 00 00 00 00 00 00 00 00 00 00 00 00 00 00 00 00 00 00 00 00,50,6,DEF
74,0x005199D0,[RIGHT],3B 32 29 27 28 34 3D FF 00 00 00 00 00 00 00 00 00 00 00 00 00 00 00 00 00 00 00 00 00 00 00 00 00 00 00 00 00 00 00 00 00 00 00 00 00 00 00 00 00 00,50,7,DEF
75,0x00519A02,KEYBOARD,2B 25 39 22 2F 21 32 24 FF 00 00 00 00 00 00 00 00 00 00 00 00 00 00 00 00 00 00 00 00 00 00 00 00 00 00 00 00 00 00 00 00 00 00 00 00 00 00 00 00 00,50,8,DEF
76,0x00519A34,JOYSTICK,2A 2F 39 33 34 29 23 2B FF 00 00 00 00 00 00 00 00 00 00 00 00 00 00 00 00 00 00 00 00 00 00 00 00 00 00 00 00 00 00 00 00 00 00 00 00 00 00 00 00 00,50,8,DEF
77,0x00519FE0,ESCAPE,45 53 43 41 50 45 00 00,8,6,RGB
78,0x00519FE8,1,31 00 00 00,4,1,RGB
79,0x00519FEC,2,32 00 00 00,4,1,RGB
80,0x00519FF0,3,33 00 00 00,4,1,RGB
81,0x00519FF4,4,34 00 00 00,4,1,RGB
82,0x00519FF8,5,35 00 00 00,4,1,RGB
83,0x00519FFC,6,36 00 00 00,4,1,RGB
84,0x0051A000,7,37 00 00 00,4,1,RGB
85,0x0051A004,8,38 00 00 00,4,1,RGB
86,0x0051A008,9,39 00 00 00,4,1,RGB
87,0x0051A00C,0,30 00 00 00,4,1,RGB
88,0x0051A010,MINUS,4D 49 4E 55 53 00 00 00,8,5,RGB
89,0x0051A018,EQUALS,45 51 55 41 4C 53 00 00,8,6,RGB
90,0x0051A020,BACK SPACE,42 41 43 4B 20 53 50 41 43 45 00 00,12,10,RGB
91,0x0051A02C,TAB,54 41 42 00,4,3,RGB
92,0x0051A030,Q,51 00 00 00,4,1,RGB
93,0x0051A034,W,57 00 00 00,4,1,RGB
94,0x0051A038,E,45 00 00 00,4,1,RGB
95,0x0051A03C,R,52 00 00 00,4,1,RGB
96,0x0051A040,T,54 00 00 00,4,1,RGB
97,0x0051A044,Y,59 00 00 00,4,1,RGB
98,0x0051A048,U,55 00 00 00,4,1,RGB
99,0x0051A04C,I,49 00 00 00,4,1,RGB
100,0x0051A050,O,4F 00 00 00,4,1,RGB
101,0x0051A054,P,50 00 00 00,4,1,RGB
102,0x0051A058,LEFT BRACKET,4C 45 46 54 20 42 52 41 43 4B 45 54 00 00 00 00,16,12,RGB
103,0x0051A068,RIGHT BRACKET,52 49 47 48 54 20 42 52 41 43 4B 45 54 00 00 00,16,13,RGB
104,0x0051A078,RETURN,52 45 54 55 52 4E 00 00,8,6,RGB
105,0x0051A080,LEFT CONTROL,4C 45 46 54 20 43 4F 4E 54 52 4F 4C 00 00 00 00,16,12,RGB
106,0x0051A090,A,41 00 00 00,4,1,RGB
107,0x0051A094,S,53 00 00 00,4,1,RGB
108,0x0051A098,D,44 00 00 00,4,1,RGB
109,0x0051A09C,F,46 00 00 00,4,1,RGB
110,0x0051A0A0,G,47 00 00 00,4,1,RGB
111,0x0051A0A4,H,48 00 00 00,4,1,RGB
112,0x0051A0A8,J,4A 00 00 00,4,1,RGB
113,0x0051A0AC,K,4B 00 00 00,4,1,RGB
114,0x0051A0B0,L,4C 00 00 00,4,1,RGB
115,0x0051A0B4,SEMICOLON,53 45 4D 49 43 4F 4C 4F 4E 00 00 00,12,9,RGB
116,0x0051A0C0,APOSTROPHE,41 50 4F 53 54 52 4F 50 48 45 00 00,12,10,RGB
117,0x0051A0CC,GRAVE,47 52 41 56 45 00 00 00,8,5,RGB
118,0x0051A0D4,LEFT SHIFT,4C 45 46 54 20 53 48 49 46 54 00 00,12,10,RGB
119,0x0051A0E0,BACK SLASH,42 41 43 4B 20 53 4C 41 53 48 00 00,12,10,RGB
120,0x0051A0EC,Z,5A 00 00 00,4,1,RGB
121,0x0051A0F0,X,58 00 00 00,4,1,RGB
122,0x0051A0F4,C,43 00 00 00,4,1,RGB
123,0x0051A0F8,V,56 00 00 00,4,1,RGB
124,0x0051A0FC,B,42 00 00 00,4,1,RGB
125,0x0051A100,N,4E 00 00 00,4,1,RGB
126,0x0051A104,M,4D 00 00 00,4,1,RGB
127,0x0051A108,COMMA,43 4F 4D 4D 41 00 00 00,8,5,RGB
128,0x0051A110,PERIOD,50 45 52 49 4F 44 00 00,8,6,RGB
129,0x0051A118,SLASH,53 4C 41 53 48 00 00 00,8,5,RGB
130,0x0051A120,RIGHT SHIFT,52 49 47 48 54 20 53 48 49 46 54 00,12,11,RGB
131,0x0051A12C,MULTIPLY,4D 55 4C 54 49 50 4C 59 00 00 00 00,12,8,RGB
132,0x0051A138,LEFT ALT,4C 45 46 54 20 41 4C 54 00 00 00 00,12,8,RGB
133,0x0051A144,SPACE,53 50 41 43 45 00 00 00,8,5,RGB
134,0x0051A14C,CAPS LOCK,43 41 50 53 20 4C 4F 43 4B 00 00 00,12,9,RGB
135,0x0051A158,F1,46 31 00 00,4,2,RGB
136,0x0051A15C,F2,46 32 00 00,4,2,RGB
137,0x0051A160,F3,46 33 00 00,4,2,RGB
138,0x0051A164,F4,46 34 00 00,4,2,RGB
139,0x0051A168,F5,46 35 00 00,4,2,RGB
140,0x0051A16C,F6,46 36 00 00,4,2,RGB
141,0x0051A170,F7,46 37 00 00,4,2,RGB
142,0x0051A174,F8,46 38 00 00,4,2,RGB
143,0x0051A178,F9,46 39 00 00,4,2,RGB
144,0x0051A17C,F10,46 31 30 00,4,3,RGB
145,0x0051A180,NUMLOCK,4E 55 4D 4C 4F 43 4B 00,8,7,RGB
146,0x0051A188,SCROLL,53 43 52 4F 4C 4C 00 00,8,6,RGB
147,0x0051A190,NUMPAD7,4E 55 4D 50 41 44 37 00,8,7,RGB
148,0x0051A198,NUMPAD8,4E 55 4D 50 41 44 38 00,8,7,RGB
149,0x0051A1A0,NUMPAD9,4E 55 4D 50 41 44 39 00,8,7,RGB
150,0x0051A1A8,SUBTRACT,53 55 42 54 52 41 43 54 00 00 00 00,12,8,RGB
151,0x0051A1B4,NUMPAD4,4E 55 4D 50 41 44 34 00,8,7,RGB
152,0x0051A1BC,NUMPAD5,4E 55 4D 50 41 44 35 00,8,7,RGB
153,0x0051A1C4,NUMPAD6,4E 55 4D 50 41 44 36 00,8,7,RGB
154,0x0051A1CC,ADD,41 44 44 00,4,3,RGB
155,0x0051A1D0,NUMPAD1,4E 55 4D 50 41 44 31 00,8,7,RGB
156,0x0051A1D8,NUMPAD2,4E 55 4D 50 41 44 32 00,8,7,RGB
157,0x0051A1E0,NUMPAD3,4E 55 4D 50 41 44 33 00,8,7,RGB
158,0x0051A1E8,NUMPAD0,4E 55 4D 50 41 44 30 00,8,7,RGB
159,0x0051A1F0,DECIMAL,44 45 43 49 4D 41 4C 00,8,7,RGB
160,0x0051A210,F11,46 31 31 00,4,3,RGB
161,0x0051A214,F12,46 31 32 00,4,3,RGB
162,0x0051A270,F13,46 31 33 00,4,3,RGB
163,0x0051A274,F14,46 31 34 00,4,3,RGB
164,0x0051A278,F15,46 31 35 00,4,3,RGB
165,0x0051A2C4,KANA,4B 41 4E 41 00 00 00 00,8,4,RGB
166,0x0051A30C,CONVERT,43 4F 4E 56 45 52 54 00,8,7,RGB
167,0x0051A31C,NOCONVERT,4E 4F 43 4F 4E 56 45 52 54 00 00 00,12,9,RGB
168,0x0051A330,YEN,59 45 4E 00,4,3,RGB
169,0x0051A3AC,NUMPADEQUALS,4E 55 4D 50 41 44 45 51 55 41 4C 53 00 00 00 00,16,12,RGB
170,0x0051A3CC,CIRCUMFLEX,43 49 52 43 55 4D 46 4C 45 58 00 00,12,10,RGB
171,0x0051A3D8,AT,41 54 00 00,4,2,RGB
172,0x0051A3DC,COLON,43 4F 4C 4F 4E 00 00 00,8,5,RGB
173,0x0051A3E4,UNDERLINE,55 4E 44 45 52 4C 49 4E 45 00 00 00,12,9,RGB
174,0x0051A3F0,KANJI,4B 41 4E 4A 49 00 00 00,8,5,RGB
175,0x0051A3F8,STOP,53 54 4F 50 00 00 00 00,8,4,RGB
176,0x0051A400,AX,41 58 00 00,4,2,RGB
177,0x0051A404,UNLABELED,55 4E 4C 41 42 45 4C 45 44 00 00 00,12,9,RGB
178,0x0051A430,NUMPADENTER,4E 55 4D 50 41 44 45 4E 54 45 52 00,12,11,RGB
179,0x0051A43C,RIGHT CONTROL,52 49 47 48 54 20 43 4F 4E 54 52 4F 4C 00 00 00,16,13,RGB
180,0x0051A4F4,NUMPADCOMMA,4E 55 4D 50 41 44 43 4F 4D 4D 41 00,12,11,RGB
181,0x0051A508,DIVIDE,44 49 56 49 44 45 00 00,8,6,RGB
182,0x0051A518,SYSRQ,53 59 53 52 51 00 00 00,8,5,RGB
183,0x0051A520,RIGHT ALT,52 49 47 48 54 20 41 4C 54 00 00 00,12,9,RGB
184,0x0051A59C,HOME,48 4F 4D 45 00 00 00 00,8,4,RGB
185,0x0051A5A4,UP,55 50 00 00,4,2,RGB
186,0x0051A5A8,PAGE UP,50 41 47 45 20 55 50 00,8,7,RGB
187,0x0051A5B8,LEFT,4C 45 46 54 00 00 00 00,8,4,RGB
188,0x0051A5C8,RIGHT,52 49 47 48 54 00 00 00,8,5,RGB
189,0x0051A5D8,END,45 4E 44 00,4,3,RGB
190,0x0051A5DC,DOWN,44 4F 57 4E 00 00 00 00,8,4,RGB
191,0x0051A5E4,PAGE DOWN,50 41 47 45 20 44 4F 57 4E 00 00 00,12,9,RGB
192,0x0051A5F0,INSERT,49 4E 53 45 52 54 00 00,8,6,RGB
193,0x0051A5F8,DELETE,44 45 4C 45 54 45 00 00,8,6,RGB
194,0x0051A638,LEFT WIN,4C 45 46 54 20 57 49 4E 00 00 00 00,12,8,RGB
195,0x0051A644,RIGHT WIN,52 49 47 48 54 20 57 49 4E 00 00 00,12,9,RGB
196,0x0051A650,APPS,41 50 50 53 00 00 00 00,8,4,RGB
197,0x0051A660,MOUSE_B1,4D 4F 55 53 45 5F 42 31 00 00 00 00,12,8,RGB
198,0x0051A66C,MOUSE_B2,4D 4F 55 53 45 5F 42 32 00 00 00 00,12,8,RGB
199,0x0051A678,MOUSE_B3,4D 4F 55 53 45 5F 42 33 00 00 00 00,12,8,RGB
200,0x0051A68C,UP,55 50 00 00,4,2,RGB
201,0x0051A690,DOWN,44 4F 57 4E 00 00 00 00,8,4,RGB
202,0x0051A698,LEFT,4C 45 46 54 00 00 00 00,8,4,RGB
203,0x0051A6A0,RIGHT,52 49 47 48 54 00 00 00,8,5,RGB
204,0x0051A6C8,BUTTON 1,42 55 54 54 4F 4E 20 31 00 00 00 00,12,8,RGB
205,0x0051A6D4,BUTTON 2,42 55 54 54 4F 4E 20 32 00 00 00 00,12,8,RGB
206,0x0051A6E0,BUTTON 3,42 55 54 54 4F 4E 20 33 00 00 00 00,12,8,RGB
207,0x0051A6EC,BUTTON 4,42 55 54 54 4F 4E 20 34 00 00 00 00,12,8,RGB
208,0x0051A6F8,BUTTON 5,42 55 54 54 4F 4E 20 35 00 00 00 00,12,8,RGB
209,0x0051A704,BUTTON 6,42 55 54 54 4F 4E 20 36 00 00 00 00,12,8,RGB
210,0x0051A710,BUTTON 7,42 55 54 54 4F 4E 20 37 00 00 00 00,12,8,RGB
211,0x0051A71C,BUTTON 8,42 55 54 54 4F 4E 20 38 00 00 00 00,12,8,RGB
212,0x0051A728,button@Y,42 55 54 54 4F 4E 20 39 00 00 00 00,12,8,DEF
213,0x0051A734,button@QP,42 55 54 54 4F 4E 20 31 30 00 00 00,12,9,DEF
214,0x0051D1E0,Pause,30 41 55 53 45 FF 00 00,8,5,DEF
215,0x0051D23C,Sleep,33 4C 45 45 50 FF 00 00 00 00,10,5,DEF
216,0x0051D246,Poison,30 4F 49 53 4F 4E FF 00 00 00,10,6,DEF
217,0x0051D250,Sadness,33 41 44 4E 45 53 53 FF 00 00,10,7,DEF
218,0x0051D25A,Fury,26 55 52 59 FF 00 00 00 00 00,10,4,DEF
219,0x0051D264,Confusion,23 4F 4E 46 55 53 49 4F 4E FF,10,9,DEF
220,0x0051D26E,Silence,33 49 4C 45 4E 43 45 FF 00 00,10,7,DEF
221,0x0051D278,Haste,28 41 53 54 45 FF 00 00 00 00,10,5,DEF
222,0x0051D282,Slow,33 4C 4F 57 FF 00 00 00 00 00,10,4,DEF
223,0x0051D28C,Stop,33 54 4F 50 FF 00 00 00 00 00,10,4,DEF
224,0x0051D2B4,Petrify,30 45 54 52 49 46 59 FF 00 00,10,7,DEF
225,0x0051D2BE,Regen,32 45 47 45 4E FF 00 00 00 00 FF,11,5,DEF
226,0x0051D2DC,Reflect,32 45 46 4C 45 43 54 FF 00 00,10,7,DEF
227,0x0051D2F0,Shield,33 48 49 45 4C 44 FF 00 00 00,10,6,DEF
228,0x0051D30E,Berserk,22 45 52 53 45 52 4B FF 00 00,10,7,DEF
229,0x0051D318,Peerless,30 45 45 52 4C 45 53 53 FF 00,10,8,DEF
230,0x0051D322,Paralyze,30 41 52 41 4C 59 5A 45 FF 00,10,8,DEF
231,0x0051D32C,Darkness,24 41 52 4B 4E 45 53 53 FF 00,10,8,DEF
232,0x0051D3A0,How much will you raise?,28 4F 57 00 4D 55 43 48 00 57 49 4C 4C 00 59 4F 55 00 52 41 49 53 45 1F FF 00 00 00,28,24,DEF
233,0x0051D3BC,Gil,27 49 4C FF,4,3,DEF
234,0x0051D3C0,After,21 46 54 45 52 FF 00 00,8,5,DEF
235,0x0051D3C8,Gil on hand,27 49 4C 00 4F 4E 00 48 41 4E 44 FF 00 00 00 00,16,11,DEF
236,0x0051D588,Keep goin'?,2B 45 45 50 00 47 4F 49 4E 07 1F FF 00 00 00 00,16,11,DEF
237,0x0051D598,Of course!     No way!,2F 46 00 43 4F 55 52 53 45 01 00 00 00 00 00 2E 4F 00 57 41 59 01 FF 00,24,22,DEF
238,0x0051D5B0,Current Battle Points,23 55 52 52 45 4E 54 00 22 41 54 54 4C 45 00 30 4F 49 4E 54 53 FF,22,21,DEF
239,0x0051D5C6,Slot start!,33 4C 4F 54 00 53 54 41 52 54 01 FF 00 00 00 00 00 00 00 00 00 00,22,11,DEF
240,0x0051D5DC,GREAT!!,27 32 25 21 34 01 01 FF 00 00 00 00 00 00 00 00 00 00 00 00 00 00,22,7,DEF
241,0x0051D608,"Then, go for it!",34 48 45 4E 0C 00 47 4F 00 46 4F 52 00 49 54 01 FF 00 00 00 00 00 00 00 00 00 00 00 00 00 00 00,32,16,DEF
242,0x0051D628,Magic Materia is broken.,2D 41 47 49 43 00 2D 41 54 45 52 49 41 00 49 53 00 42 52 4F 4B 45 4E 0E FF 00 00 00 00 00 00 00,32,24,DEF
243,0x0051D648,Summon Materia is broken.,33 55 4D 4D 4F 4E 00 2D 41 54 45 52 49 41 00 49 53 00 42 52 4F 4B 45 4E 0E FF 00 00 00 00 00 00,32,25,DEF
244,0x0051D668,Support Materia is broken.,33 55 50 50 4F 52 54 00 2D 41 54 45 52 49 41 00 49 53 00 42 52 4F 4B 45 4E 0E FF 00 00 00 00 00,32,26,DEF
245,0x0051D688,Independent Materia is broken.,29 4E 44 45 50 45 4E 44 45 4E 54 00 2D 41 54 45 52 49 41 00 49 53 00 42 52 4F 4B 45 4E 0E FF 00,32,30,DEF
246,0x0051D6A8,Command Materia is broken.,23 4F 4D 4D 41 4E 44 00 2D 41 54 45 52 49 41 00 49 53 00 42 52 4F 4B 45 4E 0E FF 00 00 00 00 00,32,26,DEF
247,0x0051D6C8,All Materia is broken.,21 4C 4C 00 2D 41 54 45 52 49 41 00 49 53 00 42 52 4F 4B 45 4E 0E FF 00 00 00 00 00 00 00 00 00,32,22,DEF
248,0x0051D6E8,Accessory is broken.,21 43 43 45 53 53 4F 52 59 00 49 53 00 42 52 4F 4B 45 4E 0E FF 00 00 00 00 00 00 00 00 00 00 00,32,20,DEF
249,0x0051D708,Item command is sealed.,29 54 45 4D 00 43 4F 4D 4D 41 4E 44 00 49 53 00 53 45 41 4C 45 44 0E FF 00 00 00 00 00 00 00 00,32,23,DEF
250,0x0051D728,Armor is broken.,21 52 4D 4F 52 00 49 53 00 42 52 4F 4B 45 4E 0E FF 00 00 00 00 00 00 00 00 00 00 00 00 00 00 00,32,16,DEF
251,0x0051D748,Weapon is broken.,37 45 41 50 4F 4E 00 49 53 00 42 52 4F 4B 45 4E 0E FF 00 00 00 00 00 00 00 00 00 00 00 00 00 00,32,17,DEF
252,0x0051D768,1/2 speed.,11 0F 12 00 53 50 45 45 44 0E FF 00 00 00 00 00 00 00 00 00 00 00 00 00 00 00 00 00 00 00 00 00,32,10,DEF
253,0x0051D788,1/2 accuracy.,11 0F 12 00 41 43 43 55 52 41 43 59 0E FF 00 00 00 00 00 00 00 00 00 00 00 00 00 00 00 00 00 00,32,13,DEF
254,0x0051D7A8,Minimum,2D 49 4E 49 4D 55 4D FF 00 00 00 00 00 00 00 00 00 00 00 00 00 00 00 00 00 00 00 00 00 00 00 00,32,7,DEF
255,0x0051D7C8,Poison,30 4F 49 53 4F 4E FF 00 00 00 00 00 00 00 00 00 00 00 00 00 00 00 00 00 00 00 00 00 00 00 00 00,32,6,DEF
256,0x0051D7E8,Toad,34 4F 41 44 FF 00 00 00 00 00 00 00 00 00 00 00 00 00 00 00 00 00 00 00 00 00 00 00 00 00 00 00,32,4,DEF
257,0x0051D808,Time x30 damage.,34 49 4D 45 00 58 13 10 00 44 41 4D 41 47 45 0E FF 00 00 00 00 00 00 00 00 00 00 00 00 00 00 00,32,16,DEF
258,0x0051D828,Down 5 levels.,24 4F 57 4E 00 15 00 4C 45 56 45 4C 53 0E FF 00 00 00 00 00 00 00 00 00 00 00 00 00 00 00 00 00,32,14,DEF
259,0x0051D848,Down 10 levels.,24 4F 57 4E 00 11 10 00 4C 45 56 45 4C 53 0E FF 00 00 00 00 00 00 00 00 00 00 00 00 00 00 00 00,32,15,DEF
260,0x0051D868,1/2 HP.,11 0F 12 00 28 30 0E FF 00 00 00 00 00 00 00 00 00 00 00 00 00 00 00 00 00 00 00 00 00 00 00 00,32,7,DEF
261,0x0051D888,1/2 MP.,11 0F 12 00 2D 30 0E FF 00 00 00 00 00 00 00 00 00 00 00 00 00 00 00 00 00 00 00 00 00 00 00 00,32,7,DEF
262,0x0051D8A8,1/2 HP&MP.,11 0F 12 00 28 30 06 2D 30 0E FF 00 00 00 00 00 00 00 00 00 00 00 00 00 00 00 00 00 00 00 00 00,32,10,DEF
263,0x0051D8C8,Zero MP.,3A 45 52 4F 00 2D 30 0E FF 00 00 00 00 00 00 00 00 00 00 00 00 00 00 00 00 00 00 00 00 00 00 00,32,8,DEF
264,0x0051D8E8,Yesss! No handicapp!,39 45 53 53 53 01 00 2E 4F 00 48 41 4E 44 49 43 41 50 50 01 FF 00 00 00 00 00 00 00 00 00 00 00,32,20,DEF
265,0x0051D908,HP restored.,28 30 00 52 45 53 54 4F 52 45 44 0E FF 00 00 00 00 00 00 00 00 00 00 00 00 00 00 00 00 00 00 00,32,12,DEF
266,0x0051D928,Worried about the other members?,37 4F 52 52 49 45 44 00 41 42 4F 55 54 00 54 48 45 00 4F 54 48 45 52 00 4D 45 4D 42 45 52 53 1F FF 00,34,32,DEF
267,0x0051D94A,"Yeah, a little",39 45 41 48 0C 00 41 00 4C 49 54 54 4C 45 FF 00 00 00 00 00 00 00 00 00 00 00 00 00 00 00 00 00 00 00,34,14,DEF
268,0x0051D96C,Not really,2E 4F 54 00 52 45 41 4C 4C 59 FF 00 00 00 00 00 00 00 00 00 00 00 00 00 00 00 00 00 00 00 00 00 00 00,34,10,DEF
269,0x0051DAE0,Save,33 41 56 45 FF 00 00 00,8,4,DEF
270,0x0051DB40,Reform,32 45 46 4F 52 4D FF 00 00 00 00 00 00 00 00 00 00 00 00 00 00 00 00 00 00 00 00 00 00 00 00 00 00 00 00 00 00 00,38,6,DEF
271,0x0051DB66,Split your allies into two groups.,33 50 4C 49 54 00 59 4F 55 52 00 41 4C 4C 49 45 53 00 49 4E 54 4F 00 54 57 4F 00 47 52 4F 55 50 53 0E FF 00 00 00,38,34,DEF
272,0x0051DB8C,Split your allies into three groups.,33 50 4C 49 54 00 59 4F 55 52 00 41 4C 4C 49 45 53 00 49 4E 54 4F 00 54 48 52 45 45 00 47 52 4F 55 50 53 0E FF 00,38,36,DEF
273,0x0051DBB2,Please make a party of two.,30 4C 45 41 53 45 00 4D 41 4B 45 00 41 00 50 41 52 54 59 00 4F 46 00 54 57 4F 0E FF 00 00 00 00 00 00 00 00 00 00,38,27,DEF
274,0x0051DBD8,Please make a party of three.,30 4C 45 41 53 45 00 4D 41 4B 45 00 41 00 50 41 52 54 59 00 4F 46 00 54 48 52 45 45 0E FF 00 00 00 00 00 00 00 00,38,29,DEF
275,0x0051DBFE,Select with START button.,33 45 4C 45 43 54 00 57 49 54 48 00 33 34 21 32 34 00 42 55 54 54 4F 4E 0E FF 00 00 00 00 00 00 00 00 00 00 00 00,38,25,DEF
276,0x0051DE22,Wpn.,37 50 4E 0E FF 00 00 00 00 00 00 00 00 00 00 00 00 00 00 00 00 00,22,4,DEF
277,0x0051DE38,Arm.,21 52 4D 0E FF 00 00 00 00 00 00 00 00 00 00 00 00 00 00 00 00 00,22,4,DEF
278,0x0051DE4E,Acc.,21 43 43 0E FF 00 00 00 00 00 00 00 00 00 00 00 00 00 00 00 00 00,22,4,DEF
279,0x0051DED8,LEVEL 1,2C 25 36 25 2C 00 11 FF 00 00 00 00 00 00 00 00 00 00 00 00 00 00 00 00 00 00 00 00 00 00 00 00 00 00 00 00,36,7,DEF
280,0x0051DEFC,LEVEL 2,2C 25 36 25 2C 00 12 FF 00 00 00 00 00 00 00 00 00 00 00 00 00 00 00 00 00 00 00 00 00 00 00 00 00 00 00 00,36,7,DEF
281,0x0051DF20,LEVEL 3,2C 25 36 25 2C 00 13 FF 00 00 00 00 00 00 00 00 00 00 00 00 00 00 00 00 00 00 00 00 00 00 00 00 00 00 00 00,36,7,DEF
282,0x0051DF44,LEVEL 4,2C 25 36 25 2C 00 14 FF 00 00 00 00 00 00 00 00 00 00 00 00 00 00 00 00 00 00 00 00 00 00 00 00 00 00 00 00,36,7,DEF
283,0x0051DF68,Set BREAK LEVEL.,33 45 54 00 22 32 25 21 2B 00 2C 25 36 25 2C 0E FF 00 00 00 00 00 00 00 00 00 00 00 00 00 00 00 00 00 00 00,36,16,DEF
284,0x0051DF8C,Set,33 45 54 FF 00 00 00 00 00 00 00 00 00 00 00 00 00 00 00 00 00 00 00 00 00 00 00 00 00 00 00 00 00 00 00 00,36,3,DEF
285,0x0051DFB0,Check,23 48 45 43 4B FF 00 00 00 00 00 00 00 00 00 00 00 00 00 00 00 00 00 00 00 00 00 00 00 00 00 00 00 00 00 00,36,5,DEF
286,0x0051DFD4,"To change BREAK LEVEL,",34 4F 00 43 48 41 4E 47 45 00 22 32 25 21 2B 00 2C 25 36 25 2C 0C FF 00 00 00 00 00 00 00 00 00 00 00 00 00,36,22,DEF
287,0x0051DFF8,it will begin from Limit Point 0.,49 54 00 57 49 4C 4C 00 42 45 47 49 4E 00 46 52 4F 4D 00 2C 49 4D 49 54 00 30 4F 49 4E 54 00 10 0E FF 00 00,36,33,DEF
288,0x0051E01C,Change BREAK LEVEL?,23 48 41 4E 47 45 00 22 32 25 21 2B 00 2C 25 36 25 2C 1F FF 00 00 00 00 00 00 00 00 00 00 00 00 00 00 00 00,36,19,DEF
289,0x0051E040,Yes,39 45 53 FF 00 00 00 00 00 00 00 00 00 00 00 00 00 00 00 00 00 00 00 00 00 00 00 00 00 00 00 00 00 00 00 00,36,3,DEF
290,0x0051E064,No,2E 4F FF 00 00 00 00 00 00 00 00 00 00 00 00 00 00 00 00 00 00 00 00 00 00 00 00 00 00 00 00 00 00 00 00 00,36,2,DEF
291,0x0051E088,Limit set!,2C 49 4D 49 54 00 53 45 54 01 FF 00 00 00 00 00 00 00 00 00 00 00 00 00 00 00 00 00 00 00 00 00 00 00 00 00,36,10,DEF
292,0x0051E0AC,Select LEVEL.,33 45 4C 45 43 54 00 2C 25 36 25 2C 0E FF 00 00 00 00 00 00 00 00 00 00 00 00 00 00 00 00 00 00 00 00 00 00,36,13,DEF
293,0x0051EF40,Fire,26 49 52 45 FF 00 00 00 00 00,10,4,DEF
294,0x0051EF4A,Ice,29 43 45 FF 00 00 00 00 00 00,10,3,DEF
295,0x0051EF54,Lightning,2C 49 47 48 54 4E 49 4E 47 FF,10,9,DEF
296,0x0051EF5E,Earth,25 41 52 54 48 FF 00 00 00 00,10,5,DEF
297,0x0051EF68,Poison,30 4F 49 53 4F 4E FF 00 00 00,10,6,DEF
298,0x0051EF72,Gravity,27 52 41 56 49 54 59 FF 00 00,10,7,DEF
299,0x0051EF7C,Water,37 41 54 45 52 FF 00 00 00 00,10,5,DEF
300,0x0051EF86,Wind,37 49 4E 44 FF 00 00 00 00 00,10,4,DEF
301,0x0051EF90,Holy,28 4F 4C 59 FF 00 00 00 00 00,10,4,DEF
302,0x0051EFA0,Death,24 45 41 54 48 FF 00 00 00 00 00 00 00 00 00 00 00 00 00 00,20,5,DEF
303,0x0051EFB4,Near-death,2E 45 41 52 0D 44 45 41 54 48 FF 00 00 00 00 00 00 00 00 00,20,10,DEF
304,0x0051EFC8,Sleep,33 4C 45 45 50 FF 00 00 00 00 00 00 00 00 00 00 00 00 00 00,20,5,DEF
305,0x0051EFDC,Poison,30 4F 49 53 4F 4E FF 00 00 00 00 00 00 00 00 00 00 00 00 00,20,6,DEF
306,0x0051EFF0,Sadness,33 41 44 4E 45 53 53 FF 00 00 00 00 00 00 00 00 00 00 00 00,20,7,DEF
307,0x0051F004,Fury,26 55 52 59 FF 00 00 00 00 00 00 00 00 00 00 00 00 00 00 00,20,4,DEF
308,0x0051F018,Confusion,23 4F 4E 46 55 53 49 4F 4E FF 00 00 00 00 00 00 00 00 00 00,20,9,DEF
309,0x0051F02C,Silence,33 49 4C 45 4E 43 45 FF 00 00 00 00 00 00 00 00 00 00 00 00,20,7,DEF
310,0x0051F040,Haste,28 41 53 54 45 FF 00 00 00 00 00 00 00 00 00 00 00 00 00 00,20,5,DEF
311,0x0051F054,Slow,33 4C 4F 57 FF 00 00 00 00 00 00 00 00 00 00 00 00 00 00 00,20,4,DEF
312,0x0051F068,Stop,33 54 4F 50 FF 00 00 00 00 00 00 00 00 00 00 00 00 00 00 00,20,4,DEF
313,0x0051F07C,Frog,26 52 4F 47 FF 00 00 00 00 00 00 00 00 00 00 00 00 00 00 00,20,4,DEF
314,0x0051F090,Small,33 4D 41 4C 4C FF 00 00 00 00 00 00 00 00 00 00 00 00 00 00,20,5,DEF
315,0x0051F0A4,Slow-numb,33 4C 4F 57 0D 4E 55 4D 42 FF 00 00 00 00 00 00 00 00 00 00,20,9,DEF
316,0x0051F0B8,Petrify,30 45 54 52 49 46 59 FF 00 00 00 00 00 00 00 00 00 00 00 00,20,7,DEF
317,0x0051F0CC,Regen,32 45 47 45 4E FF 00 00 00 00 00 00 00 00 00 00 00 00 00 00,20,5,DEF
318,0x0051F0E0,Barrier,22 41 52 52 49 45 52 FF 00 00 00 00 00 00 00 00 00 00 00 00,20,7,DEF
319,0x0051F0F4,MBarrier,2D 22 41 52 52 49 45 52 FF 00 00 00 00 00 00 00 00 00 00 00,20,8,DEF
320,0x0051F108,Reflect,32 45 46 4C 45 43 54 FF 00 00 00 00 00 00 00 00 00 00 00 00,20,7,DEF
321,0x0051F130,Shield,33 48 49 45 4C 44 FF 00 00 00 00 00 00 00 00 00 00 00 00 00,20,6,DEF
322,0x0051F144,Death-sentence,24 45 41 54 48 0D 53 45 4E 54 45 4E 43 45 FF 00 00 00 00 00,20,14,DEF
323,0x0051F158,Manipulate,2D 41 4E 49 50 55 4C 41 54 45 FF 00 00 00 00 00 00 00 00 00,20,10,DEF
324,0x0051F16C,Berserk,22 45 52 53 45 52 4B FF 00 00 00 00 00 00 00 00 00 00 00 00,20,7,DEF
325,0x0051F180,Peerless,30 45 45 52 4C 45 53 53 FF 00 00 00 00 00 00 00 00 00 00 00,20,8,DEF
326,0x0051F194,Paralyzed,30 41 52 41 4C 59 5A 45 44 FF 00 00 00 00 00 00 00 00 00 00,20,9,DEF
327,0x0051F1A8,Darkness,24 41 52 4B 4E 45 53 53 FF 00 00 00 00 00 00 00 00 00 00 00,20,8,DEF
328,0x0051F1C0,Element,25 4C 45 4D 45 4E 54 FF 00 00 00 00 00 00 00,15,7,DEF
329,0x0051F1CF,Effect,25 46 46 45 43 54 FF 00 00 00 00 00 00 00 00,15,6,DEF
330,0x0051F1DE,Attack,21 54 54 41 43 4B FF 00 00 00 00 00 00 00 00,15,6,DEF
331,0x0051F1ED,Defend,24 45 46 45 4E 44 FF 00 00 00 00 00 00 00 00,15,6,DEF
332,0x0051F1FC,Halve,28 41 4C 56 45 FF 00 00 00 00 00 00 00 00 00,15,5,DEF
333,0x0051F20B,Invalid,29 4E 56 41 4C 49 44 FF 00 00 00 00 00 00 00,15,7,DEF
334,0x0051F21A,Absorb,21 42 53 4F 52 42 FF 00 00 00 00 00 00 00 00,15,6,DEF
335,0x0051F256,Strength,33 54 52 45 4E 47 54 48 FF 00 00 00 00 00 00,15,8,DEF
336,0x0051F265,Dexterity,24 45 58 54 45 52 49 54 59 FF 00 00 00 00 00,15,9,DEF
337,0x0051F274,Vitality,36 49 54 41 4C 49 54 59 FF 00 00 00 00 00 00,15,8,DEF
338,0x0051F283,Magic,2D 41 47 49 43 FF 00 00 00 00 00 00 00 00 00,15,5,DEF
339,0x0051F292,Spirit,33 50 49 52 49 54 FF 00 00 00 00 00 00 00 00,15,6,DEF
340,0x0051F2A1,Luck,2C 55 43 4B FF 00 00 00 00 00 00 00 00 00 00,15,4,DEF
341,0x0051F2B0,Attack,21 54 54 41 43 4B FF 00 00 00 00 00 00 00 00,15,6,DEF
342,0x0051F2BF,Attack%,21 54 54 41 43 4B 05 FF 00 00 00 00 00 00 00,15,7,DEF
343,0x0051F2CE,Defense,24 45 46 45 4E 53 45 FF 00 00 00 00 00 00 00,15,7,DEF
344,0x0051F2DD,Defense%,24 45 46 45 4E 53 45 05 FF 00 00 00 00 00 00,15,8,DEF
345,0x0051F2EC,Magic atk,2D 41 47 49 43 00 41 54 4B FF 00 00 00 00 00,15,9,DEF
346,0x0051F2FB,Magic def,2D 41 47 49 43 00 44 45 46 FF 00 00 00 00 00,15,9,DEF
347,0x0051F30A,Magic def%,2D 41 47 49 43 00 44 45 46 05 FF 00 00 00 00,15,10,DEF
348,0x0051F319,Wpn:,37 50 4E 1A FF 00 00 00 00 00 00 00 00 00 00,15,4,DEF
349,0x0051F328,Arm:,21 52 4D 1A FF 00 00 00 00 00 00 00 00 00 00,15,4,DEF
350,0x0051F337,Acc:,21 43 43 1A FF 00 00 00 00 00 00 00 00 00 00,15,4,DEF
351,0x0051F346,Limit level:,2C 49 4D 49 54 00 4C 45 56 45 4C 1A FF 00 00,15,12,DEF
352,0x0051F3A8,Wpn.,37 50 4E 0E FF 00 00 00 00 00 00 00,12,4,DEF
353,0x0051F3B4,Arm.,21 52 4D 0E FF 00 00 00 00 00 00 00,12,4,DEF
354,0x0051F3C0,Acc.,21 43 43 0E FF 00 00 00 00 00 00 00,12,4,DEF
355,0x0051F420,Attack,21 54 54 41 43 4B FF 00 00 00 00 00,12,6,DEF
356,0x0051F42C,Attack %,21 54 54 41 43 4B 00 05 FF 00 00 00,12,8,DEF
357,0x0051F438,Defense,24 45 46 45 4E 53 45 FF 00 00 00 00,12,7,DEF
358,0x0051F444,Defense %,24 45 46 45 4E 53 45 00 05 FF 00 00,12,9,DEF
359,0x0051F450,Magic atk,2D 41 47 49 43 00 41 54 4B FF 00 00,12,9,DEF
360,0x0051F45C,Magic def,2D 41 47 49 43 00 44 45 46 FF 00 00,12,9,DEF
361,0x0051F468,Magic def%,2D 41 47 49 43 00 44 45 46 05 FF 00,12,10,DEF
362,0x0051F474,Slot,33 4C 4F 54 FF 00 00 00 00 00 00 00,12,4,DEF
363,0x0051F480,Growth,27 52 4F 57 54 48 FF 00 00 00 00 00,12,6,DEF
364,0x0051F48C,Nothing,2E 4F 54 48 49 4E 47 FF 00 00 00 00,12,7,DEF
365,0x0051F498,Normal,2E 4F 52 4D 41 4C FF 00 00 00 00 00,12,6,DEF
366,0x0051F4A4,Double,24 4F 55 42 4C 45 FF 00 00 00 00 00,12,6,DEF
367,0x0051F4B0,Triple,34 52 49 50 4C 45 FF 00 00 00 00 00,12,6,DEF
368,0x0051F518,Do you really want to remove this?,24 4F 00 59 4F 55 00 52 45 41 4C 4C 59 00 57 41 4E 54 00 54 4F 00 52 45 4D 4F 56 45 00 54 48 49 53 1F FF 00,36,34,DEF
369,0x0051F53C,I sure do!,29 00 53 55 52 45 00 44 4F 01 FF 00 00 00 00 00 00 00 00 00 00 00 00 00 00 00 00 00 00 00 00 00 00 00 00 00,36,10,DEF
370,0x0051F560,Wait a sec,37 41 49 54 00 41 00 53 45 43 FF 00 00 00 00 00 00 00 00 00 00 00 00 00 00 00 00 00 00 00 00 00 00 00 00 00,36,10,DEF
371,0x0051F584,Sephiroth[B2][A9][A9][B3],33 45 50 48 49 52 4F 54 48 B2 A9 A9 B3 FF 00 00 00 00 00 00 00 00 00 00 00 00 00 00 00 00 00 00 00 00 00 00,36,25,DEF
372,0x0051F5A8,Wpn.,37 50 4E 0E FF 00 00 00 00 00 00 00 00 00 00 00 00 00 00 00,20,4,DEF
373,0x0051F5BC,Arm.,21 52 4D 0E FF 00 00 00 00 00 00 00 00 00 00 00 00 00 00 00,20,4,DEF
374,0x0051F5D0,Ability list,21 42 49 4C 49 54 59 00 4C 49 53 54 FF 00 00 00 00 00 00 00,20,12,DEF
375,0x0051F5E4,Equip effect,25 51 55 49 50 00 45 46 46 45 43 54 FF 00 00 00 00 00 00 00,20,12,DEF
376,0x0051F5F8,Check,23 48 45 43 4B FF 00 00 00 00 00 00 00 00 00 00 00 00 00 00,20,5,DEF
377,0x0051F60C,Arrange,21 52 52 41 4E 47 45 FF 00 00 00 00 00 00 00 00 00 00 00 00,20,7,DEF
378,0x0051F634,AP,21 30 FF 00 00 00 00 00 00 00 00 00 00 00 00 00 00 00 00 00,20,2,DEF
379,0x0051F648,To next level,34 4F 00 4E 45 58 54 00 4C 45 56 45 4C FF 00 00 00 00 00 00,20,13,DEF
380,0x0051F65C,MASTER,2D 21 33 34 25 32 FF 00 00 00 00 00 00 00 00 00 00 00 00 00,20,6,DEF
381,0x0051F670,Arrange,21 52 52 41 4E 47 45 FF 00 00 00 00 00 00 00 00 00 00 00 00,20,7,DEF
382,0x0051F684,Exchange,25 58 43 48 41 4E 47 45 FF 00 00 00 00 00 00 00 00 00 00 00,20,8,DEF
383,0x0051F698,Remove all,32 45 4D 4F 56 45 00 41 4C 4C FF 00 00 00 00 00 00 00 00 00,20,10,DEF
384,0x0051F6AC,Trash,34 52 41 53 48 FF 00 00 00 00 00 00 00 00 00 00 00 00 00 00,20,5,DEF
385,0x0051F6D4,Dexterity,24 45 58 54 45 52 49 54 59 FF 00 00 00 00 00 00 00 00 00 00,20,9,DEF
386,0x0051F6E8,Cover,23 4F 56 45 52 FF 00 00 00 00 00 00 00 00 00 00 00 00 00 00,20,5,DEF
387,0x0051F6FC,Magic,2D 41 47 49 43 FF 00 00 00 00 00 00 00 00 00 00 00 00 00 00,20,5,DEF
388,0x0051F710,Luck,2C 55 43 4B FF 00 00 00 00 00 00 00 00 00 00 00 00 00 00 00,20,4,DEF
389,0x0051F724,MASTER,2D 21 33 34 25 32 FF 00 00 00 00 00 00 00 00 00 00 00 00 00,20,6,DEF
390,0x0051F738,Strength,33 54 52 45 4E 47 54 48 FF 00 00 00 00 00 00 00 00 00 00 00,20,8,DEF
391,0x0051F74C,Vitality,36 49 54 41 4C 49 54 59 FF 00 00 00 00 00 00 00 00 00 00 00,20,8,DEF
392,0x0051F760,Magic,2D 41 47 49 43 FF 00 00 00 00 00 00 00 00 00 00 00 00 00 00,20,5,DEF
393,0x0051F774,Magic def,2D 41 47 49 43 00 44 45 46 FF 00 00 00 00 00 00 00 00 00 00,20,9,DEF
394,0x0051F788,Dexterity,24 45 58 54 45 52 49 54 59 FF 00 00 00 00 00 00 00 00 00 00,20,9,DEF
395,0x0051F79C,Luck,2C 55 43 4B FF 00 00 00 00 00 00 00 00 00 00 00 00 00 00 00,20,4,DEF
396,0x0051F7B0,MaxHP,2D 41 58 28 30 FF 00 00 00 00 00 00 00 00 00 00 00 00 00 00,20,5,DEF
397,0x0051F7C4,MaxMP,2D 41 58 2D 30 FF 00 00 00 00 00 00 00 00 00 00 00 00 00 00,20,5,DEF
398,0x0051F7D8,MaxHPUP,2D 41 58 28 30 35 30 FF 00 00 00 00 00 00 00 00 00 00 00 00,20,7,DEF
399,0x0051F7EC,MaxMPUP,2D 41 58 2D 30 35 30 FF 00 00 00 00 00 00 00 00 00 00 00 00,20,7,DEF
400,0x0051F800,EXP.UP,25 38 30 0E 35 30 FF 00 00 00 00 00 00 00 00 00 00 00 00 00,20,6,DEF
401,0x0051F814,Gil UP,27 49 4C 00 35 30 FF 00 00 00 00 00 00 00 00 00 00 00 00 00,20,6,DEF
402,0x0051F828,Encount Down,25 4E 43 4F 55 4E 54 00 24 4F 57 4E FF 00 00 00 00 00 00 00,20,12,DEF
403,0x0051F83C,Encount Up,25 4E 43 4F 55 4E 54 00 35 50 FF 00 00 00 00 00 00 00 00 00,20,10,DEF
404,0x0051F850,Meet Chocobos,2D 45 45 54 00 23 48 4F 43 4F 42 4F 53 FF 00 00 00 00 00 00,20,13,DEF
405,0x0051F864,Pre-emptive,30 52 45 0D 45 4D 50 54 49 56 45 FF 00 00 00 00 00 00 00 00,20,11,DEF
406,0x0051F878,Long range attack,2C 4F 4E 47 00 52 41 4E 47 45 00 41 54 54 41 43 4B FF 00 00,20,17,DEF
407,0x0051F88C,Attack all,21 54 54 41 43 4B 00 41 4C 4C FF 00 00 00 00 00 00 00 00 00,20,10,DEF
408,0x0051F8A0,Counter attack,23 4F 55 4E 54 45 52 00 41 54 54 41 43 4B FF 00 00 00 00 00,20,14,DEF
409,0x0051F9E8,Magic,2D 41 47 49 43 FF 00 00 00 00 00 00 00 00 00 00 00 00 00 00,20,5,DEF
410,0x0051F9FC,Summon,33 55 4D 4D 4F 4E FF 00 00 00 00 00 00 00 00 00 00 00 00 00,20,6,DEF
411,0x0051FA10,Enemy-Skill,25 4E 45 4D 59 0D 33 4B 49 4C 4C FF 00 00 00 00 00 00 00 00,20,11,DEF
412,0x0051FA24,Added-Ability,21 44 44 45 44 0D 21 42 49 4C 49 54 59 FF 00 00 00 00 00 00,20,13,DEF
413,0x0051FA38,All,21 4C 4C FF 00 00 00 00 00 00 00 00 00 00 00 00 00 00 00 00,20,3,DEF
414,0x0051FA4C,4x-M,14 58 0D 2D FF 00 00 00 00 00 00 00 00 00 00 00 00 00 00 00,20,4,DEF
415,0x0051FA60,Absorb MP,21 42 53 4F 52 42 00 2D 30 FF 00 00 00 00 00 00 00 00 00 00,20,9,DEF
416,0x0051FA74,Absorb HP,21 42 53 4F 52 42 00 28 30 FF 00 00 00 00 00 00 00 00 00 00,20,9,DEF
417,0x0051FA9C,Steal as well,33 54 45 41 4C 00 41 53 00 57 45 4C 4C FF 00 00 00 00 00 00,20,13,DEF
418,0x0051FAB0,Extra cut,25 58 54 52 41 00 43 55 54 FF 00 00 00 00 00 00 00 00 00 00,20,9,DEF
419,0x0051FAC4,Turbo MP,34 55 52 42 4F 00 2D 30 FF 00 00 00 00 00 00 00 00 00 00 00,20,8,DEF
420,0x0051FAD8,Nothing.,2E 4F 54 48 49 4E 47 0E FF 00 00 00 00 00 00 00 00 00 00 00,20,8,DEF
421,0x0051FAEC,Not enough MP.,2E 4F 54 00 45 4E 4F 55 47 48 00 2D 30 0E FF 00 00 00 00 00,20,14,DEF
422,0x0051FB68,Use,35 53 45 FF 00 00 00 00 00 00 00 00,12,3,DEF
423,0x0051FB74,Arrange,21 52 52 41 4E 47 45 FF 00 00 00 00,12,7,DEF
424,0x0051FB80,Key Items,2B 45 59 00 29 54 45 4D 53 FF 00 00,12,9,DEF
425,0x0051FB8C,Customize,23 55 53 54 4F 4D 49 5A 45 FF 00 00,12,9,DEF
426,0x0051FB98,Field,26 49 45 4C 44 FF 00 00 00 00 00 00,12,5,DEF
427,0x0051FBA4,Battle,22 41 54 54 4C 45 FF 00 00 00 00 00,12,6,DEF
428,0x0051FBB0,Throw,34 48 52 4F 57 FF 00 00 00 00 00 00,12,5,DEF
429,0x0051FBBC,Type,34 59 50 45 FF 00 00 00 00 00 00 00,12,4,DEF
430,0x0051FBC8,Name,2E 41 4D 45 FF 00 00 00 00 00 00 00,12,4,DEF
431,0x0051FBD4,Most,2D 4F 53 54 FF 00 00 00 00 00 00 00,12,4,DEF
432,0x0051FBE0,Least,2C 45 41 53 54 FF 00 00 00 00 00 00,12,5,DEF
433,0x0051FBF0,OK! Got it!,2F 2B 01 00 27 4F 54 00 49 54 01 FF 00 00 00 00 00 00 00 00 00 00 00 00 00 00 00 00 00 00 00 00 00 00,34,11,DEF
434,0x0051FC12,I'm not sure but[A9],29 07 4D 00 4E 4F 54 00 53 55 52 45 00 42 55 54 A9 FF 00 00 00 00 00 00 00 00 00 00 00 00 00 00 00 00,34,20,DEF
435,0x0051FC34,Don't really care.,24 4F 4E 07 54 00 52 45 41 4C 4C 59 00 43 41 52 45 0E FF 00 00 00 00 00 00 00 00 00 00 00 00 00 00 00,34,18,DEF
436,0x0051FC56,Heh! No sweat!,28 45 48 01 00 2E 4F 00 53 57 45 41 54 01 FF 00 00 00 00 00 00 00 00 00 00 00 00 00 00 00 00 00 00 00,34,14,DEF
437,0x0051FC78,D-d-d-damn! My head hurts!,24 0D 44 0D 44 0D 44 41 4D 4E 01 00 2D 59 00 48 45 41 44 00 48 55 52 54 53 01 FF 00 00 00 00 00 00 00,34,26,DEF
438,0x0051FC9A,Got nuthin' to do with me!,27 4F 54 00 4E 55 54 48 49 4E 07 00 54 4F 00 44 4F 00 57 49 54 48 00 4D 45 01 FF 00 00 00 00 00 00 00,34,26,DEF
439,0x0051FCBC,"Hmm, so that's it.",28 4D 4D 0C 00 53 4F 00 54 48 41 54 07 53 00 49 54 0E FF 00 00 00 00 00 00 00 00 00 00 00 00 00 00 00,34,18,DEF
440,0x0051FCDE,I'm not too sure but[A9],29 07 4D 00 4E 4F 54 00 54 4F 4F 00 53 55 52 45 00 42 55 54 A9 FF 00 00 00 00 00 00 00 00 00 00 00 00,34,24,DEF
441,0x0051FD00,I've got the wrong person.,29 07 56 45 00 47 4F 54 00 54 48 45 00 57 52 4F 4E 47 00 50 45 52 53 4F 4E 0E FF 00 00 00 00 00 00 00,34,26,DEF
442,0x0051FD22,This should be okay.,34 48 49 53 00 53 48 4F 55 4C 44 00 42 45 00 4F 4B 41 59 0E FF 00 00 00 00 00 00 00 00 00 00 00 00 00,34,20,DEF
443,0x0051FD44,Not quite ready yet.,2E 4F 54 00 51 55 49 54 45 00 52 45 41 44 59 00 59 45 54 0E FF 00 00 00 00 00 00 00 00 00 00 00 00 00,34,20,DEF
444,0x0051FD66,It isn't me.,29 54 00 49 53 4E 07 54 00 4D 45 0E FF 00 00 00 00 00 00 00 00 00 00 00 00 00 00 00 00 00 00 00 00 00,34,12,DEF
445,0x0051FD88,"Right, I've got it!",32 49 47 48 54 0C 00 29 07 56 45 00 47 4F 54 00 49 54 01 FF 00 00 00 00 00 00 00 00 00 00 00 00 00 00,34,19,DEF
446,0x0051FDAA,I don't get it.,29 00 44 4F 4E 07 54 00 47 45 54 00 49 54 0E FF 00 00 00 00 00 00 00 00 00 00 00 00 00 00 00 00 00 00,34,15,DEF
447,0x0051FDCC,It has nothing to do with me.,29 54 00 48 41 53 00 4E 4F 54 48 49 4E 47 00 54 4F 00 44 4F 00 57 49 54 48 00 4D 45 0E FF 00 00 00 00,34,29,DEF
448,0x0051FDEE,Cool! This should do it!,23 4F 4F 4C 01 00 34 48 49 53 00 53 48 4F 55 4C 44 00 44 4F 00 49 54 01 FF 00 00 00 00 00 00 00 00 00,34,24,DEF
449,0x0051FE10,Nope! I don't get it!,2E 4F 50 45 01 00 29 00 44 4F 4E 07 54 00 47 45 54 00 49 54 01 FF 00 00 00 00 00 00 00 00 00 00 00 00,34,21,DEF
450,0x0051FE32,"Oh wow, I'm totally clueless!",2F 48 00 57 4F 57 0C 00 29 07 4D 00 54 4F 54 41 4C 4C 59 00 43 4C 55 45 4C 45 53 53 01 FF 00 00 00 00,34,29,DEF
451,0x0051FE54,I'm getting less human[A9],29 07 4D 00 47 45 54 54 49 4E 47 00 4C 45 53 53 00 48 55 4D 41 4E A9 FF 00 00 00 00 00 00 00 00 00 00,34,26,DEF
452,0x0051FE76,I'm still not ready.,29 07 4D 00 53 54 49 4C 4C 00 4E 4F 54 00 52 45 41 44 59 0E FF 00 00 00 00 00 00 00 00 00 00 00 00 00,34,20,DEF
453,0x0051FE98,It has nothing to do with me.,29 54 00 48 41 53 00 4E 4F 54 48 49 4E 47 00 54 4F 00 44 4F 00 57 49 54 48 00 4D 45 0E FF 00 00 00 00,34,29,DEF
454,0x0051FEBA,Hey I like this! Lemme use it!,28 45 59 00 29 00 4C 49 4B 45 00 54 48 49 53 01 00 2C 45 4D 4D 45 00 55 53 45 00 49 54 01 FF 00 00 00,34,30,DEF
455,0x0051FEDC,Hmph. Don't quite get it but[A9],28 4D 50 48 0E 00 24 4F 4E 07 54 00 51 55 49 54 45 00 47 45 54 00 49 54 00 42 55 54 A9 FF 00 00 00 00,34,32,DEF
456,0x0051FEFE,Not me! Give it to someone else!,2E 4F 54 00 4D 45 01 00 27 49 56 45 00 49 54 00 54 4F 00 53 4F 4D 45 4F 4E 45 00 45 4C 53 45 01 FF 00,34,32,DEF
457,0x0051FF20,It's got nothing to do with me.,29 54 07 53 00 47 4F 54 00 4E 4F 54 48 49 4E 47 00 54 4F 00 44 4F 00 57 49 54 48 00 4D 45 0E FF 00 00,34,31,DEF
458,0x005206B8,Cloud,23 4C 4F 55 44 FF 00 00 00 00 00 00,12,5,DEF
459,0x005206C4,Barret,22 41 52 52 45 54 FF 00 00 00 00 00,12,6,DEF
460,0x005206D0,Tifa,34 49 46 41 FF 00 00 00 00 00 00 00,12,4,DEF
461,0x005206DC,Aeris,21 45 52 49 53 FF 00 00 00 00 00 00,12,5,DEF
462,0x005206E8,Red XIII,32 45 44 00 38 29 29 29 FF 00 00 00,12,8,DEF
463,0x005206F4,Yuffie,39 55 46 46 49 45 FF 00 00 00 00 00,12,6,DEF
464,0x00520700,䄣呉㌀呉ｈ,23 41 49 54 00 33 49 54 48 FF 00 00,12,5,UNICODE
465,0x0052070C,䤶䍎久ｔ,36 49 4E 43 45 4E 54 FF 00 00 00 00,12,4,UNICODE
466,0x00520718,䤣ｄ,23 49 44 FF 00 00 00 00 00 00 00 00,12,2,UNICODE
467,0x00520724,䠣䍏ｏ,23 48 4F 43 4F FF 00 00 00 00 00 00,12,3,UNICODE
468,0x00520748,倳䍁ｅ,33 50 41 43 45 FF 00 00,8,3,UNICODE
469,0x00520750,䔤䕌䕔ÿ,24 45 4C 45 54 45 FF 00,8,4,UNICODE
470,0x00520758,䔳䕌呃ÿ,33 45 4C 45 43 54 FF 00,8,4,UNICODE
471,0x00520760,䔤䅆䱕ｔ,24 45 46 41 55 4C 54 FF,8,4,UNICODE
472,0x00520768,䄣䍎䱅ÿ,23 41 4E 43 45 4C FF 00,8,4,UNICODE
473,0x00520770,[UNICODE:21],21,1,12,UNICODE
474,0x00520771,[UNICODE:22],22,1,12,UNICODE
475,0x00520772,[UNICODE:23],23,1,12,UNICODE
476,0x00520773,[UNICODE:24],24,1,12,UNICODE
477,0x00520774,[UNICODE:25],25,1,12,UNICODE
478,0x00520775,[UNICODE:26],26,1,12,UNICODE
479,0x00520776,[UNICODE:27],27,1,12,UNICODE
480,0x00520777,[UNICODE:28],28,1,12,UNICODE
481,0x00520778,[UNICODE:29],29,1,12,UNICODE
482,0x00520779,[UNICODE:2a],2A,1,12,UNICODE
483,0x0052077A,[UNICODE:2b],2B,1,12,UNICODE
484,0x0052077B,[UNICODE:2c],2C,1,12,UNICODE
485,0x0052077C,[UNICODE:2d],2D,1,12,UNICODE
486,0x0052077D,[UNICODE:2e],2E,1,12,UNICODE
487,0x0052077E,[UNICODE:2f],2F,1,12,UNICODE
488,0x0052077F,[UNICODE:30],30,1,12,UNICODE
489,0x00520780,[UNICODE:31],31,1,12,UNICODE
490,0x00520781,[UNICODE:32],32,1,12,UNICODE
491,0x00520782,[UNICODE:33],33,1,12,UNICODE
492,0x00520783,[UNICODE:34],34,1,12,UNICODE
493,0x00520784,[UNICODE:35],35,1,12,UNICODE
494,0x00520785,[UNICODE:36],36,1,12,UNICODE
495,0x00520786,[UNICODE:37],37,1,12,UNICODE
496,0x00520787,[UNICODE:38],38,1,12,UNICODE
497,0x00520788,[UNICODE:39],39,1,12,UNICODE
498,0x00520789,[UNICODE:3a],3A,1,12,UNICODE
499,0x0052078A,[UNICODE:0c],0C,1,12,UNICODE
500,0x0052078B,[UNICODE:0e],0E,1,12,UNICODE
501,0x0052078C,[UNICODE:0b],0B,1,12,UNICODE
502,0x0052078D,[UNICODE:0d],0D,1,12,UNICODE
503,0x0052078E,[UNICODE:41],41,1,12,UNICODE
504,0x0052078F,[UNICODE:42],42,1,12,UNICODE
505,0x00520790,[UNICODE:43],43,1,12,UNICODE
506,0x00520791,[UNICODE:44],44,1,12,UNICODE
507,0x00520792,[UNICODE:45],45,1,12,UNICODE
508,0x00520793,[UNICODE:46],46,1,12,UNICODE
509,0x00520794,[UNICODE:47],47,1,12,UNICODE
510,0x00520795,[UNICODE:48],48,1,12,UNICODE
511,0x00520796,[UNICODE:49],49,1,12,UNICODE
512,0x00520797,[UNICODE:4a],4A,1,12,UNICODE
513,0x00520798,[UNICODE:4b],4B,1,12,UNICODE
514,0x00520799,[UNICODE:4c],4C,1,12,UNICODE
515,0x0052079A,[UNICODE:4d],4D,1,12,UNICODE
516,0x0052079B,[UNICODE:4e],4E,1,12,UNICODE
517,0x0052079C,[UNICODE:4f],4F,1,12,UNICODE
518,0x0052079D,[UNICODE:50],50,1,12,UNICODE
519,0x0052079E,[UNICODE:51],51,1,12,UNICODE
520,0x0052079F,[UNICODE:52],52,1,12,UNICODE
521,0x005207A0,[UNICODE:53],53,1,12,UNICODE
522,0x005207A1,[UNICODE:54],54,1,12,UNICODE
523,0x005207A2,[UNICODE:55],55,1,12,UNICODE
524,0x005207A3,[UNICODE:56],56,1,12,UNICODE
525,0x005207A4,[UNICODE:57],57,1,12,UNICODE
526,0x005207A5,[UNICODE:58],58,1,12,UNICODE
527,0x005207A6,[UNICODE:59],59,1,12,UNICODE
528,0x005207A7,[UNICODE:5a],5A,1,12,UNICODE
529,0x005207A8,[UNICODE:1a],1A,1,12,UNICODE
530,0x005207A9,[UNICODE:1b],1B,1,12,UNICODE
531,0x005207AC,[UNICODE:10],10,1,12,UNICODE
532,0x005207AD,1,11,1,1,DEF
533,0x005207AE,2,12,1,1,DEF
534,0x005207AF,3,13,1,1,DEF
535,0x005207B0,4,14,1,1,DEF
536,0x005207B1,5,15,1,1,DEF
537,0x005207B2,6,16,1,1,DEF
538,0x005207B3,7,17,1,1,DEF
539,0x005207B4,8,18,1,1,DEF
540,0x005207B5,9,19,1,1,DEF
541,0x005213D8,Ability list,21 42 49 4C 49 54 59 00 4C 49 53 54 FF 00 00 00 00 00 00 00,20,12,DEF
542,0x005213EC,Equip effect,25 51 55 49 50 00 45 46 46 45 43 54 FF 00 00 00 00 00 00 00,20,12,DEF
543,0x0052143C,AP,21 30 FF 00 00 00 00 00 00 00 00 00 00 00 00 00 00 00 00 00,20,2,DEF
544,0x00521450,To next level,34 4F 00 4E 45 58 54 00 4C 45 56 45 4C FF 00 00 00 00 00 00,20,13,DEF
545,0x00521464,MASTER,2D 21 33 34 25 32 FF 00 00 00 00 00 00 00 00 00 00 00 00 00,20,6,DEF
546,0x005214DC,Dexterity,24 45 58 54 45 52 49 54 59 FF 00 00 00 00 00 00 00 00 00 00,20,9,DEF
547,0x005214F0,Cover,23 4F 56 45 52 FF 00 00 00 00 00 00 00 00 00 00 00 00 00 00,20,5,DEF
548,0x00521504,Magic,2D 41 47 49 43 FF 00 00 00 00 00 00 00 00 00 00 00 00 00 00,20,5,DEF
549,0x00521518,Luck,2C 55 43 4B FF 00 00 00 00 00 00 00 00 00 00 00 00 00 00 00,20,4,DEF
550,0x0052152C,MASTER,2D 21 33 34 25 32 FF 00 00 00 00 00 00 00 00 00 00 00 00 00,20,6,DEF
551,0x00521540,Strength,33 54 52 45 4E 47 54 48 FF 00 00 00 00 00 00 00 00 00 00 00,20,8,DEF
552,0x00521554,Vitality,36 49 54 41 4C 49 54 59 FF 00 00 00 00 00 00 00 00 00 00 00,20,8,DEF
553,0x00521568,Magic,2D 41 47 49 43 FF 00 00 00 00 00 00 00 00 00 00 00 00 00 00,20,5,DEF
554,0x0052157C,Magic def,2D 41 47 49 43 00 44 45 46 FF 00 00 00 00 00 00 00 00 00 00,20,9,DEF
555,0x00521590,Dexterity,24 45 58 54 45 52 49 54 59 FF 00 00 00 00 00 00 00 00 00 00,20,9,DEF
556,0x005215A4,Luck,2C 55 43 4B FF 00 00 00 00 00 00 00 00 00 00 00 00 00 00 00,20,4,DEF
557,0x005215B8,MaxHP,2D 41 58 28 30 FF 00 00 00 00 00 00 00 00 00 00 00 00 00 00,20,5,DEF
558,0x005215CC,MaxMP,2D 41 58 2D 30 FF 00 00 00 00 00 00 00 00 00 00 00 00 00 00,20,5,DEF
559,0x005215E0,MaxHPUP,2D 41 58 28 30 35 30 FF 00 00 00 00 00 00 00 00 00 00 00 00,20,7,DEF
560,0x005215F4,MaxMPUP,2D 41 58 2D 30 35 30 FF 00 00 00 00 00 00 00 00 00 00 00 00,20,7,DEF
561,0x00521608,EXP.UP,25 38 30 0E 35 30 FF 00 00 00 00 00 00 00 00 00 00 00 00 00,20,6,DEF
562,0x0052161C,Gil UP,27 49 4C 00 35 30 FF 00 00 00 00 00 00 00 00 00 00 00 00 00,20,6,DEF
563,0x00521630,Encount Down,25 4E 43 4F 55 4E 54 00 24 4F 57 4E FF 00 00 00 00 00 00 00,20,12,DEF
564,0x00521644,Encount Up,25 4E 43 4F 55 4E 54 00 35 50 FF 00 00 00 00 00 00 00 00 00,20,10,DEF
565,0x00521658,Meet Chocobos,2D 45 45 54 00 23 48 4F 43 4F 42 4F 53 FF 00 00 00 00 00 00,20,13,DEF
566,0x0052166C,Pre-emptive,30 52 45 0D 45 4D 50 54 49 56 45 FF 00 00 00 00 00 00 00 00,20,11,DEF
567,0x00521680,Long range attack,2C 4F 4E 47 00 52 41 4E 47 45 00 41 54 54 41 43 4B FF 00 00,20,17,DEF
568,0x00521694,Attack all,21 54 54 41 43 4B 00 41 4C 4C FF 00 00 00 00 00 00 00 00 00,20,10,DEF
569,0x005216A8,Counter attack,23 4F 55 4E 54 45 52 00 41 54 54 41 43 4B FF 00 00 00 00 00,20,14,DEF
570,0x005216F8,A,21 FF,2,1,DEF
571,0x005216FA,D,24 FF,2,1,DEF
572,0x00521700,Buy   Sell     Exit,22 55 59 00 00 00 33 45 4C 4C 00 00 00 00 00 25 58 49 54 FF,20,19,DEF
573,0x00521714,Gil,27 49 4C FF 00 00 00 00 00 00 00 00 00 00 00 00 00 00 00 00,20,3,DEF
574,0x00521728,Owned,2F 57 4E 45 44 FF 00 00 00 00 00 00 00 00 00 00 00 00 00 00,20,5,DEF
575,0x0052173C,Equipped,25 51 55 49 50 50 45 44 FF 00 00 00 00 00 00 00 00 00 00 00,20,8,DEF
576,0x00521750,Total,34 4F 54 41 4C FF 00 00 00 00 00 00 00 00 00 00 00 00 00 00,20,5,DEF
577,0x00521764,How many,28 4F 57 00 4D 41 4E 59 FF 00 00 00 00 00 00 00 00 00 00 00,20,8,DEF
578,0x00521778,Item      Materia,29 54 45 4D 00 00 00 00 00 00 2D 41 54 45 52 49 41 FF 00 00,20,17,DEF
579,0x0052178C,Gil remaining,27 49 4C 00 52 45 4D 41 49 4E 49 4E 47 FF 00 00 00 00 00 00,20,13,DEF
580,0x005217A0,Price for Master,30 52 49 43 45 00 46 4F 52 00 2D 41 53 54 45 52 FF 00 00 00,20,16,DEF
581,0x005217B4,Price through AP,30 52 49 43 45 00 54 48 52 4F 55 47 48 00 21 30 FF 00 00 00,20,16,DEF
582,0x0052196A,Nothing,2E 4F 54 48 49 4E 47 FF 00 00 00 00 00 00 00 00 00 00 00 00 00 00,22,7,DEF
583,0x00521980,Normal,2E 4F 52 4D 41 4C FF 00 00 00 00 00 00 00 00 00 00 00 00 00 00 00,22,6,DEF
584,0x00521996,Double,24 4F 55 42 4C 45 FF 00 00 00 00 00 00 00 00 00 00 00 00 00 00 00,22,6,DEF
585,0x005219AC,Triple,34 52 49 50 4C 45 FF 00 00 00 00 00 00 00 00 00 00 00 00 00 00 00,22,6,DEF
586,0x005219DC,Weapon Shop,37 45 41 50 4F 4E 00 33 48 4F 50 FF 00 00 00 00 00 00 00 00,20,11,DEF
587,0x005219F0,Item Shop,29 54 45 4D 00 33 48 4F 50 FF 00 00 00 00 00 00 00 00 00 00,20,9,DEF
588,0x00521A04,Materia Shop,2D 41 54 45 52 49 41 00 33 48 4F 50 FF 00 00 00 00 00 00 00,20,12,DEF
589,0x00521A18,General Store,27 45 4E 45 52 41 4C 00 33 54 4F 52 45 FF 00 00 00 00 00 00,20,13,DEF
590,0x00521A2C,Vegetable Store,36 45 47 45 54 41 42 4C 45 00 33 54 4F 52 45 FF 00 00 00 00,20,15,DEF
591,0x00521A40,Accessory Shop,21 43 43 45 53 53 4F 52 59 00 33 48 4F 50 FF 00 00 00 00 00,20,14,DEF
592,0x00521A54,Tool Shop,34 4F 4F 4C 00 33 48 4F 50 FF 00 00 00 00 00 00 00 00 00 00,20,9,DEF
593,0x00521A68,Hotel Shop,28 4F 54 45 4C 00 33 48 4F 50 FF 00 00 00 00 00 00 00 00 00,20,10,DEF
594,0x00521A80,Welcome!,37 45 4C 43 4F 4D 45 01 FF 00 00 00 00 00 00 00 00 00 00 00 00 00 00 00 00 00 00 00 00 00 00 00 00 00 00 00 00 00 00 00 00 00 00 00 00 00,46,8,DEF
595,0x00521AAE,What would you like to buy?,37 48 41 54 00 57 4F 55 4C 44 00 59 4F 55 00 4C 49 4B 45 00 54 4F 00 42 55 59 1F FF 00 00 00 00 00 00 00 00 00 00 00 00 00 00 00 00 00 00,46,27,DEF
596,0x00521ADC,How many would you like?!,28 4F 57 00 4D 41 4E 59 00 57 4F 55 4C 44 00 59 4F 55 00 4C 49 4B 45 1F 01 FF 00 00 00 00 00 00 00 00 00 00 00 00 00 00 00 00 00 00 00 00,46,25,DEF
597,0x00521B0A,What would you like to sell?!,37 48 41 54 00 57 4F 55 4C 44 00 59 4F 55 00 4C 49 4B 45 00 54 4F 00 53 45 4C 4C 1F 01 FF 00 00 00 00 00 00 00 00 00 00 00 00 00 00 00 00,46,29,DEF
598,0x00521B38,How many would you like to sell?!,28 4F 57 00 4D 41 4E 59 00 57 4F 55 4C 44 00 59 4F 55 00 4C 49 4B 45 00 54 4F 00 53 45 4C 4C 1F 01 FF 00 00 00 00 00 00 00 00 00 00 00 00,46,33,DEF
599,0x00524160,Load,2C 4F 41 44 FF 00 00 00 00 00 00 00 00 00 00 00 00 00 00 00 00 00 00 00 00 00 00 00 00 00 00 00 00 00 00 00,36,4,DEF
600,0x00524184,Select a save data file.,33 45 4C 45 43 54 00 41 00 53 41 56 45 00 44 41 54 41 00 46 49 4C 45 0E FF 00 00 00 00 00 00 00 00 00 00 00,36,24,DEF
601,0x005241A8,Select a save game.,33 45 4C 45 43 54 00 41 00 53 41 56 45 00 47 41 4D 45 0E FF 00 00 00 00 00 00 00 00 00 00 00 00 00 00 00 00,36,19,DEF
602,0x00524238,Loading. Please wait.,2C 4F 41 44 49 4E 47 0E 00 30 4C 45 41 53 45 00 57 41 49 54 0E FF 00 00 00 00 00 00 00 00 00 00 00 00 00 00,36,21,DEF
603,0x0052425C,Saving. Please wait.,33 41 56 49 4E 47 0E 00 30 4C 45 41 53 45 00 57 41 49 54 0E FF 00 00 00 00 00 00 00 00 00 00 00 00 00 00 00,36,20,DEF
604,0x00524280,EMPTY,25 2D 30 34 39 FF 00 00 00 00 00 00 00 00 00 00 00 00 00 00 00 00 00 00 00 00 00 00 00 00 00 00 00 00 00 00,36,5,DEF
605,0x005242A4,GAME,27 21 2D 25 FF 00 00 00 00 00 00 00 00 00 00 00 00 00 00 00 00 00 00 00 00 00 00 00 00 00 00 00 00 00 00 00,36,4,DEF
606,0x005242C8,Continue?,23 4F 4E 54 49 4E 55 45 1F FF 00 00 00 00 00 00 00 00 00 00 00 00 00 00 00 00 00 00 00 00 00 00 00 00 00 00,36,9,DEF
607,0x00524310,Checking Save Data File.,23 48 45 43 4B 49 4E 47 00 33 41 56 45 00 24 41 54 41 00 26 49 4C 45 0E FF 00 00 00 00 00 00 00 00 00 00 00,36,24,DEF
608,0x00524334,01,10 11 FF 00 00 00 00 00 00 00 00 00 00 00 00 00 00 00 00 00 00 00 00 00 00 00 00 00 00 00 00 00 00 00 00 00,36,2,DEF
609,0x00524358,02,10 12 FF 00 00 00 00 00 00 00 00 00 00 00 00 00 00 00 00 00 00 00 00 00 00 00 00 00 00 00 00 00 00 00 00 00,36,2,DEF
610,0x0052437C,03,10 13 FF 00 00 00 00 00 00 00 00 00 00 00 00 00 00 00 00 00 00 00 00 00 00 00 00 00 00 00 00 00 00 00 00 00,36,2,DEF
611,0x005243A0,04,10 14 FF 00 00 00 00 00 00 00 00 00 00 00 00 00 00 00 00 00 00 00 00 00 00 00 00 00 00 00 00 00 00 00 00 00,36,2,DEF
612,0x005243C4,05,10 15 FF 00 00 00 00 00 00 00 00 00 00 00 00 00 00 00 00 00 00 00 00 00 00 00 00 00 00 00 00 00 00 00 00 00,36,2,DEF
613,0x005243E8,06,10 16 FF 00 00 00 00 00 00 00 00 00 00 00 00 00 00 00 00 00 00 00 00 00 00 00 00 00 00 00 00 00 00 00 00 00,36,2,DEF
614,0x0052440C,07,10 17 FF 00 00 00 00 00 00 00 00 00 00 00 00 00 00 00 00 00 00 00 00 00 00 00 00 00 00 00 00 00 00 00 00 00,36,2,DEF
615,0x00524430,08,10 18 FF 00 00 00 00 00 00 00 00 00 00 00 00 00 00 00 00 00 00 00 00 00 00 00 00 00 00 00 00 00 00 00 00 00,36,2,DEF
616,0x00524454,09,10 19 FF 00 00 00 00 00 00 00 00 00 00 00 00 00 00 00 00 00 00 00 00 00 00 00 00 00 00 00 00 00 00 00 00 00,36,2,DEF
617,0x00524478,10,11 10 FF 00 00 00 00 00 00 00 00 00 00 00 00 00 00 00 00 00 00 00 00 00 00 00 00 00 00 00 00 00 00 00 00 00,36,2,DEF
618,0x0052449C,11,11 11 FF 00 00 00 00 00 00 00 00 00 00 00 00 00 00 00 00 00 00 00 00 00 00 00 00 00 00 00 00 00 00 00 00 00,36,2,DEF
619,0x005244C0,12,11 12 FF 00 00 00 00 00 00 00 00 00 00 00 00 00 00 00 00 00 00 00 00 00 00 00 00 00 00 00 00 00 00 00 00 00,36,2,DEF
620,0x005244E4,13,11 13 FF 00 00 00 00 00 00 00 00 00 00 00 00 00 00 00 00 00 00 00 00 00 00 00 00 00 00 00 00 00 00 00 00 00,36,2,DEF
621,0x00524508,14,11 14 FF 00 00 00 00 00 00 00 00 00 00 00 00 00 00 00 00 00 00 00 00 00 00 00 00 00 00 00 00 00 00 00 00 00,36,2,DEF
622,0x0052452C,15,11 15 FF 00 00 00 00 00 00 00 00 00 00 00 00 00 00 00 00 00 00 00 00 00 00 00 00 00 00 00 00 00 00 00 00 00,36,2,DEF
623,0x00524550,Saved.,33 41 56 45 44 0E FF 00 00 00 00 00 00 00 00 00 00 00 00 00 00 00 00 00 00 00 00 00 00 00 00 00 00 00 00 00,36,6,DEF
624,0x00524574,Could not save.,23 4F 55 4C 44 00 4E 4F 54 00 53 41 56 45 0E FF 00 00 00 00 00 00 00 00 00 00 00 00 00 00 00 00 00 00 00 00,36,15,DEF
625,0x00524598,Could not load.,23 4F 55 4C 44 00 4E 4F 54 00 4C 4F 41 44 0E FF 00 00 00 00 00 00 00 00 00 00 00 00 00 00 00 00 00 00 00 00,36,15,DEF
626,0x005245BC,Data is ruined.,24 41 54 41 00 49 53 00 52 55 49 4E 45 44 0E FF 00 00 00 00 00 00 00 00 00 00 00 00 00 00 00 00 00 00 00 00,36,15,DEF
627,0x005245E0,NEW GAME,2E 25 37 00 27 21 2D 25 FF 00 00 00 00 00 00 00 00 00 00 00 00 00 00 00 00 00 00 00 00 00 00 00 00 00 00 00,36,8,DEF
628,0x00524604,Are you sure you want to save?,21 52 45 00 59 4F 55 00 53 55 52 45 00 59 4F 55 00 57 41 4E 54 00 54 4F 00 53 41 56 45 1F FF 00 00 00 00 00,36,30,DEF
629,0x00524628,Yes,39 45 53 FF 00 00 00 00 00 00 00 00 00 00 00 00 00 00 00 00 00 00 00 00 00 00 00 00 00 00 00 00 00 00 00 00,36,3,DEF
630,0x0052464C,No,2E 4F FF 00 00 00 00 00 00 00 00 00 00 00 00 00 00 00 00 00 00 00 00 00 00 00 00 00 00 00 00 00 00 00 00 00,36,2,DEF
631,0x00524698,Completed.,23 4F 4D 50 4C 45 54 45 44 0E FF 00 00 00 00 00 00 00 00 00 00 00 00 00 00 00 00 00 00 00 00 00 00 00 00 00 00 00 00 00 00 00 00 00 00 00 00 00,48,10,DEF
632,0x00524728,Formatted.,26 4F 52 4D 41 54 54 45 44 0E FF 00 00 00 00 00 00 00 00 00 00 00 00 00 00 00 00 00 00 00 00 00 00 00 00 00 00 00 00 00 00 00 00 00 00 00 00 00,48,10,DEF
633,0x00524758,Could not format.,23 4F 55 4C 44 00 4E 4F 54 00 46 4F 52 4D 41 54 0E FF 00 00 00 00 00 00 00 00 00 00 00 00 00 00 00 00 00 00 00 00 00 00 00 00 00 00 00 00 00 00,48,17,DEF
634,0x00524788,Not formatted.,2E 4F 54 00 46 4F 52 4D 41 54 54 45 44 0E FF 00 00 00 00 00 00 00 00 00 00 00 00 00 00 00 00 00 00 00 00 00 00 00 00 00 00 00 00 00 00 00 00 00,48,14,DEF
635,0x005247B8,Want to format it now?,37 41 4E 54 00 54 4F 00 46 4F 52 4D 41 54 00 49 54 00 4E 4F 57 1F FF 00 00 00 00 00 00 00 00 00 00 00 00 00 00 00 00 00 00 00 00 00 00 00 00 00,48,22,DEF
636,0x005247E8,No save data file.,2E 4F 00 53 41 56 45 00 44 41 54 41 00 46 49 4C 45 0E FF 00 00 00 00 00 00 00 00 00 00 00 00 00 00 00 00 00 00 00 00 00 00 00 00 00 00 00 00 00,48,18,DEF
637,0x00524818,No save data file.,2E 4F 00 53 41 56 45 00 44 41 54 41 00 46 49 4C 45 0E FF 00 00 00 00 00 00 00 00 00 00 00 00 00 00 00 00 00 00 00 00 00 00 00 00 00 00 00 00 00,48,18,DEF
638,0x00524848,This Memory card is damaged and cannot be used.,34 48 49 53 00 2D 45 4D 4F 52 59 00 43 41 52 44 00 49 53 00 44 41 4D 41 47 45 44 00 41 4E 44 00 43 41 4E 4E 4F 54 00 42 45 00 55 53 45 44 0E FF,48,47,DEF
639,0x00524878,Please insert another Memory card.,30 4C 45 41 53 45 00 49 4E 53 45 52 54 00 41 4E 4F 54 48 45 52 00 2D 45 4D 4F 52 59 00 43 41 52 44 0E FF 00 00 00 00 00 00 00 00 00 00 00 00 00,48,34,DEF
640,0x005248A8,Not enough space left on save data file.,2E 4F 54 00 45 4E 4F 55 47 48 00 53 50 41 43 45 00 4C 45 46 54 00 4F 4E 00 53 41 56 45 00 44 41 54 41 00 46 49 4C 45 0E FF 00 00 00 00 00 00 00,48,40,DEF
641,0x005248D8,"Use another save data file,",35 53 45 00 41 4E 4F 54 48 45 52 00 53 41 56 45 00 44 41 54 41 00 46 49 4C 45 0C FF 00 00 00 00 00 00 00 00 00 00 00 00 00 00 00 00 00 00 00 00,48,27,DEF
642,0x00524908,or erase 1 block of saved data.,4F 52 00 45 52 41 53 45 00 11 00 42 4C 4F 43 4B 00 4F 46 00 53 41 56 45 44 00 44 41 54 41 0E FF 00 00 00 00 00 00 00 00 00 00 00 00 00 00 00 00,48,31,DEF
643,0x00524998,Couldn't read it.,23 4F 55 4C 44 4E 07 54 00 52 45 41 44 00 49 54 0E FF 00 00 00 00 00 00 00 00 00 00 00 00 00 00 00 00 00 00 00 00 00 00 00 00 00 00 00 00 00 00,48,17,DEF
644,0x005249C8,Still want to begin the game?,33 54 49 4C 4C 00 57 41 4E 54 00 54 4F 00 42 45 47 49 4E 00 54 48 45 00 47 41 4D 45 1F FF 00 00 00 00 00 00 00 00 00 00 00 00 00 00 00 00 00 00,48,29,DEF
645,0x00524AB8,Can not allocate save file memory buffer!,23 41 4E 00 4E 4F 54 00 41 4C 4C 4F 43 41 54 45 00 53 41 56 45 00 46 49 4C 45 00 4D 45 4D 4F 52 59 00 42 55 46 46 45 52 01 FF 00 00 00 00 00 00,48,41,DEF
646,0x00524AE8,Invalid save file!,29 4E 56 41 4C 49 44 00 53 41 56 45 00 46 49 4C 45 01 FF 00 00 00 00 00 00 00 00 00 00 00 00 00 00 00 00 00 00 00 00 00 00 00 00 00 00 00 00 00,48,18,DEF
647,0x00524B18,Save 1,33 41 56 45 00 11 00 00 00 FF 00 00,12,6,DEF
648,0x00524B24,Save 2,33 41 56 45 00 12 00 00 00 FF 00 00,12,6,DEF
649,0x00524B30,3AVE [13],33 41 56 45 00 13 00 00 00 FF 00 00,12,9,RGB
650,0x00524B3C,3AVE [14],33 41 56 45 00 14 00 00 00 FF 00 00,12,9,RGB
651,0x00524B48,3AVE [15],33 41 56 45 00 15 00 00 00 FF 00 00,12,9,RGB
652,0x00524B54,3AVE [16],33 41 56 45 00 16 00 00 00 FF 00 00,12,9,RGB
653,0x00524B60,3AVE [17],33 41 56 45 00 17 00 00 00 FF 00 00,12,9,RGB
654,0x00524B6C,3AVE [18],33 41 56 45 00 18 00 00 00 FF 00 00,12,9,RGB
655,0x00524B78,3AVE [19],33 41 56 45 00 19 00 00 00 FF 00 00,12,9,RGB
656,0x00524B84,3AVE [11][10],33 41 56 45 00 11 10 FF 00 00 00 00,12,13,RGB
657,0x00524BF0,",EVEL",2C 45 56 45 4C FF 00 00,8,5,RGB
658,0x005552C0,"00'00""000",30 30 27 30 30 22 30 30 30 00 00 00 00 00 00 00,16,9,RGB
659,0x005552D0,"--'--""---",2D 2D 27 2D 2D 22 2D 2D 2D 00 00 00 00 00 00 00,16,9,RGB
660,0x00555410,COURSE A RECORD,43 4F 55 52 53 45 20 41 20 52 45 43 4F 52 44 00,16,15,RGB
661,0x00555420,"00'00""000",30 30 27 30 30 22 30 30 30 00 00 00 00 00 00 00,16,9,RGB
662,0x00555430,"--'--""---",2D 2D 27 2D 2D 22 2D 2D 2D 00 00 00 00 00 00 00,16,9,RGB
663,0x005557A0,BEST,42 45 53 54 00 00 00 00,8,4,RGB
664,0x005557B0,CONTINUE,43 4F 4E 54 49 4E 55 45 00 00 00 00,12,8,RGB
665,0x005557BC,RETRY,52 45 54 52 59 00 00 00,8,5,RGB
666,0x005557C4,EXIT,45 58 49 54 00 00 00 00,8,4,RGB
667,0x005557CC,OPTION,4F 50 54 49 4F 4E 00 00,8,6,RGB
668,0x005557D4,CONTINUE,43 4F 4E 54 49 4E 55 45 00 00 00 00,12,8,RGB
669,0x005557E0,RETRY,52 45 54 52 59 00 00 00,8,5,RGB
670,0x005557E8,EXIT,45 58 49 54 00 00 00 00,8,4,RGB
671,0x005557F0,GHOST,47 48 4F 53 54 00 00 00,8,5,RGB
672,0x005557F8,SURFACE,53 55 52 46 41 43 45 00,8,7,RGB
673,0x00555800,OFF,4F 46 46 00,4,3,RGB
674,0x00555804,BOARD,42 4F 41 52 44 00 00 00,8,5,RGB
675,0x0055580C,SLEIGH,53 4C 45 49 47 48 00 00,8,6,RGB
676,0x00555814,? ? ?,3F 20 3F 20 3F 00 00 00,8,5,RGB
677,0x0055581C,SNOW,53 4E 4F 57 00 00 00 00,8,4,RGB
678,0x00555824,CHECKED,43 48 45 43 4B 45 44 00,8,7,RGB
679,0x0055582C,TRY AGAIN,54 52 59 20 41 47 41 49 4E 00 00 00,12,9,RGB
680,0x00555838,EXIT,45 58 49 54 00 00 00 00,8,4,RGB
681,0x00555848,TECHNIQUE,54 45 43 48 4E 49 51 55 45 00 00 00,12,9,RGB
682,0x00555854,TIME,54 49 4D 45 00 00 00 00,8,4,RGB
683,0x0055585C,BALLOON,42 41 4C 4C 4F 4F 4E 00,8,7,RGB
684,0x00555864,TOTAL,54 4F 54 41 4C 00 00 00,8,5,RGB
685,0x0055586C,BEST,42 45 53 54 00 00 00 00,8,4,RGB
686,0x00555874,/30 PTS.,2F 33 30 20 50 54 53 2E 00 00 00 00,12,8,RGB
687,0x00555880,OSP@ptsN,2F 33 30 20 50 54 53 2E 00 00 00 00,12,8,FFPADDED
688,0x0055588C,OTP@ptsN,2F 34 30 20 50 54 53 2E 00 00 00 00,12,8,FFPADDED
689,0x00555898,OC@ptsN,2F 23 20 50 54 53 2E 00,8,7,FFPADDED
690,0x005558A0,OC@ptsN,2F 23 20 50 54 53 2E 00,8,7,FFPADDED
691,0x005558AC,QstN,31 53 54 2E 00 00 00 00,8,4,FFPADDED
692,0x005558B4,RndN,32 4E 44 2E 00 00 00 00,8,4,FFPADDED
693,0x005558BC,SrdN,33 52 44 2E 00 00 00 00,8,4,FFPADDED
694,0x005558C4,TthN,34 54 48 2E 00 00 00 00,8,4,FFPADDED
695,0x005558CC,UthN,35 54 48 2E 00 00 00 00,8,4,FFPADDED
696,0x0057B2A8,TEIOH,34 25 29 2F 28 FF FF FF,8,5,FFPADDED
697,0x0057B3D0,Sprint Shoes,33 50 52 49 4E 54 00 33 48 4F 45 53 FF FF FF FF,16,12,FFPADDED
698,0x0057B3E0,Counter,23 4F 55 4E 54 45 52 FF FF FF FF FF FF FF FF FF,16,7,FFPADDED
699,0x0057B3F0,Magic Counter,2D 41 47 49 43 00 23 4F 55 4E 54 45 52 FF FF FF,16,13,FFPADDED
700,0x0057B400,Precious Watch,30 52 45 43 49 4F 55 53 00 37 41 54 43 48 FF FF,16,14,FFPADDED
701,0x0057B410,Ether,25 54 48 45 52 FF FF FF FF FF FF FF FF FF FF FF,16,5,FFPADDED
702,0x0057B420,Hero Drink,28 45 52 4F 00 24 52 49 4E 4B FF FF FF FF FF FF,16,10,FFPADDED
703,0x0057B430,Bolt Plume,22 4F 4C 54 00 30 4C 55 4D 45 FF FF FF FF FF FF,16,10,FFPADDED
704,0x0057B440,Elixir,25 4C 49 58 49 52 FF FF FF FF FF FF FF FF FF FF,16,6,FFPADDED
705,0x0057B450,Fire Fang,26 49 52 45 00 26 41 4E 47 FF FF FF FF FF FF FF,16,9,FFPADDED
706,0x0057B460,Antarctic Wind,21 4E 54 41 52 43 54 49 43 00 37 49 4E 44 FF FF,16,14,FFPADDED
707,0x0057B470,Potion,30 4F 54 49 4F 4E FF FF FF FF FF FF FF FF FF FF,16,6,FFPADDED
708,0x0057B480,Phoenix Down,30 48 4F 45 4E 49 58 00 24 4F 57 4E FF FF FF FF,16,12,FFPADDED
709,0x0057B490,Hyper,28 59 50 45 52 FF FF FF FF FF FF FF FF FF FF FF,16,5,FFPADDED
710,0x0057B4A0,Tranquilizer,34 52 41 4E 51 55 49 4C 49 5A 45 52 FF FF FF FF,16,12,FFPADDED
711,0x0057B4B0,Cat's Bell,23 41 54 07 53 00 22 45 4C 4C FF FF FF FF FF FF,16,10,FFPADDED
712,0x0057B4C0,Enemy,25 4E 45 4D 59 00 21 57 41 59 FF FF FF FF FF FF,16,5,ZEROTERM
713,0x0057B4D0,Sneak,33 4E 45 41 4B 00 21 54 54 41 43 4B FF FF FF FF,16,5,ZEROTERM
714,0x0057B4E0,Chocobracelet[FF][FF][FF],23 48 4F 43 4F 42 52 41 43 45 4C 45 54 FF FF FF,16,25,ZEROTERM
715,0x0057B4F0,Swift,33 57 49 46 54 00 22 4F 4C 54 FF FF FF FF FF FF,16,5,ZEROTERM
716,0x0057B500,Fire,26 49 52 45 00 36 45 49 4C FF FF FF FF FF FF FF,16,4,ZEROTERM
717,0x0057B510,Megalixir[FF][FF][FF][FF][FF][FF][FF],2D 45 47 41 4C 49 58 49 52 FF FF FF FF FF FF FF,16,37,ZEROTERM
718,0x0057B520,Turbo,34 55 52 42 4F 00 25 54 48 45 52 FF FF FF FF FF,16,5,ZEROTERM
719,0x0057B530,Hi-Potion[FF][FF][FF][FF][FF][FF][FF],28 49 0D 30 4F 54 49 4F 4E FF FF FF FF FF FF FF,16,37,ZEROTERM
720,0x0057B540,Ice,29 43 45 00 23 52 59 53 54 41 4C FF FF FF FF FF,16,3,ZEROTERM
721,0x0057B658,SAM,33 21 2D 00 00 00 00,7,3,ZEROTERM
722,0x0057B65F,ELEN,25 2C 25 2E 00 00 00,7,4,ZEROTERM
723,0x0057B666,BLUES,22 2C 35 25 33 00 00,7,5,ZEROTERM
724,0x0057B66D,TOM,34 2F 2D 00 00 00 00,7,3,ZEROTERM
725,0x0057B674,JOHN,2A 2F 28 2E 00 00 00,7,4,ZEROTERM
726,0x0057B67B,GARY,27 21 32 39 00 00 00,7,4,ZEROTERM
727,0x0057B682,MIKE,2D 29 2B 25 00 00 00,7,4,ZEROTERM
728,0x0057B689,SANDY,33 21 2E 24 39 00 00,7,5,ZEROTERM
729,0x0057B690,JU,2A 35 00 00 00 00 00,7,2,ZEROTERM
730,0x0057B697,LY,2C 39 00 00 00 00 00,7,2,ZEROTERM
731,0x0057B69E,JOEL,2A 2F 25 2C 00 00 00,7,4,ZEROTERM
732,0x0057B6A5,GREY,27 32 25 39 00 00 00,7,4,ZEROTERM
733,0x0057B6AC,EDWARD,25 24 37 21 32 24 00,7,6,ZEROTERM
734,0x0057B6B3,JAMES,2A 21 2D 25 33 00 00,7,5,ZEROTERM
735,0x0057B6BA,HARVEY,28 21 32 36 25 39 00,7,6,ZEROTERM
736,0x0057B6C1,DAN,24 21 2E 00 00 00 00,7,3,ZEROTERM
737,0x0057B6C8,RUDY,32 35 24 39 00 00 00,7,4,ZEROTERM
738,0x0057B6CF,GRAHAM,27 32 21 28 21 2D 00,7,6,ZEROTERM
739,0x0057B6D6,FOX,26 2F 38 00 00 00 00,7,3,ZEROTERM
740,0x0057B6DD,CLIVE,23 2C 29 36 25 00 00,7,5,ZEROTERM
741,0x0057B6E4,SEAN,33 25 21 2E 00 00 00,7,4,ZEROTERM
742,0x0057B6EB,YOUNG,39 2F 35 2E 27 00 00,7,5,ZEROTERM
743,0x0057B6F2,ROBIN,32 2F 22 29 2E 00 00,7,5,ZEROTERM
744,0x0057B6F9,DARIO,24 21 32 29 2F 00 00,7,5,ZEROTERM
745,0x0057B700,K,2B 00 00 00 00 00 00,7,1,ZEROTERM
746,0x0057B707,ARL,21 32 2C 00 00 00 00,7,3,ZEROTERM
747,0x0057B70E,SARA,33 21 32 21 00 00 00,7,4,ZEROTERM
748,0x0057B715,MARIE,2D 21 32 29 25 00 00,7,5,ZEROTERM
749,0x0057B71C,SAMMY,33 21 2D 2D 39 00 00,7,5,ZEROTERM
750,0x0057B723,LIA,2C 29 21 00 00 00 00,7,3,ZEROTERM
751,0x0057B72A,KNIGHT,2B 2E 29 27 28 34 00,7,6,ZEROTERM
752,0x0057B731,PAULA,30 21 35 2C 21 00 00,7,5,ZEROTERM
753,0x0057B738,PAU,30 21 35 00 00 00 00,7,3,ZEROTERM
754,0x0057B73F,LE,2C 25 00 00 00 00 00,7,2,ZEROTERM
755,0x0057B746,PETER,30 25 34 25 32 00 00,7,5,ZEROTERM
756,0x0057B74D,AIMEE,21 29 2D 25 25 00 00,7,5,ZEROTERM
757,0x0057B754,TERRY,34 25 32 32 39 00 00,7,5,ZEROTERM
758,0x0057B75B,ANDY,21 2E 24 39 00 00 00,7,4,ZEROTERM
759,0x0057B762,NANCY,2E 21 2E 23 39 00 00,7,5,ZEROTERM
760,0x0057B769,TIM,34 29 2D 00 00 00 00,7,3,ZEROTERM
761,0x0057B770,ROBER,32 2F 22 25 32 00 00,7,5,ZEROTERM
762,0x0057B777,T,34 00 00 00 00 00 00,7,1,ZEROTERM
763,0x0057B77E,GEORGE,27 25 2F 32 27 25 00,7,6,ZEROTERM
764,0x0057B785,JENNY,2A 25 2E 2E 39 00 00,7,5,ZEROTERM
765,0x0057B78C,RICA,32 29 23 21 00 00 00,7,4,ZEROTERM
766,0x0057B793,JULIA,2A 35 2C 29 21 00 00,7,5,ZEROTERM
