index,raw_offset,text_offset,category,confidence,padding,total_bytes,text_preview,reason
0,0x58FBB0,0x58FBB0,clean_text,95,0,18,Möchten Sie Final,contains German indicator word
1,0x58FBC3,0x58FBCE,clean_text,95,11,36,Fantasy VII verlassen und,contains German indicator word
2,0x58FBE8,0x58FBEC,clean_text,95,4,28,zu Windows zurückkehren?,contains German indicator word
3,0x58FC05,0x58FC10,clean_text,85,11,13,Ja,"german_ratio=100.00%, ff7_valid=100.00%"
4,0x58FC13,0x58FC15,clean_text,85,2,6,Nein,"german_ratio=100.00%, ff7_valid=100.00%"
5,0x58FC1A,0x58FC22,asset,100,8,1250,@c  ^c              `      `  `a      `a  `a                ,contains .tim extension
6,0x5900FD,0x590126,clean_text,85,41,46,Sound,"german_ratio=100.00%, ff7_valid=100.00%"
7,0x59012C,0x59015C,clean_text,95,48,58,Kontroller,contains German indicator word
8,0x590167,0x590192,clean_text,95,43,49,Cursor,contains German indicator word
9,0x590199,0x5901C8,clean_text,85,47,50,ATB,"german_ratio=100.00%, ff7_valid=100.00%"
10,0x5901CC,0x5901FE,clean_text,95,50,60,Kampftempo,contains German indicator word
11,0x590209,0x590234,clean_text,95,43,55,Kampfmeldung,contains German indicator word
12,0x590241,0x59026A,clean_text,85,41,52,Feldmeldung,"german_ratio=100.00%, ff7_valid=100.00%"
13,0x590276,0x5902A0,clean_text,95,42,54,Kamerawinkel,contains German indicator word
14,0x5902AD,0x5902D6,clean_text,95,41,50,Auswählen,contains German indicator word
15,0x5902E0,0x59030C,clean_text,85,44,53,Abbrechen,"german_ratio=100.00%, ff7_valid=100.00%"
16,0x590316,0x590342,clean_text,85,44,48,Menü,"german_ratio=100.00%, ff7_valid=100.00%"
17,0x590347,0x590378,clean_text,95,49,60,Fenster AUS,contains German indicator word
18,0x590384,0x5903AE,clean_text,85,42,47,Pause,"german_ratio=100.00%, ff7_valid=100.00%"
19,0x5903B4,0x5903E4,clean_text,85,48,61,Schlachthilfe,"german_ratio=100.00%, ff7_valid=100.00%"
20,0x5903F2,0x59041A,clean_text,85,40,44,Mono,"german_ratio=100.00%, ff7_valid=100.00%"
21,0x59041F,0x590450,clean_text,85,49,55,Stereo,"german_ratio=100.00%, ff7_valid=100.00%"
22,0x590457,0x590486,clean_text,85,47,52,Breit,"german_ratio=100.00%, ff7_valid=100.00%"
23,0x59048C,0x5904BC,clean_text,85,48,54,Normal,"german_ratio=100.00%, ff7_valid=100.00%"
24,0x5904C3,0x5904F2,clean_text,85,47,64,Benutzerdefiniert,"german_ratio=100.00%, ff7_valid=100.00%"
25,0x590504,0x590528,clean_text,85,36,42,Anfang,"german_ratio=100.00%, ff7_valid=100.00%"
26,0x59052F,0x59055E,clean_text,95,47,55,Speicher,contains German indicator word
27,0x590567,0x590594,clean_text,85,45,50,Aktiv,"german_ratio=100.00%, ff7_valid=100.00%"
28,0x59059A,0x5905CA,clean_text,85,48,57,Empfohlen,"german_ratio=100.00%, ff7_valid=100.00%"
29,0x5905D4,0x590600,clean_text,85,44,50,Warten,"german_ratio=100.00%, ff7_valid=100.00%"
30,0x590607,0x590636,clean_text,85,47,51,Auto,"german_ratio=100.00%, ff7_valid=100.00%"
31,0x59063B,0x59066C,clean_text,85,49,53,Fest,"german_ratio=100.00%, ff7_valid=100.00%"
32,0x590671,0x5906A2,fragment,80,49,49,,too short for menu text
33,0x5906A3,0x5906D8,clean_text,85,53,59,Langs.,"german_ratio=83.33%, ff7_valid=100.00%"
34,0x5906DF,0x59070E,clean_text,85,47,52,Schn.,"german_ratio=80.00%, ff7_valid=100.00%"
35,0x590714,0x590744,clean_text,85,48,51,ROT,"german_ratio=100.00%, ff7_valid=100.00%"
36,0x590748,0x59077A,clean_text,85,50,54,GRÜN,"german_ratio=100.00%, ff7_valid=100.00%"
37,0x59077F,0x5907B0,clean_text,85,49,53,BLAU,"german_ratio=100.00%, ff7_valid=100.00%"
38,0x5907B5,0x5907E6,clean_text,95,49,60,Zauberfolge,contains German indicator word
39,0x5907F2,0x59081C,clean_text,85,42,49,Heilung,"german_ratio=100.00%, ff7_valid=100.00%"
40,0x590824,0x590852,clean_text,95,46,53,Angriff,contains German indicator word
41,0x59085A,0x590888,clean_text,85,46,54,Indirekt,"german_ratio=100.00%, ff7_valid=100.00%"
42,0x590891,0x5908BE,clean_text,85,45,53,Verboten,"german_ratio=100.00%, ff7_valid=100.00%"
43,0x5908C7,0x5908F4,clean_text,85,45,48,Typ,"german_ratio=100.00%, ff7_valid=100.00%"
44,0x5908F8,0x59092A,clean_text,85,50,56,links2,"german_ratio=83.33%, ff7_valid=100.00%"
45,0x590931,0x590960,clean_text,85,47,54,rechts2,"german_ratio=85.71%, ff7_valid=100.00%"
46,0x590968,0x590996,clean_text,85,46,52,links1,"german_ratio=83.33%, ff7_valid=100.00%"
47,0x59099D,0x5909CC,clean_text,85,47,54,rechts1,"german_ratio=85.71%, ff7_valid=100.00%"
48,0x5909D4,0x590A02,clean_text,85,46,50,Menü,"german_ratio=100.00%, ff7_valid=100.00%"
49,0x590A07,0x590A38,clean_text,95,49,58,Auswählen,contains German indicator word
50,0x590A42,0x590A6E,clean_text,85,44,53,Abbrechen,"german_ratio=100.00%, ff7_valid=100.00%"
51,0x590A78,0x590AA4,clean_text,85,44,47,EXT,"german_ratio=100.00%, ff7_valid=100.00%"
52,0x590AA8,0x590ADA,clean_text,95,50,55,Hilfe,contains German indicator word
53,0x590AE0,0x590B10,clean_text,95,48,79,Zum Einrichten START drücken.,contains German indicator word
54,0x590B30,0x590B46,clean_text,95,22,75,Zum Beenden Richtungstaste Links oder Rechts drücken.,contains German indicator word
55,0x590B7C,0x590B7C,clean_text,85,0,5,Pause,"german_ratio=100.00%, ff7_valid=100.00%"
56,0x590B82,0x590BB8,binary_data,90,54,57,,high byte ratio: 100.00%
57,0x590BBC,0x590BBE,binary_data,90,2,7,,high byte ratio: 100.00%
58,0x590BC4,0x590BC4,binary_data,90,0,4,,high byte ratio: 100.00%
59,0x590BC9,0x590BD0,clean_text,85,7,32,Ton- und Musikeinstellung,"german_ratio=88.00%, ff7_valid=100.00%"
60,0x590BEA,0x590BFD,clean_text,95,19,36,Nicht unterstützt,contains German indicator word
61,0x590C0F,0x590C34,unknown,50,37,85,"""S   S ""!    `!:   : `!  !"" ""!!"" ! """" !""!",no pattern matched
62,0x590C68,0x590C68,clean_text,95,0,6,Objekt,contains German indicator word
63,0x590C6F,0x590C7C,clean_text,95,13,19,Zauber,contains German indicator word
64,0x590C83,0x590C90,clean_text,95,13,20,Materia,contains German indicator word
65,0x590C98,0x590CA4,clean_text,95,12,21,Ausrüsten,contains German indicator word
66,0x590CAE,0x590CB8,clean_text,95,10,15,Werte,contains German indicator word
67,0x590CBE,0x590CCC,clean_text,95,14,19,Reihe,contains German indicator word
68,0x590CD2,0x590CE0,clean_text,95,14,19,Limit,contains German indicator word
69,0x590CE6,0x590CF4,clean_text,95,14,20,Konfig,contains German indicator word
70,0x590CFB,0x590D08,clean_text,85,13,16,PHS,"german_ratio=100.00%, ff7_valid=100.00%"
71,0x590D0C,0x590D1C,clean_text,95,16,25,Speichern,contains German indicator word
72,0x590D26,0x590D30,clean_text,95,10,19,Verlassen,contains German indicator word
73,0x590D3A,0x590D44,clean_text,85,10,18,Anfänger,"german_ratio=100.00%, ff7_valid=100.00%"
74,0x590D4D,0x590D58,clean_text,85,11,21,Verwendung,"german_ratio=100.00%, ff7_valid=100.00%"
75,0x590D63,0x590D6C,clean_text,85,9,19,Verwendung,"german_ratio=100.00%, ff7_valid=100.00%"
76,0x590D77,0x590D80,clean_text,85,9,13,Zeit,"german_ratio=100.00%, ff7_valid=100.00%"
77,0x590D85,0x590D94,clean_text,85,15,18,Gil,"german_ratio=100.00%, ff7_valid=100.00%"
78,0x590D98,0x590DA8,clean_text,85,16,26,Nächst. Lv,"german_ratio=80.00%, ff7_valid=100.00%"
79,0x590DB3,0x590DBC,clean_text,95,9,20,Limit-Stufe,contains German indicator word
80,0x590DC8,0x590DD0,clean_text,85,8,17,Anleitung,"german_ratio=100.00%, ff7_valid=100.00%"
81,0x590DDA,0x590DE4,clean_text,85,10,15,Unter,"german_ratio=100.00%, ff7_valid=100.00%"
82,0x590DEA,0x590DF8,clean_text,75,14,18,LV+1,"german_ratio=50.00%, ff7_valid=100.00%"
83,0x590DFD,0x590E0C,clean_text,95,15,19,Zorn,contains German indicator word
84,0x590E11,0x590E20,clean_text,85,15,24,Traurigk.,"german_ratio=88.89%, ff7_valid=100.00%"
85,0x590E2A,0x590E34,unknown,50,10,432,"!         n`=>ABCeKD@FGHtJfg<$_uva)?snPRSVXY[\]p/0%U^MZoh!""#",no pattern matched
86,0x590FDB,0x590FE0,binary_data,90,5,7,,high byte ratio: 100.00%
87,0x590FE3,0x590FE8,binary_data,90,5,7,,high byte ratio: 100.00%
88,0x590FEB,0x590FF0,developer,100,5,133,"!  cy         !   ""   $   %   &   '   (   t   start@of@menu@",developer marker
89,0x591071,0x591094,clean_text,85,35,64,Drücken Sie auf [O.K.] um die,"german_ratio=68.97%, ff7_valid=100.00%"
90,0x5910B2,0x5910D0,clean_text,95,30,62,Tastenbelegung zu konfigurieren.,contains German indicator word
91,0x5910F1,0x59110C,clean_text,95,27,52,Bitte neue Taste drücken,contains German indicator word
92,0x591126,0x591148,unknown,50,34,40,[O.K.],no pattern matched
93,0x59114F,0x591184,unknown,50,53,64,[ABBRECHEN],no pattern matched
94,0x591190,0x5911C0,unknown,50,48,54,[MENÜ],no pattern matched
95,0x5911C7,0x5911FC,unknown,50,53,65,[UMSCHALTEN],no pattern matched
96,0x591209,0x591238,clean_text,85,47,58,[BILD HOCH],"german_ratio=72.73%, ff7_valid=100.00%"
97,0x591244,0x591274,clean_text,85,48,63,[BILD HERUNTER],"german_ratio=80.00%, ff7_valid=100.00%"
98,0x591284,0x5912B0,unknown,50,44,52,[KAMERA],no pattern matched
99,0x5912B9,0x5912EC,unknown,50,51,57,[ZIEL],no pattern matched
100,0x5912F3,0x591328,unknown,50,53,60,[HILFE],no pattern matched
101,0x591330,0x591364,unknown,50,52,59,[START],no pattern matched
102,0x59136C,0x5913A0,unknown,50,52,60,[HERAUF],no pattern matched
103,0x5913A9,0x5913DC,unknown,50,51,58,[UNTEN],no pattern matched
104,0x5913E4,0x591418,unknown,50,52,59,[LINKS],no pattern matched
105,0x591420,0x591454,unknown,50,52,59,[RECHT],no pattern matched
106,0x59145C,0x591490,clean_text,85,52,60,TASTATUR,"german_ratio=100.00%, ff7_valid=100.00%"
107,0x591499,0x5914CC,clean_text,85,51,59,JOYSTICK,"german_ratio=100.00%, ff7_valid=100.00%"
108,0x5914D5,0x591508,unknown,50,51,3327,£@ @ @ @ @ @ @ @ @ @ @ @ @ @ @ @ @ @ @ @ @ @ @ @ @ @ @ @ @ $,no pattern matched
109,0x5921D8,0x5921D8,asset,100,0,10484,"""   ëåõâRáNõèì ëåõâRàNõèì öåîèéNõèì  âïíïáNõèì   âïíïàNõèì ",contains .tim extension
110,0x594ACD,0x594ACD,unknown,50,0,35,Z° ^X° OX° OX° p° OX° OX° OX° nV°,no pattern matched
111,0x594AF1,0x594AF1,unknown,50,0,303,Z° ^X° OX° OX° p° OX° ët° és° äu° OX° OX° OX° rX° ]° i° j° o,no pattern matched
112,0x594C24,0x594C28,unknown,50,4,25,"0G#ã * !        !""#%",no pattern matched
113,0x594C3E,0x594C40,fragment,80,2,2,,too short for menu text
114,0x594C41,0x594C48,clean_text,85,7,12,Pause,"german_ratio=100.00%, ff7_valid=100.00%"
115,0x594C4E,0x594C50,binary_data,90,2,67,"ß  Z!!\ ì   Xx£ <L\ x""  \   *   !     _    ã",high byte ratio: 47.22%
116,0x594C92,0x594C9E,fragment,80,12,13,ã,too short for menu text
117,0x594CA0,0x594CAC,clean_text,95,12,18,Schlaf,contains German indicator word
118,0x594CB3,0x594CBA,clean_text,95,7,11,Gift,contains German indicator word
119,0x594CBF,0x594CC8,clean_text,85,9,20,Traurigkeit,"german_ratio=100.00%, ff7_valid=100.00%"
120,0x594CD4,0x594CD6,clean_text,95,2,6,Zorn,contains German indicator word
121,0x594CDB,0x594CE4,clean_text,85,9,19,Verwirrung,"german_ratio=100.00%, ff7_valid=100.00%"
122,0x594CEF,0x594CF2,clean_text,85,3,12,Stummheit,"german_ratio=100.00%, ff7_valid=100.00%"
123,0x594CFC,0x594D00,clean_text,85,4,11,Schnell,"german_ratio=100.00%, ff7_valid=100.00%"
124,0x594D08,0x594D0E,clean_text,85,6,13,Langsam,"german_ratio=100.00%, ff7_valid=100.00%"
125,0x594D16,0x594D1C,clean_text,85,6,10,Stop,"german_ratio=100.00%, ff7_valid=100.00%"
126,0x594D21,0x594D2A,fragment,80,9,10,ã,too short for menu text
127,0x594D2C,0x594D38,fragment,80,12,13,ã,too short for menu text
128,0x594D3A,0x594D46,fragment,80,12,13,ã,too short for menu text
129,0x594D48,0x594D54,clean_text,85,12,25,Versteinerung,"german_ratio=100.00%, ff7_valid=100.00%"
130,0x594D62,0x594D62,clean_text,85,0,5,regen,"german_ratio=100.00%, ff7_valid=100.00%"
131,0x594D68,0x594D70,fragment,80,8,9,ã,too short for menu text
132,0x594D72,0x594D7E,fragment,80,12,13,ã,too short for menu text
133,0x594D80,0x594D8C,clean_text,85,12,24,Reflektieren,"german_ratio=100.00%, ff7_valid=100.00%"
134,0x594D99,0x594D9A,clean_text,85,1,7,Doppel,"german_ratio=100.00%, ff7_valid=100.00%"
135,0x594DA1,0x594DA8,clean_text,85,7,13,Schild,"german_ratio=100.00%, ff7_valid=100.00%"
136,0x594DAF,0x594DB6,fragment,80,7,8,ã,too short for menu text
137,0x594DB8,0x594DC4,fragment,80,12,13,ã,too short for menu text
138,0x594DC6,0x594DD2,clean_text,85,12,16,Toll,"german_ratio=100.00%, ff7_valid=100.00%"
139,0x594DD7,0x594DE0,clean_text,85,9,20,Einzigartig,"german_ratio=100.00%, ff7_valid=100.00%"
140,0x594DEC,0x594DEE,clean_text,85,2,9,Lähmung,"german_ratio=100.00%, ff7_valid=100.00%"
141,0x594DF6,0x594DFC,clean_text,85,6,16,Dunkelheit,"german_ratio=100.00%, ff7_valid=100.00%"
142,0x594E07,0x594E0A,fragment,80,3,4,ã,too short for menu text
143,0x594E0C,0x594E18,fragment,80,12,13,ã,too short for menu text
144,0x594E1A,0x594E26,fragment,80,12,13,ã,too short for menu text
145,0x594E28,0x594E34,fragment,80,12,13,ã,too short for menu text
146,0x594E36,0x594E42,fragment,80,12,13,ã,too short for menu text
147,0x594E44,0x594E50,binary_data,90,12,95,$             `  `   Rrò `hpx9IY     Wieviel willst du ausge,high byte ratio: 33.93%
148,0x594EA4,0x594EA4,clean_text,85,0,3,Gil,"german_ratio=100.00%, ff7_valid=100.00%"
149,0x594EA8,0x594EA8,clean_text,85,0,4,Nach,"german_ratio=100.00%, ff7_valid=100.00%"
150,0x594EAD,0x594EB0,clean_text,85,3,19,Gil auf der Hand,"german_ratio=81.25%, ff7_valid=100.00%"
151,0x594EC1,0x594EC8,unknown,50,7,446,"""%$#!""$ !#%""$ %!!""$ ""!#%$ ""!%$""#""$#""!$ %""!#""$!""%  `   ñ @ ñ ",no pattern matched
152,0x595080,0x595080,clean_text,85,0,11,Ja     Nein,"german_ratio=54.55%, ff7_valid=100.00%"
153,0x59508C,0x595090,clean_text,85,4,29,Vorhandene Schlachtpunkte,"german_ratio=96.00%, ff7_valid=100.00%"
154,0x5950AA,0x5950AA,clean_text,85,0,13,Schlitzstart!,"german_ratio=92.31%, ff7_valid=100.00%"
155,0x5950B8,0x5950C4,clean_text,85,12,18,TOLL!!,"german_ratio=66.67%, ff7_valid=100.00%"
156,0x5950CB,0x5950DE,clean_text,85,19,43,Gewonnene Schlachtpunkte,"german_ratio=95.83%, ff7_valid=100.00%"
157,0x5950F7,0x5950F8,clean_text,85,1,14,"Ok, dann los!","german_ratio=69.23%, ff7_valid=100.00%"
158,0x595106,0x595117,clean_text,95,17,41,Zaubersubstanz kaputt.,contains German indicator word
159,0x595130,0x595136,clean_text,85,6,30,Aufrufsubstanz kaputt.,"german_ratio=90.91%, ff7_valid=91.30%"
160,0x59514F,0x595155,clean_text,85,6,32,Support-Substanz kaputt.,"german_ratio=87.50%, ff7_valid=92.00%"
161,0x595170,0x595174,clean_text,85,4,34,Unabhängige Substanz kaputt.,"german_ratio=89.29%, ff7_valid=92.86%"
162,0x595193,0x595193,clean_text,85,0,25,Befehlssubstanz kaputt.,"german_ratio=91.30%, ff7_valid=91.67%"
163,0x5951AD,0x5951B2,clean_text,85,5,28,Alle Substanz kaputt.,"german_ratio=85.71%, ff7_valid=90.48%"
164,0x5951CA,0x5951D1,clean_text,75,7,24,Zubehör kaputt.,"german_ratio=86.67%, ff7_valid=87.50%"
165,0x5951E3,0x5951F0,clean_text,95,13,43,Objektbefehl ist versiegelt.,contains German indicator word
166,0x59520F,0x59520F,clean_text,75,0,18,Rüstzeug kaputt.,"german_ratio=87.50%, ff7_valid=88.24%"
167,0x595222,0x59522E,clean_text,75,12,27,Waffe kaputt.,"german_ratio=84.62%, ff7_valid=85.71%"
168,0x59523E,0x59524D,clean_text,85,15,37,1/2 Geschwindigkeit.,"german_ratio=75.00%, ff7_valid=90.48%"
169,0x595264,0x59526C,clean_text,75,8,26,1/2 Genauigkeit.,"german_ratio=68.75%, ff7_valid=88.24%"
170,0x59527F,0x59528B,unknown,50,12,21,Minimum,no pattern matched
171,0x595295,0x5952AA,binary_data,90,21,27,Gift,high byte ratio: 33.33%
172,0x5952B1,0x5952C9,unknown,50,24,31,Kröte,no pattern matched
173,0x5952D1,0x5952E8,clean_text,75,23,42,Zeit x30 Schaden.,"german_ratio=70.59%, ff7_valid=88.24%"
174,0x5952FC,0x595307,clean_text,95,11,29,5 Ebenen zurück.,contains German indicator word
175,0x59531A,0x595326,clean_text,95,12,31,10 Ebenen zurück.,contains German indicator word
176,0x59533A,0x595345,unknown,50,11,20,1/2 HP.,no pattern matched
177,0x59534F,0x595364,unknown,50,21,30,1/2 MP.,no pattern matched
178,0x59536E,0x595383,unknown,50,21,33,1/2 HP&MP.,no pattern matched
179,0x595390,0x5953A2,unknown,50,18,28,Null MP.,no pattern matched
180,0x5953AD,0x5953C1,unknown,50,20,46,Jaa! Keine Behinderung!!,no pattern matched
181,0x5953DC,0x5953E0,clean_text,85,4,27,HP wiederhergestellt.,"german_ratio=90.48%, ff7_valid=90.91%"
182,0x5953F8,0x595400,clean_text,85,8,42,Besorgt um die anderen Mitglieder?,"german_ratio=85.29%, ff7_valid=100.00%"
183,0x595423,0x595423,clean_text,85,0,15,"Ja, ein bichen","german_ratio=78.57%, ff7_valid=92.31%"
184,0x595433,0x595446,clean_text,95,19,35,Eigentlich nicht,contains German indicator word
185,0x595457,0x59546C,fragment,80,21,21,,too short for menu text
186,0x59546E,0x595470,fragment,80,2,2,,too short for menu text
187,0x595472,0x595474,fragment,80,2,2,,too short for menu text
188,0x595476,0x595478,fragment,80,2,2,,too short for menu text
189,0x59547A,0x595480,binary_data,90,6,150,"4      £   ""   !   &   &   !   !       x   p  @   x    p  @ ",high byte ratio: 33.87%
190,0x595514,0x595514,fragment,80,0,4,/,too short for menu text
191,0x59551C,0x595524,unknown,50,8,26,"""S   S ""!sè7áè",no pattern matched
192,0x595537,0x595538,unknown,50,1,17,"$   #   ""   !",no pattern matched
193,0x595558,0x595558,unknown,50,0,113,QRSTUVWXYZ[\]^`adefgh   jklmnopqrstuvwxyDEGHIJK qu      +! ë,no pattern matched
194,0x5955CA,0x5955D8,unknown,50,14,113,"!)  m t!v L!S     ""  % j G  K  :     `!e !   S    j : Eôôá°å",no pattern matched
195,0x59563C,0x595656,clean_text,85,26,62,Mitglieden in zwei Gruppen aufteilen,"german_ratio=88.89%, ff7_valid=100.00%"
196,0x59567B,0x59567C,clean_text,85,1,37,Mitglieder in drei Gruppen aufteilen,"german_ratio=88.89%, ff7_valid=100.00%"
197,0x5956A1,0x5956A2,clean_text,85,1,32,Gruppe aus zwei Personen bilden,"german_ratio=87.10%, ff7_valid=100.00%"
198,0x5956C2,0x5956C8,clean_text,85,6,37,Gruppe aus drei Personen bilden,"german_ratio=87.10%, ff7_valid=100.00%"
199,0x5956E8,0x5956EE,unknown,50,6,33,Auswählen mit [START]-Taste,no pattern matched
200,0x59570A,0x595718,clean_text,95,14,21,Element,contains German indicator word
201,0x595720,0x59572E,clean_text,95,14,20,Effekt,contains German indicator word
202,0x595735,0x595744,clean_text,85,15,24,Angreifen,"german_ratio=100.00%, ff7_valid=100.00%"
203,0x59574E,0x59575A,clean_text,95,12,23,Verteidigen,contains German indicator word
204,0x595766,0x595770,clean_text,85,10,19,Halbieren,"german_ratio=100.00%, ff7_valid=100.00%"
205,0x59577A,0x595786,clean_text,85,12,20,Ungültig,"german_ratio=100.00%, ff7_valid=100.00%"
206,0x59578F,0x59579C,clean_text,85,13,24,Absorbieren,"german_ratio=100.00%, ff7_valid=100.00%"
207,0x5957A8,0x5957B2,fragment,80,10,10,,too short for menu text
208,0x5957B3,0x5957C8,fragment,80,21,21,,too short for menu text
209,0x5957C9,0x5957DE,fragment,80,21,21,,too short for menu text
210,0x5957DF,0x5957F4,clean_text,95,21,27,Stärke,contains German indicator word
211,0x5957FB,0x59580A,clean_text,95,15,23,Geschick,contains German indicator word
212,0x595813,0x595820,clean_text,95,13,22,Vitalität,contains German indicator word
213,0x59582A,0x595836,clean_text,95,12,18,Zauber,contains German indicator word
214,0x59583D,0x59584C,clean_text,95,15,20,Moral,contains German indicator word
215,0x595852,0x595862,clean_text,95,16,21,Glück,contains German indicator word
216,0x595868,0x595878,clean_text,85,16,25,Angreifen,"german_ratio=100.00%, ff7_valid=100.00%"
217,0x595882,0x59588E,clean_text,85,12,23,Angreifen %,"german_ratio=81.82%, ff7_valid=100.00%"
218,0x59589A,0x5958A4,clean_text,95,10,21,Verteidigen,contains German indicator word
219,0x5958B0,0x5958BA,clean_text,95,10,23,Verteidigen %,contains German indicator word
220,0x5958C8,0x5958D0,clean_text,85,8,16,Zbrangrf,"german_ratio=100.00%, ff7_valid=100.00%"
221,0x5958D9,0x5958E6,clean_text,85,13,22,Zbrvertdg,"german_ratio=100.00%, ff7_valid=100.00%"
222,0x5958F0,0x5958FC,clean_text,85,12,23,Zbrvertdg %,"german_ratio=81.82%, ff7_valid=100.00%"
223,0x595908,0x595912,clean_text,85,10,14,Waf.,"german_ratio=75.00%, ff7_valid=100.00%"
224,0x595917,0x595928,clean_text,85,17,21,Rüs.,"german_ratio=75.00%, ff7_valid=100.00%"
225,0x59592D,0x59593E,clean_text,85,17,21,Acc.,"german_ratio=75.00%, ff7_valid=100.00%"
226,0x595943,0x595954,clean_text,95,17,28,Limit-Ebene,contains German indicator word
227,0x595960,0x59596C,fragment,80,12,12,,too short for menu text
228,0x595974,0x595978,unknown,50,4,91,"!   S    j :     ""S   S S!!S!S m!£ S! m!]!    `!:   :    :  ",no pattern matched
229,0x5959D0,0x5959E8,clean_text,95,24,31,STUFE 2,contains German indicator word
230,0x5959F0,0x595A08,clean_text,95,24,31,STUFE 3,contains German indicator word
231,0x595A10,0x595A28,clean_text,95,24,31,STUFE 4,contains German indicator word
232,0x595A30,0x595A48,clean_text,95,24,47,LIMIT-STUFE einrichten.,contains German indicator word
233,0x595A60,0x595A68,clean_text,85,8,18,Einrichten,"german_ratio=100.00%, ff7_valid=100.00%"
234,0x595A73,0x595A88,clean_text,85,21,27,Prüfen,"german_ratio=100.00%, ff7_valid=100.00%"
235,0x595A8F,0x595AA8,clean_text,95,25,47,Bei nderung der STUFE,contains German indicator word
236,0x595ABF,0x595AC8,clean_text,95,9,34,Beginn bei Limit-Punkt 0.,contains German indicator word
237,0x595AE2,0x595AE8,clean_text,95,6,19,STUFE ändern?,contains German indicator word
238,0x595AF6,0x595B08,clean_text,85,18,20,Ja,"german_ratio=100.00%, ff7_valid=100.00%"
239,0x595B0B,0x595B28,clean_text,85,29,33,Nein,"german_ratio=100.00%, ff7_valid=100.00%"
240,0x595B2D,0x595B48,clean_text,95,27,41,Limit gewählt!,contains German indicator word
241,0x595B57,0x595B68,clean_text,95,17,29,STUFE wählen,contains German indicator word
242,0x595B75,0x595B8C,fragment,80,23,23,,too short for menu text
243,0x595B8E,0x595B8F,fragment,80,1,1,,too short for menu text
244,0x595B90,0x595B92,fragment,80,2,2,,too short for menu text
245,0x595B94,0x595B94,ui_table,90,0,8,R R 3 1P,coordinate pattern: letter space letter space digit
246,0x595BA4,0x595BA6,fragment,80,2,2,,too short for menu text
247,0x595BAA,0x595BAB,fragment,80,1,1,,too short for menu text
248,0x595BAC,0x595BAE,fragment,80,2,2,,too short for menu text
249,0x595BB0,0x595BB0,ui_table,90,0,8,T T 3!1T,coordinate pattern: letter space letter space digit
250,0x595BB9,0x595BB9,fragment,80,0,1,_,too short for menu text
251,0x595BBC,0x595BBF,fragment,80,3,6,"""",too short for menu text
252,0x595BC6,0x595BC7,fragment,80,1,1,,too short for menu text
253,0x595BC8,0x595BCA,fragment,80,2,2,,too short for menu text
254,0x595BCC,0x595BCC,ui_table,90,0,8,"S S 3""1X",coordinate pattern: letter space letter space digit
255,0x595BD6,0x595BD6,fragment,80,0,2,:ö,too short for menu text
256,0x595BDC,0x595BDE,binary_data,90,2,3,,high byte ratio: 100.00%
257,0x595BE2,0x595BE3,fragment,80,1,1,,too short for menu text
258,0x595BE4,0x595BE6,fragment,80,2,2,,too short for menu text
259,0x595BE8,0x595BE8,ui_table,90,0,8,U U 3#1f,coordinate pattern: letter space letter space digit
260,0x595BF8,0x595BFA,fragment,80,2,2,,too short for menu text
261,0x595BFE,0x595BFF,fragment,80,1,1,,too short for menu text
262,0x595C00,0x595C02,fragment,80,2,2,,too short for menu text
263,0x595C04,0x595C04,ui_table,85,0,8,V V $1:,in known UI coordinate region with digits
264,0x595C0E,0x595C0F,fragment,80,1,2,&,too short for menu text
265,0x595C14,0x595C16,fragment,80,2,2,,too short for menu text
266,0x595C1A,0x595C1B,fragment,80,1,1,,too short for menu text
267,0x595C1C,0x595C1E,fragment,80,2,2,,too short for menu text
268,0x595C20,0x595C20,ui_table,90,0,8,Y Y 7%1,coordinate pattern: letter space letter space digit
269,0x595C29,0x595C29,ui_table,85,0,9,_8£!,in known UI coordinate region with digits
270,0x595C36,0x595C37,fragment,80,1,1,,too short for menu text
271,0x595C38,0x595C3A,fragment,80,2,2,,too short for menu text
272,0x595C3C,0x595C3C,ui_table,85,0,8,"[ \ &1,",in known UI coordinate region with digits
273,0x595C46,0x595C47,fragment,80,1,2,/,too short for menu text
274,0x595C4C,0x595C4E,fragment,80,2,2,,too short for menu text
275,0x595C4F,0x595C4F,binary_data,90,0,1,,high byte ratio: 100.00%
276,0x595C52,0x595C53,fragment,80,1,1,,too short for menu text
277,0x595C54,0x595C56,fragment,80,2,2,,too short for menu text
278,0x595C58,0x595C58,ui_table,90,0,8,f f 3'1T,coordinate pattern: letter space letter space digit
279,0x595C68,0x595C6A,fragment,80,2,2,,too short for menu text
280,0x595C6E,0x595C6F,fragment,80,1,1,,too short for menu text
281,0x595C70,0x595C72,fragment,80,2,2,,too short for menu text
282,0x595C74,0x595C74,ui_table,90,0,8,h h 7(1V,coordinate pattern: letter space letter space digit
283,0x595C84,0x595C86,fragment,80,2,2,,too short for menu text
284,0x595C8A,0x595C8B,fragment,80,1,1,,too short for menu text
285,0x595C8C,0x595C8E,fragment,80,2,2,,too short for menu text
286,0x595C90,0x595C90,ui_table,90,0,8,i i 3)C@,coordinate pattern: letter space letter space digit
287,0x595CA0,0x595CA0,binary_data,90,0,3,@,high byte ratio: 50.00%
288,0x595CA6,0x595CA7,fragment,80,1,1,,too short for menu text
289,0x595CA8,0x595CAA,fragment,80,2,2,,too short for menu text
290,0x595CAC,0x595CAC,ui_table,90,0,8,k k 3*1,coordinate pattern: letter space letter space digit
291,0x595CB5,0x595CB5,fragment,80,0,1,_,too short for menu text
292,0x595CB8,0x595CB8,fragment,80,0,6,!,too short for menu text
293,0x595CC2,0x595CC3,fragment,80,1,1,,too short for menu text
294,0x595CC4,0x595CC6,fragment,80,2,2,,too short for menu text
295,0x595CC8,0x595CC8,ui_table,90,0,8,m m 7+1C,coordinate pattern: letter space letter space digit
296,0x595CD8,0x595CDA,fragment,80,2,2,,too short for menu text
297,0x595CDB,0x595CDB,binary_data,90,0,1,,high byte ratio: 100.00%
298,0x595CDE,0x595CDF,fragment,80,1,1,,too short for menu text
299,0x595CE0,0x595CE2,fragment,80,2,2,,too short for menu text
300,0x595CE4,0x595CE4,ui_table,85,0,8,"n n ,1(",in known UI coordinate region with digits
301,0x595CEE,0x595CEF,ui_table,85,1,2,2,in known UI coordinate region with digits
302,0x595CF4,0x595CF6,fragment,80,2,2,,too short for menu text
303,0x595CFA,0x595CFB,fragment,80,1,1,,too short for menu text
304,0x595CFC,0x595CFE,fragment,80,2,2,,too short for menu text
305,0x595D00,0x595D00,ui_table,85,0,8,o o -14,in known UI coordinate region with digits
306,0x595D0A,0x595D0B,fragment,80,1,2,*,too short for menu text
307,0x595D10,0x595D12,fragment,80,2,2,,too short for menu text
308,0x595D16,0x595D17,fragment,80,1,1,,too short for menu text
309,0x595D18,0x595D1A,fragment,80,2,2,,too short for menu text
310,0x595D1C,0x595D1C,ui_table,90,0,8,z z 5.D0,coordinate pattern: letter space letter space digit
311,0x595D2C,0x595D2D,fragment,80,1,2,"""",too short for menu text
312,0x595D32,0x595D33,fragment,80,1,1,,too short for menu text
313,0x595D34,0x595D36,fragment,80,2,2,,too short for menu text
314,0x595D38,0x595D38,ui_table,85,0,8,{ { 7/B,in known UI coordinate region with digits
315,0x595D41,0x595D41,fragment,80,0,1,_,too short for menu text
316,0x595D44,0x595D44,binary_data,90,0,6,$,high byte ratio: 50.00%
317,0x595D4E,0x595D4F,fragment,80,1,1,,too short for menu text
318,0x595D50,0x595D52,fragment,80,2,2,,too short for menu text
319,0x595D54,0x595D54,ui_table,85,0,8,~ ~ 50B,in known UI coordinate region with digits
320,0x595D5D,0x595D5D,fragment,80,0,1,ü,too short for menu text
321,0x595D60,0x595D60,binary_data,90,0,6,ßV,high byte ratio: 50.00%
322,0x595D6A,0x595D6B,fragment,80,1,1,,too short for menu text
323,0x595D6C,0x595D6E,fragment,80,2,2,,too short for menu text
324,0x595D70,0x595D70,ui_table,85,0,7,à à 51,in known UI coordinate region with digits
325,0x595D7A,0x595D7A,ui_table,85,0,1,4,in known UI coordinate region with digits
326,0x595D80,0x595D81,binary_data,90,1,2,,high byte ratio: 100.00%
327,0x595D86,0x595D87,fragment,80,1,1,,too short for menu text
328,0x595D88,0x595D8A,fragment,80,2,2,,too short for menu text
329,0x595D8C,0x595D8C,ui_table,85,0,8,52B,in known UI coordinate region with digits
330,0x595D95,0x595D95,fragment,80,0,1,_,too short for menu text
331,0x595D98,0x595D9B,fragment,80,3,6,!,too short for menu text
332,0x595DA2,0x595DA3,fragment,80,1,1,,too short for menu text
333,0x595DA4,0x595DA6,fragment,80,2,2,,too short for menu text
334,0x595DA8,0x595DA8,ui_table,85,0,8,á á 53(@,in known UI coordinate region with digits
335,0x595DB1,0x595DB1,fragment,80,0,1,ü,too short for menu text
336,0x595DB4,0x595DB4,unknown,50,0,6,"!    """,no pattern matched
337,0x595DBB,0x595DBB,binary_data,90,0,1,,high byte ratio: 100.00%
338,0x595DBE,0x595DBF,fragment,80,1,1,,too short for menu text
339,0x595DC0,0x595DC2,fragment,80,2,2,,too short for menu text
340,0x595DC4,0x595DC4,ui_table,85,0,8,â â 54(@,in known UI coordinate region with digits
341,0x595DCD,0x595DCD,fragment,80,0,1,_,too short for menu text
342,0x595DD0,0x595DD3,unknown,50,3,6,"! """,no pattern matched
343,0x595DDA,0x595DDB,fragment,80,1,1,,too short for menu text
344,0x595DDC,0x595DDE,fragment,80,2,2,,too short for menu text
345,0x595DE0,0x595DE0,binary_data,90,0,8,^ ^ 54,high byte ratio: 33.33%
346,0x595DEA,0x595DEA,ui_table,85,0,1,3,in known UI coordinate region with digits
347,0x595DF0,0x595DF2,fragment,80,2,2,,too short for menu text
348,0x595DF6,0x595DF7,fragment,80,1,1,,too short for menu text
349,0x595DF8,0x595DFA,fragment,80,2,2,,too short for menu text
350,0x595DFC,0x595DFC,binary_data,90,0,8,b b 56,high byte ratio: 33.33%
351,0x595E06,0x595E06,ui_table,85,0,1,3,in known UI coordinate region with digits
352,0x595E0C,0x595E0E,fragment,80,2,2,,too short for menu text
353,0x595E12,0x595E13,fragment,80,1,1,,too short for menu text
354,0x595E14,0x595E16,fragment,80,2,2,,too short for menu text
355,0x595E18,0x595E18,binary_data,90,0,8,` ` 58,high byte ratio: 33.33%
356,0x595E22,0x595E22,ui_table,85,0,1,3,in known UI coordinate region with digits
357,0x595E28,0x595E2A,fragment,80,2,2,,too short for menu text
358,0x595E2E,0x595E2F,fragment,80,1,1,,too short for menu text
359,0x595E30,0x595E32,fragment,80,2,2,,too short for menu text
360,0x595E34,0x595E34,binary_data,90,0,8,a a 5:,high byte ratio: 33.33%
361,0x595E3E,0x595E3E,ui_table,85,0,1,3,in known UI coordinate region with digits
362,0x595E44,0x595E46,fragment,80,2,2,,too short for menu text
363,0x595E4A,0x595E4B,fragment,80,1,1,,too short for menu text
364,0x595E4C,0x595E4E,fragment,80,2,2,,too short for menu text
365,0x595E50,0x595E50,binary_data,90,0,8,c c 5<,high byte ratio: 33.33%
366,0x595E5A,0x595E5A,ui_table,85,0,1,3,in known UI coordinate region with digits
367,0x595E60,0x595E62,fragment,80,2,2,,too short for menu text
368,0x595E66,0x595E67,fragment,80,1,1,,too short for menu text
369,0x595E68,0x595E6A,fragment,80,2,2,,too short for menu text
370,0x595E6C,0x595E6C,binary_data,90,0,8,d d 5>,high byte ratio: 33.33%
371,0x595E76,0x595E76,ui_table,85,0,1,3,in known UI coordinate region with digits
372,0x595E7C,0x595E7E,fragment,80,2,2,,too short for menu text
373,0x595E82,0x595E83,fragment,80,1,1,,too short for menu text
374,0x595E84,0x595E86,fragment,80,2,2,,too short for menu text
375,0x595E88,0x595E88,binary_data,90,0,8,e e 5J,high byte ratio: 33.33%
376,0x595E92,0x595E92,ui_table,85,0,1,3,in known UI coordinate region with digits
377,0x595E98,0x595E9A,fragment,80,2,2,,too short for menu text
378,0x595E9E,0x595E9F,fragment,80,1,1,,too short for menu text
379,0x595EA0,0x595EA2,fragment,80,2,2,,too short for menu text
380,0x595EA4,0x595EA4,ui_table,85,0,8,ã ã 3<1T,in known UI coordinate region with digits
381,0x595EB4,0x595EB6,fragment,80,2,2,,too short for menu text
382,0x595EBA,0x595EBB,fragment,80,1,1,,too short for menu text
383,0x595EBC,0x595EBE,fragment,80,2,2,,too short for menu text
384,0x595EC0,0x595EC0,ui_table,85,0,8,å å 3=14,in known UI coordinate region with digits
385,0x595ED0,0x595ED2,binary_data,90,2,3,,high byte ratio: 100.00%
386,0x595ED6,0x595ED7,fragment,80,1,1,,too short for menu text
387,0x595ED8,0x595EDA,fragment,80,2,2,,too short for menu text
388,0x595EDC,0x595EDC,ui_table,85,0,8,ç ç 7>1X,in known UI coordinate region with digits
389,0x595EE5,0x595EE5,fragment,80,0,1,%,too short for menu text
390,0x595EE8,0x595EE8,fragment,80,0,6,!,too short for menu text
391,0x595EF2,0x595EF3,fragment,80,1,1,,too short for menu text
392,0x595EF4,0x595EF6,fragment,80,2,2,,too short for menu text
393,0x595EF8,0x595EF8,ui_table,85,0,8,é é 7?1D,in known UI coordinate region with digits
394,0x595F08,0x595F0A,fragment,80,2,2,,too short for menu text
395,0x595F0E,0x595F0F,fragment,80,1,1,,too short for menu text
396,0x595F10,0x595F12,fragment,80,2,2,,too short for menu text
397,0x595F14,0x595F14,ui_table,85,0,8,ä ä @17,in known UI coordinate region with digits
398,0x595F1D,0x595F1D,unknown,50,0,9,' &!,no pattern matched
399,0x595F2A,0x595F2B,fragment,80,1,1,,too short for menu text
400,0x595F2C,0x595F2E,fragment,80,2,2,,too short for menu text
401,0x595F30,0x595F30,ui_table,85,0,8,í í A12,in known UI coordinate region with digits
402,0x595F3A,0x595F3B,fragment,80,1,2,(,too short for menu text
403,0x595F40,0x595F42,fragment,80,2,2,,too short for menu text
404,0x595F46,0x595F47,fragment,80,1,1,,too short for menu text
405,0x595F48,0x595F4A,fragment,80,2,2,,too short for menu text
406,0x595F4C,0x595F4C,ui_table,85,0,8,ì ì B1+,in known UI coordinate region with digits
407,0x595F56,0x595F57,ui_table,85,1,2,2,in known UI coordinate region with digits
408,0x595F5C,0x595F5E,fragment,80,2,2,,too short for menu text
409,0x595F61,0x595F61,fragment,80,0,2,G,too short for menu text
410,0x595F64,0x595F66,ui_table,90,2,12,C p p 3C1P,coordinate pattern: repeated letters with spaces
411,0x595F78,0x595F7A,fragment,80,2,2,,too short for menu text
412,0x595F7E,0x595F7F,fragment,80,1,1,,too short for menu text
413,0x595F80,0x595F82,fragment,80,2,2,,too short for menu text
414,0x595F84,0x595F84,ui_table,90,0,8,q q  DB,coordinate pattern: letters with double space
415,0x595F8D,0x595F8D,binary_data,90,0,9,_7 !,high byte ratio: 40.00%
416,0x595F9A,0x595F9B,fragment,80,1,1,,too short for menu text
417,0x595F9C,0x595F9E,fragment,80,2,2,,too short for menu text
418,0x595FA0,0x595FA0,ui_table,90,0,8,s s 3E14,coordinate pattern: letter space letter space digit
419,0x595FB0,0x595FB2,binary_data,90,2,3,,high byte ratio: 100.00%
420,0x595FB6,0x595FB7,fragment,80,1,1,,too short for menu text
421,0x595FB8,0x595FBA,fragment,80,2,2,,too short for menu text
422,0x595FBC,0x595FBC,ui_table,90,0,8,u u F1*,coordinate pattern: repeated letters with spaces
423,0x595FC6,0x595FC7,fragment,80,1,2,*,too short for menu text
424,0x595FCC,0x595FCE,fragment,80,2,2,,too short for menu text
425,0x595FD2,0x595FD3,fragment,80,1,1,,too short for menu text
426,0x595FD4,0x595FD6,fragment,80,2,2,,too short for menu text
427,0x595FD8,0x595FD8,ui_table,90,0,8,v v 5GB,coordinate pattern: letter space letter space digit
428,0x595FE1,0x595FE1,ui_table,85,0,9,_6 !,in known UI coordinate region with digits
429,0x595FEE,0x595FEF,fragment,80,1,1,,too short for menu text
430,0x595FF0,0x595FF2,fragment,80,2,2,,too short for menu text
431,0x595FF4,0x595FF4,ui_table,90,0,8,x x H1>,coordinate pattern: repeated letters with spaces
432,0x595FFE,0x595FFF,fragment,80,1,2,%,too short for menu text
433,0x596004,0x596006,fragment,80,2,2,,too short for menu text
434,0x59600A,0x59600B,fragment,80,1,1,,too short for menu text
435,0x59600C,0x59600E,fragment,80,2,2,,too short for menu text
436,0x596010,0x596010,ui_table,90,0,8,y y 7I1,coordinate pattern: letter space letter space digit
437,0x596020,0x596022,fragment,80,2,2,,too short for menu text
438,0x596026,0x596027,fragment,80,1,1,,too short for menu text
439,0x596028,0x59602A,fragment,80,2,2,,too short for menu text
440,0x59602C,0x59602C,ui_table,85,0,7,£ £ 3Jé,in known UI coordinate region with digits
441,0x59603C,0x59603E,fragment,80,2,2,,too short for menu text
442,0x596042,0x596043,fragment,80,1,1,,too short for menu text
443,0x596044,0x596046,fragment,80,2,2,,too short for menu text
444,0x596048,0x596048,ui_table,85,0,7,3f1,in known UI coordinate region with digits
445,0x596052,0x596052,fragment,80,0,1,(,too short for menu text
446,0x596058,0x59605A,fragment,80,2,2,,too short for menu text
447,0x59605E,0x59605F,fragment,80,1,1,,too short for menu text
448,0x596060,0x596062,fragment,80,2,2,,too short for menu text
449,0x596064,0x596064,ui_table,90,0,7,ö ö 7L,coordinate pattern: letter space letter space digit
450,0x59606E,0x59606E,fragment,80,0,1,/,too short for menu text
451,0x596074,0x596076,fragment,80,2,2,,too short for menu text
452,0x59607A,0x59607B,fragment,80,1,1,,too short for menu text
453,0x59607C,0x59607E,fragment,80,2,2,,too short for menu text
454,0x596080,0x596080,binary_data,90,0,7,M,high byte ratio: 66.67%
455,0x59608A,0x59608A,fragment,80,0,2,#,too short for menu text
456,0x596090,0x596092,fragment,80,2,2,,too short for menu text
457,0x596096,0x596097,fragment,80,1,1,,too short for menu text
458,0x596098,0x59609A,fragment,80,2,2,,too short for menu text
459,0x59609C,0x59609C,binary_data,90,0,7,N,high byte ratio: 66.67%
460,0x5960A6,0x5960A6,fragment,80,0,2,#!,too short for menu text
461,0x5960AC,0x5960AE,fragment,80,2,2,,too short for menu text
462,0x5960B2,0x5960B3,fragment,80,1,1,,too short for menu text
463,0x5960B4,0x5960B6,fragment,80,2,2,,too short for menu text
464,0x5960B8,0x5960B8,binary_data,90,0,7,O,high byte ratio: 66.67%
465,0x5960C2,0x5960C2,fragment,80,0,2,"#""",too short for menu text
466,0x5960C8,0x5960CA,fragment,80,2,2,,too short for menu text
467,0x5960CE,0x5960CF,fragment,80,1,1,,too short for menu text
468,0x5960D0,0x5960D2,fragment,80,2,2,,too short for menu text
469,0x5960D4,0x5960D4,binary_data,90,0,7,P,high byte ratio: 66.67%
470,0x5960DE,0x5960DE,fragment,80,0,2,##,too short for menu text
471,0x5960E4,0x5960E6,fragment,80,2,2,,too short for menu text
472,0x5960EA,0x5960EB,fragment,80,1,1,,too short for menu text
473,0x5960EC,0x5960EE,fragment,80,2,2,,too short for menu text
474,0x5960F0,0x5960F0,ui_table,85,0,8,î î 3Q1R,coordinate pattern: ends with digit-letter pattern
475,0x596100,0x596102,fragment,80,2,2,,too short for menu text
476,0x596106,0x596107,fragment,80,1,1,,too short for menu text
477,0x596108,0x59610A,fragment,80,2,2,,too short for menu text
478,0x59610C,0x59610C,ui_table,85,0,8,ô ô 5RD0,in known UI coordinate region with digits
479,0x59611C,0x59611D,fragment,80,1,2,"""",too short for menu text
480,0x596122,0x596123,fragment,80,1,1,,too short for menu text
481,0x596124,0x596126,fragment,80,2,2,,too short for menu text
482,0x596128,0x596128,ui_table,85,0,8,ó ó 7S1P,coordinate pattern: ends with digit-letter pattern
483,0x596138,0x596138,fragment,80,0,2,(,too short for menu text
484,0x59613E,0x59613F,fragment,80,1,1,,too short for menu text
485,0x596140,0x596142,fragment,80,2,2,,too short for menu text
486,0x596144,0x596144,ui_table,85,0,8,ò ò T1*,in known UI coordinate region with digits
487,0x59614E,0x59614F,fragment,80,1,2,*,too short for menu text
488,0x596154,0x596156,fragment,80,2,2,,too short for menu text
489,0x59615A,0x59615B,fragment,80,1,1,,too short for menu text
490,0x59615C,0x59615E,fragment,80,2,2,,too short for menu text
491,0x596160,0x596160,ui_table,85,0,8,õ õ 7U1<,in known UI coordinate region with digits
492,0x596170,0x596172,fragment,80,2,2,,too short for menu text
493,0x596173,0x596173,binary_data,90,0,1,,high byte ratio: 100.00%
494,0x596176,0x596177,fragment,80,1,1,,too short for menu text
495,0x596178,0x59617A,fragment,80,2,2,,too short for menu text
496,0x59617C,0x59617C,ui_table,85,0,8,° ° V1*,in known UI coordinate region with digits
497,0x596186,0x596187,fragment,80,1,2,/,too short for menu text
498,0x59618C,0x59618E,fragment,80,2,2,,too short for menu text
499,0x596192,0x596193,fragment,80,1,1,,too short for menu text
500,0x596194,0x596196,fragment,80,2,2,,too short for menu text
501,0x596198,0x596198,ui_table,85,0,8,• • 7W1,coordinate pattern: ends with digit-letter pattern
502,0x5961A8,0x5961AA,fragment,80,2,2,,too short for menu text
503,0x5961AE,0x5961AF,fragment,80,1,1,,too short for menu text
504,0x5961B0,0x5961B2,fragment,80,2,2,,too short for menu text
505,0x5961B4,0x5961B4,ui_table,90,0,8,ß ß 5XB,coordinate pattern: letter space letter space digit
506,0x5961BE,0x5961BE,ui_table,85,0,1,0,in known UI coordinate region with digits
507,0x5961C4,0x5961C6,fragment,80,2,2,,too short for menu text
508,0x5961CA,0x5961CB,fragment,80,1,1,,too short for menu text
509,0x5961CC,0x5961CE,fragment,80,2,2,,too short for menu text
510,0x5961D0,0x5961D0,ui_table,85,0,8,5Y(@,in known UI coordinate region with digits
511,0x5961E0,0x5961E1,fragment,80,1,2,"""",too short for menu text
512,0x5961E6,0x5961E7,fragment,80,1,1,,too short for menu text
513,0x5961E8,0x5961EA,fragment,80,2,2,,too short for menu text
514,0x5961EC,0x5961EC,ui_table,85,0,8,7Z1p,in known UI coordinate region with digits
515,0x5961FC,0x5961FE,fragment,80,2,2,,too short for menu text
516,0x596202,0x596203,fragment,80,1,1,,too short for menu text
517,0x596204,0x596206,fragment,80,2,2,,too short for menu text
518,0x596208,0x596208,ui_table,85,0,8,5[B,in known UI coordinate region with digits
519,0x596211,0x596211,fragment,80,0,1,_,too short for menu text
520,0x596214,0x596217,fragment,80,3,6,`,too short for menu text
521,0x59621E,0x59621F,fragment,80,1,1,,too short for menu text
522,0x596220,0x596222,fragment,80,2,2,,too short for menu text
523,0x596224,0x596224,binary_data,90,0,8,5\B,high byte ratio: 40.00%
524,0x59622D,0x59622D,fragment,80,0,1,_,too short for menu text
525,0x596230,0x596230,unknown,50,0,7,!     ü,no pattern matched
526,0x59623A,0x59623B,fragment,80,1,1,,too short for menu text
527,0x59623C,0x59623E,fragment,80,2,2,,too short for menu text
528,0x596240,0x596240,binary_data,90,0,8,7]B,high byte ratio: 40.00%
529,0x596249,0x596249,fragment,80,0,1,_,too short for menu text
530,0x59624C,0x59624C,unknown,50,0,7,!     ü,no pattern matched
531,0x596254,0x596254,fragment,80,0,3,£E,too short for menu text
532,0x596258,0x59625A,ui_table,90,2,9,C ü ü 3,coordinate pattern: repeated letters with spaces
533,0x596262,0x596262,ui_table,85,0,2,18,in known UI coordinate region with digits
534,0x59626C,0x59626E,fragment,80,2,2,,too short for menu text
535,0x596270,0x596270,fragment,80,0,1,ã,too short for menu text
536,0x596272,0x596273,fragment,80,1,1,,too short for menu text
537,0x596274,0x596276,fragment,80,2,2,,too short for menu text
538,0x596278,0x596278,binary_data,90,0,8,7_B\,high byte ratio: 33.33%
539,0x596288,0x596288,fragment,80,0,2,!,too short for menu text
540,0x59628C,0x59628C,fragment,80,0,3,£L,too short for menu text
541,0x596290,0x596292,binary_data,90,2,9,4   3,high byte ratio: 50.00%
542,0x59629A,0x59629A,ui_table,85,0,2,1J,in known UI coordinate region with digits
543,0x5962A4,0x5962A6,fragment,80,2,2,,too short for menu text
544,0x5962A8,0x5962A8,fragment,80,0,1,ã,too short for menu text
545,0x5962AA,0x5962AB,fragment,80,1,1,,too short for menu text
546,0x5962AC,0x5962AE,fragment,80,2,2,,too short for menu text
547,0x5962B0,0x5962B0,binary_data,90,0,8,7aBf,high byte ratio: 33.33%
548,0x5962C0,0x5962C0,fragment,80,0,2,$,too short for menu text
549,0x5962C4,0x5962C4,fragment,80,0,3,£C,too short for menu text
550,0x5962C8,0x5962CA,binary_data,90,2,9,3,high byte ratio: 75.00%
551,0x5962D2,0x5962D2,ui_table,85,0,2,1(,in known UI coordinate region with digits
552,0x5962D6,0x5962D7,fragment,80,1,2,%,too short for menu text
553,0x5962DC,0x5962DE,fragment,80,2,2,,too short for menu text
554,0x5962E0,0x5962E0,fragment,80,0,1,ã,too short for menu text
555,0x5962E2,0x5962E3,fragment,80,1,1,,too short for menu text
556,0x5962E4,0x5962E6,fragment,80,2,2,,too short for menu text
557,0x5962E8,0x5962E8,binary_data,90,0,8,3cB,high byte ratio: 40.00%
558,0x5962F1,0x5962F1,fragment,80,0,1,_,too short for menu text
559,0x5962F4,0x5962F4,binary_data,90,0,6,8,high byte ratio: 50.00%
560,0x5962FC,0x5962FC,ui_table,85,0,3,£9,in known UI coordinate region with digits
561,0x596300,0x596302,binary_data,90,2,9,!  7,high byte ratio: 60.00%
562,0x59630A,0x59630A,ui_table,85,0,2,1H,in known UI coordinate region with digits
563,0x596314,0x596316,fragment,80,2,2,,too short for menu text
564,0x596318,0x596318,fragment,80,0,1,ã,too short for menu text
565,0x59631A,0x59631B,fragment,80,1,1,,too short for menu text
566,0x59631C,0x59631E,fragment,80,2,2,,too short for menu text
567,0x596320,0x596320,binary_data,90,0,8,7eB,high byte ratio: 40.00%
568,0x596329,0x596329,ui_table,85,0,9,'8!,in known UI coordinate region with digits
569,0x596338,0x59633A,fragment,80,2,2,,too short for menu text
570,0x596340,0x596340,ui_table,85,0,4,7m1R,in known UI coordinate region with digits
571,0x59634C,0x59634E,fragment,80,2,2,,too short for menu text
572,0x596350,0x596350,fragment,80,0,1,ã,too short for menu text
573,0x596354,0x596356,fragment,80,2,2,,too short for menu text
574,0x59635C,0x59635C,ui_table,85,0,4,7nBz,in known UI coordinate region with digits
575,0x596368,0x59636A,fragment,80,2,2,,too short for menu text
576,0x596370,0x596372,fragment,80,2,2,,too short for menu text
577,0x596378,0x596378,ui_table,85,0,4,6o10,in known UI coordinate region with digits
578,0x596384,0x596385,fragment,80,1,2,`,too short for menu text
579,0x59698D,0x596990,fragment,80,3,3,,too short for menu text
580,0x596994,0x59699C,unknown,50,8,68,"""£   £ ""S    ""]! ^ [!     `!\   \ `!:   q `! q ?  y",no pattern matched
581,0x5969DC,0x5969E4,unknown,50,8,26,"""S   S ""!sè7áè",no pattern matched
582,0x5969F7,0x5969F8,clean_text,95,1,6,Hitze,contains German indicator word
583,0x5969FE,0x596A04,clean_text,95,6,11,Kälte,contains German indicator word
584,0x596A0A,0x596A10,clean_text,95,6,14,Gewitter,contains German indicator word
585,0x596A19,0x596A1C,clean_text,95,3,7,Erde,contains German indicator word
586,0x596A21,0x596A28,clean_text,95,7,11,Gift,contains German indicator word
587,0x596A2D,0x596A34,clean_text,85,7,18,Schwerkraft,"german_ratio=100.00%, ff7_valid=100.00%"
588,0x596A40,0x596A40,clean_text,95,0,6,Wasser,contains German indicator word
589,0x596A47,0x596A4C,clean_text,95,5,9,Wind,contains German indicator word
590,0x596A51,0x596A58,clean_text,95,7,13,Heilig,contains German indicator word
591,0x596A5F,0x596A68,clean_text,95,9,12,Tod,contains German indicator word
592,0x596A6C,0x596A7C,clean_text,95,16,22,Gefahr,contains German indicator word
593,0x596A83,0x596A90,clean_text,95,13,19,Schlaf,contains German indicator word
594,0x596A97,0x596AA4,clean_text,95,13,17,Gift,contains German indicator word
595,0x596AA9,0x596AB8,clean_text,95,15,21,Trauer,contains German indicator word
596,0x596ABF,0x596ACC,clean_text,95,13,17,Zorn,contains German indicator word
597,0x596AD1,0x596AE0,clean_text,85,15,21,Psycho,"german_ratio=100.00%, ff7_valid=100.00%"
598,0x596AE7,0x596AF4,clean_text,85,13,22,Schweigen,"german_ratio=100.00%, ff7_valid=100.00%"
599,0x596AFE,0x596B08,clean_text,85,10,14,Hast,"german_ratio=100.00%, ff7_valid=100.00%"
600,0x596B0D,0x596B1C,clean_text,85,15,21,Gemach,"german_ratio=100.00%, ff7_valid=100.00%"
601,0x596B23,0x596B30,clean_text,85,13,17,Stop,"german_ratio=100.00%, ff7_valid=100.00%"
602,0x596B35,0x596B44,clean_text,85,15,21,Frosch,"german_ratio=100.00%, ff7_valid=100.00%"
603,0x596B4B,0x596B58,clean_text,85,13,18,Zwerg,"german_ratio=100.00%, ff7_valid=100.00%"
604,0x596B5E,0x596B6C,clean_text,85,14,28,Allm.Verstein.,"german_ratio=85.71%, ff7_valid=100.00%"
605,0x596B7B,0x596B80,clean_text,85,5,14,Verstein.,"german_ratio=88.89%, ff7_valid=100.00%"
606,0x596B8A,0x596B94,clean_text,85,10,17,Heilung,"german_ratio=100.00%, ff7_valid=100.00%"
607,0x596B9C,0x596BA8,clean_text,85,12,20,Barriere,"german_ratio=100.00%, ff7_valid=100.00%"
608,0x596BB1,0x596BBC,clean_text,85,11,17,ZBarr.,"german_ratio=83.33%, ff7_valid=100.00%"
609,0x596BC3,0x596BD0,clean_text,95,13,19,Wasser,contains German indicator word
610,0x596BD7,0x596BE4,fragment,80,13,13,,too short for menu text
611,0x596BE5,0x596BF8,clean_text,85,19,25,Schild,"german_ratio=100.00%, ff7_valid=100.00%"
612,0x596BFF,0x596C0C,clean_text,95,13,24,Todesurteil,contains German indicator word
613,0x596C18,0x596C20,clean_text,85,8,16,Manipul.,"german_ratio=87.50%, ff7_valid=100.00%"
614,0x596C29,0x596C34,clean_text,85,11,19,Tobsucht,"german_ratio=100.00%, ff7_valid=100.00%"
615,0x596C3D,0x596C48,clean_text,85,11,23,Unverwundbar,"german_ratio=100.00%, ff7_valid=100.00%"
616,0x596C55,0x596C5C,clean_text,85,7,14,Lähmung,"german_ratio=100.00%, ff7_valid=100.00%"
617,0x596C64,0x596C70,clean_text,85,12,17,Blind,"german_ratio=100.00%, ff7_valid=100.00%"
618,0x596C76,0x596C88,clean_text,95,18,38,Element/Nebenwirkung,contains German indicator word
619,0x596C9D,0x596CA1,clean_text,85,4,17,Zusatzwirkung,"german_ratio=100.00%, ff7_valid=100.00%"
620,0x596CAF,0x596CBA,clean_text,95,11,18,Angriff,contains German indicator word
621,0x596CC2,0x596CD3,clean_text,95,17,29,Verteidigung,contains German indicator word
622,0x596CE0,0x596CEC,clean_text,85,12,21,Halbieren,"german_ratio=100.00%, ff7_valid=100.00%"
623,0x596CF6,0x596D05,clean_text,85,15,24,Unwirksam,"german_ratio=100.00%, ff7_valid=100.00%"
624,0x596D0F,0x596D1E,clean_text,85,15,26,Absorbieren,"german_ratio=100.00%, ff7_valid=100.00%"
625,0x596D2A,0x596D37,fragment,80,13,13,,too short for menu text
626,0x596D38,0x596D50,fragment,80,24,24,,too short for menu text
627,0x596D51,0x596D69,fragment,80,24,24,,too short for menu text
628,0x596D6A,0x596D82,clean_text,95,24,30,Stärke,contains German indicator word
629,0x596D89,0x596D9B,clean_text,95,18,26,Geschick,contains German indicator word
630,0x596DA4,0x596DB4,clean_text,95,16,25,Vitalität,contains German indicator word
631,0x596DBE,0x596DCD,clean_text,95,15,21,Zauber,contains German indicator word
632,0x596DD4,0x596DE6,clean_text,85,18,23,Gemüt,"german_ratio=100.00%, ff7_valid=100.00%"
633,0x596DEC,0x596DFF,clean_text,95,19,24,Glück,contains German indicator word
634,0x596E05,0x596E18,clean_text,95,19,26,Angriff,contains German indicator word
635,0x596E20,0x596E31,clean_text,95,17,26,Angriff %,contains German indicator word
636,0x596E3B,0x596E4A,clean_text,95,15,27,Verteidigung,contains German indicator word
637,0x596E57,0x596E63,clean_text,95,12,26,Verteidigung %,contains German indicator word
638,0x596E72,0x596E7C,clean_text,95,10,16,Zauber,contains German indicator word
639,0x596E83,0x596E95,clean_text,95,18,30,Zauberabwehr,contains German indicator word
640,0x596EA2,0x596EAE,clean_text,95,12,24,Zauberabw. %,contains German indicator word
641,0x596EBB,0x596EC7,clean_text,85,12,16,Waf.,"german_ratio=75.00%, ff7_valid=100.00%"
642,0x596ECC,0x596EE0,clean_text,85,20,24,Rüs.,"german_ratio=75.00%, ff7_valid=100.00%"
643,0x596EE5,0x596EF9,clean_text,85,20,24,Acc.,"german_ratio=75.00%, ff7_valid=100.00%"
644,0x596EFE,0x596F12,clean_text,95,20,31,Limit-Stufe,contains German indicator word
645,0x596F1E,0x596F34,unknown,50,22,102,"""!    `! ã   `!R w ü        £     !£     î £       \      £ ",no pattern matched
646,0x596F85,0x596F96,clean_text,85,17,21,Rüs.,"german_ratio=75.00%, ff7_valid=100.00%"
647,0x596F9B,0x596FAC,clean_text,85,17,21,Acc.,"german_ratio=75.00%, ff7_valid=100.00%"
648,0x596FB1,0x596FC2,clean_text,85,17,21,Zub.,"german_ratio=75.00%, ff7_valid=100.00%"
649,0x596FC7,0x596FD8,clean_text,95,17,23,Stärke,contains German indicator word
650,0x596FDF,0x596FEE,clean_text,95,15,23,Geschick,contains German indicator word
651,0x596FF7,0x597004,clean_text,85,13,21,Vitalitä,"german_ratio=100.00%, ff7_valid=100.00%"
652,0x59700D,0x59701A,clean_text,95,13,19,Zauber,contains German indicator word
653,0x597021,0x597030,clean_text,95,15,20,Moral,contains German indicator word
654,0x597036,0x597046,clean_text,95,16,21,Glück,contains German indicator word
655,0x59704C,0x59705C,clean_text,95,16,23,Angriff,contains German indicator word
656,0x597064,0x597072,clean_text,95,14,23,Angriff %,contains German indicator word
657,0x59707C,0x597088,clean_text,95,12,24,Verteidigung,contains German indicator word
658,0x597095,0x59709E,clean_text,95,9,23,Verteidigung %,contains German indicator word
659,0x5970AD,0x5970B4,clean_text,95,7,13,Zauber,contains German indicator word
660,0x5970BB,0x5970CA,clean_text,95,15,27,Zauberabwehr,contains German indicator word
661,0x5970D7,0x5970E0,clean_text,95,9,21,Zauberabw. %,contains German indicator word
662,0x5970ED,0x5970F6,clean_text,85,9,17,Fassung:,"german_ratio=87.50%, ff7_valid=100.00%"
663,0x5970FF,0x59710C,clean_text,85,13,22,Wachstum:,"german_ratio=88.89%, ff7_valid=100.00%"
664,0x597116,0x597122,clean_text,85,12,17,Keine,"german_ratio=100.00%, ff7_valid=100.00%"
665,0x597128,0x597138,clean_text,85,16,22,Normal,"german_ratio=100.00%, ff7_valid=100.00%"
666,0x59713F,0x59714E,clean_text,85,15,22,Doppelt,"german_ratio=100.00%, ff7_valid=100.00%"
667,0x597156,0x597164,clean_text,85,14,22,Dreifach,"german_ratio=100.00%, ff7_valid=100.00%"
668,0x59716D,0x59717A,fragment,80,13,13,,too short for menu text
669,0x59717B,0x597194,binary_data,90,25,106,"""£   £ ""S    !ï   !!! !  ]!    `!\   \ `!:   r  X     ñ  q  ",high byte ratio: 31.82%
670,0x5971E6,0x5971EC,clean_text,95,6,11,Kälte,contains German indicator word
671,0x5971F2,0x5971F8,clean_text,85,6,11,Blitz,"german_ratio=100.00%, ff7_valid=100.00%"
672,0x5971FE,0x597204,clean_text,95,6,10,Erde,contains German indicator word
673,0x597209,0x597210,clean_text,95,7,11,Gift,contains German indicator word
674,0x597215,0x59721C,clean_text,85,7,18,Schwerkraft,"german_ratio=100.00%, ff7_valid=100.00%"
675,0x597228,0x597228,clean_text,95,0,6,Wasser,contains German indicator word
676,0x59722F,0x597234,clean_text,95,5,9,Wind,contains German indicator word
677,0x597239,0x597240,clean_text,95,7,13,Heilig,contains German indicator word
678,0x597247,0x597250,clean_text,85,9,43,Soll das wirklich entfernt werden?,"german_ratio=85.29%, ff7_valid=100.00%"
679,0x597273,0x597274,clean_text,85,1,4,Ja!,"german_ratio=66.67%, ff7_valid=100.00%"
680,0x597278,0x597298,clean_text,85,32,44,Einen Moment,"german_ratio=91.67%, ff7_valid=100.00%"
681,0x5972A5,0x5972BC,character_name,95,23,36,Sephiroth,contains SEPHIROTH
682,0x5972CA,0x5972E0,clean_text,85,22,26,Waf.,"german_ratio=75.00%, ff7_valid=100.00%"
683,0x5972E5,0x5972FC,clean_text,85,23,27,Rüs.,"german_ratio=75.00%, ff7_valid=100.00%"
684,0x597301,0x597318,clean_text,85,23,38,Fähigkeitsliste,"german_ratio=100.00%, ff7_valid=100.00%"
685,0x597328,0x597334,clean_text,85,12,26,Rüstungseffekt,"german_ratio=100.00%, ff7_valid=100.00%"
686,0x597343,0x597350,clean_text,85,13,19,Prüfen,"german_ratio=100.00%, ff7_valid=100.00%"
687,0x597357,0x59736C,clean_text,85,21,27,Ordnen,"german_ratio=100.00%, ff7_valid=100.00%"
688,0x597373,0x597388,clean_text,85,21,44,Gespeicherte Zahl   /24,"german_ratio=69.57%, ff7_valid=100.00%"
689,0x5973A0,0x5973A4,clean_text,85,4,6,AP,"german_ratio=100.00%, ff7_valid=100.00%"
690,0x5973A7,0x5973C0,clean_text,95,25,42,Auf nächste Ebene,contains German indicator word
691,0x5973D2,0x5973DC,clean_text,95,10,16,MASTER,contains German indicator word
692,0x5973E3,0x5973F8,clean_text,85,21,27,Ordnen,"german_ratio=100.00%, ff7_valid=100.00%"
693,0x5973FF,0x597414,clean_text,85,21,29,Tauschen,"german_ratio=100.00%, ff7_valid=100.00%"
694,0x59741D,0x597430,clean_text,85,19,34,Alles entfernen,"german_ratio=93.33%, ff7_valid=100.00%"
695,0x597440,0x59744C,clean_text,85,12,21,Wegwerfen,"german_ratio=100.00%, ff7_valid=100.00%"
696,0x597456,0x597468,fragment,80,18,18,,too short for menu text
697,0x597469,0x597484,clean_text,85,27,51,Geschwindigkeit   %HåHER,"german_ratio=79.17%, ff7_valid=100.00%"
698,0x59749D,0x5974A0,clean_text,85,3,18,Schutz   %HåHER,"german_ratio=66.67%, ff7_valid=100.00%"
699,0x5974B0,0x5974BC,clean_text,95,12,32,Zauberkraft   %HåHER,contains German indicator word
700,0x5974D1,0x5974D8,clean_text,95,7,21,Glück   %HåHER,contains German indicator word
701,0x5974E7,0x5974F4,clean_text,95,13,19,MASTER,contains German indicator word
702,0x5974FB,0x597510,clean_text,95,21,27,Stärke,contains German indicator word
703,0x597517,0x59752C,clean_text,95,21,30,Vitalität,contains German indicator word
704,0x597536,0x597548,clean_text,95,18,24,Zauber,contains German indicator word
705,0x59754F,0x597564,clean_text,85,21,30,Zbrvertdg,"german_ratio=100.00%, ff7_valid=100.00%"
706,0x59756E,0x597580,clean_text,95,18,26,Geschick,contains German indicator word
707,0x597589,0x59759C,clean_text,95,19,24,Glück,contains German indicator word
708,0x5975A2,0x5975B8,clean_text,85,22,27,MAXHP,"german_ratio=100.00%, ff7_valid=100.00%"
709,0x5975BE,0x5975D4,clean_text,85,22,27,MAXMP,"german_ratio=100.00%, ff7_valid=100.00%"
710,0x5975DA,0x5975F0,clean_text,85,22,27,MAXHP,"german_ratio=100.00%, ff7_valid=100.00%"
711,0x5975F6,0x59760C,clean_text,85,22,27,MAXMP,"german_ratio=100.00%, ff7_valid=100.00%"
712,0x597612,0x597628,clean_text,85,22,28,EXP.UP,"german_ratio=83.33%, ff7_valid=100.00%"
713,0x59762F,0x597644,clean_text,85,21,27,Gil UP,"german_ratio=83.33%, ff7_valid=100.00%"
714,0x59764B,0x597660,clean_text,85,21,32,Treffen - %,"german_ratio=63.64%, ff7_valid=100.00%"
715,0x59766C,0x59767C,clean_text,85,16,27,Treffen + %,"german_ratio=63.64%, ff7_valid=100.00%"
716,0x597688,0x597698,character_name,95,16,31,Chocobo treffen,contains CHOCO
717,0x5976A8,0x5976B4,clean_text,85,12,27,Präventivm. + %,"german_ratio=66.67%, ff7_valid=100.00%"
718,0x5976C4,0x5976D0,clean_text,85,12,23,Fernangriff,"german_ratio=100.00%, ff7_valid=100.00%"
719,0x5976DC,0x5976EC,clean_text,85,16,30,Alle angreifen,"german_ratio=92.86%, ff7_valid=100.00%"
720,0x5976FB,0x597708,clean_text,85,13,25,Gegenangriff,"german_ratio=100.00%, ff7_valid=100.00%"
721,0x597715,0x597724,clean_text,85,15,29,Alle angreifen,"german_ratio=92.86%, ff7_valid=100.00%"
722,0x597733,0x597740,clean_text,95,13,30,Ständiger Angriff,contains German indicator word
723,0x597752,0x59775C,clean_text,85,10,24,HP/MP-nderung,"german_ratio=84.62%, ff7_valid=100.00%"
724,0x59776B,0x59777C,unknown,50,17,189,"""    ""S    !C!! $!C!   ""C! D  £ } : !ì     5""S   S ""T !ç $!!",no pattern matched
725,0x59782C,0x597830,unknown,50,4,74,O    £ O w!!£     ô £ 8 ë   \ 8   \     Z \ ã   `!R w ü  Zau,no pattern matched
726,0x597877,0x597886,clean_text,85,15,25,Beschwören,"german_ratio=100.00%, ff7_valid=100.00%"
727,0x597891,0x59789C,clean_text,85,11,23,Feindtechnik,"german_ratio=100.00%, ff7_valid=100.00%"
728,0x5978A9,0x5978B2,clean_text,85,9,30,Zusätzliche Fähigkeit,"german_ratio=95.24%, ff7_valid=100.00%"
729,0x5978C8,0x5978C8,clean_text,85,0,4,Alle,"german_ratio=100.00%, ff7_valid=100.00%"
730,0x5978CD,0x5978DE,clean_text,85,17,24,4x-Zber,"german_ratio=71.43%, ff7_valid=100.00%"
731,0x5978E6,0x5978F4,clean_text,85,14,24,MP absorb.,"german_ratio=80.00%, ff7_valid=100.00%"
732,0x5978FF,0x59790A,clean_text,85,11,21,HP absorb.,"german_ratio=80.00%, ff7_valid=100.00%"
733,0x597915,0x597920,fragment,80,11,11,,too short for menu text
734,0x597921,0x597936,clean_text,85,21,32,Auch stehl.,"german_ratio=81.82%, ff7_valid=100.00%"
735,0x597942,0x59794C,clean_text,85,10,16,Schlag,"german_ratio=100.00%, ff7_valid=100.00%"
736,0x597953,0x597962,clean_text,85,15,23,Turbo-MP,"german_ratio=87.50%, ff7_valid=100.00%"
737,0x59796B,0x597978,clean_text,95,13,19,Nichts,contains German indicator word
738,0x59797F,0x59798E,clean_text,95,15,30,Nicht genug MP.,contains German indicator word
739,0x59799E,0x5979A4,fragment,80,6,6,,too short for menu text
740,0x5979A8,0x5979AC,unknown,50,4,105,"""    ""S    ""2!!K  £ !K  £ !   S     `!r   r `!:   ç `!  6 j ",no pattern matched
741,0x597A12,0x597A1A,clean_text,85,8,14,Ordnen,"german_ratio=100.00%, ff7_valid=100.00%"
742,0x597A21,0x597A2C,clean_text,85,11,27,Schlüsselobjekte,"german_ratio=100.00%, ff7_valid=100.00%"
743,0x597A3D,0x597A3E,clean_text,85,1,7,Allein,"german_ratio=100.00%, ff7_valid=100.00%"
744,0x597A45,0x597A50,clean_text,85,11,15,Feld,"german_ratio=100.00%, ff7_valid=100.00%"
745,0x597A55,0x597A62,clean_text,85,13,21,Schlacht,"german_ratio=100.00%, ff7_valid=100.00%"
746,0x597A6B,0x597A74,clean_text,85,9,15,Werfen,"german_ratio=100.00%, ff7_valid=100.00%"
747,0x597A7B,0x597A86,clean_text,85,11,14,Typ,"german_ratio=100.00%, ff7_valid=100.00%"
748,0x597A8A,0x597A98,clean_text,85,14,18,Name,"german_ratio=100.00%, ff7_valid=100.00%"
749,0x597A9D,0x597AAA,clean_text,85,13,17,Max.,"german_ratio=75.00%, ff7_valid=100.00%"
750,0x597AAF,0x597ABC,clean_text,85,13,17,Min.,"german_ratio=75.00%, ff7_valid=100.00%"
751,0x597AC1,0x597AD0,clean_text,85,15,24,OK! Klar!,"german_ratio=66.67%, ff7_valid=100.00%"
752,0x597ADA,0x597AF8,clean_text,95,30,57,"Ich bin nicht sicher, aber",contains German indicator word
753,0x597B14,0x597B20,clean_text,85,12,25,Ist mir egal.,"german_ratio=76.92%, ff7_valid=100.00%"
754,0x597B2E,0x597B48,clean_text,85,26,35,Heh! Heh!,"german_ratio=66.67%, ff7_valid=100.00%"
755,0x597B52,0x597B70,clean_text,85,30,54,V-v-verdammt! Mein Kopf!,"german_ratio=75.00%, ff7_valid=100.00%"
756,0x597B89,0x597B98,clean_text,95,15,41,Hat nichts mit mir zu tun!,contains German indicator word
757,0x597BB3,0x597BC0,clean_text,85,13,33,"Hmm, das wär's also.","german_ratio=70.00%, ff7_valid=100.00%"
758,0x597BD5,0x597BE8,clean_text,95,19,46,"Ich bin nicht sicher, aber",contains German indicator word
759,0x597C04,0x597C10,clean_text,85,12,48,Ich hab die falsche Person erwischt.,"german_ratio=83.33%, ff7_valid=100.00%"
760,0x597C35,0x597C38,clean_text,85,3,22,Das sollte ok sein.,"german_ratio=78.95%, ff7_valid=100.00%"
761,0x597C4C,0x597C60,clean_text,95,20,43,Noch nicht ganz bereit.,contains German indicator word
762,0x597C78,0x597C88,clean_text,95,16,39,"Nein, ich bin es nicht.",contains German indicator word
763,0x597CA0,0x597CB0,clean_text,85,16,25,"Ok, klar!","german_ratio=66.67%, ff7_valid=100.00%"
764,0x597CBA,0x597CD8,clean_text,95,30,47,Kapier ich nicht.,contains German indicator word
765,0x597CEA,0x597D00,clean_text,95,22,48,Hat nichts mit mir zu tun.,contains German indicator word
766,0x597D1B,0x597D28,clean_text,85,13,38,Cool! Das sollte ok sein!,"german_ratio=76.00%, ff7_valid=100.00%"
767,0x597D42,0x597D50,clean_text,95,14,36,Nee! Kapier ich nicht!,contains German indicator word
768,0x597D67,0x597D78,clean_text,85,17,49,"Mann, ich tapp total im Dunkeln!","german_ratio=78.12%, ff7_valid=100.00%"
769,0x597D99,0x597DA0,clean_text,95,7,43,Ich verlier immer mehr Menschliches,contains German indicator word
770,0x597DC5,0x597DC8,clean_text,95,3,29,Ich bin noch nicht bereit.,contains German indicator word
771,0x597DE3,0x597DF0,clean_text,95,13,42,Es hat nichts mit mir zu tun.,contains German indicator word
772,0x597E0E,0x597E18,clean_text,85,10,37,Das gefällt mir! Her damit!,"german_ratio=77.78%, ff7_valid=100.00%"
773,0x597E34,0x597E40,clean_text,95,12,51,"Hmph. Hab ich nicht ganz kapiert, aber",contains German indicator word
774,0x597E68,0x597E68,clean_text,95,0,32,Nicht ich! Gib es jemand anders!,contains German indicator word
775,0x597E89,0x597E90,clean_text,95,7,36,Es hat nichts mit mir zu tun.,contains German indicator word
776,0x597EAE,0x597EB8,unknown,50,10,126,"%!à >!, )!Y   h 7!é f R å 7    á ç v    !! &!   b a ) V ; = ",no pattern matched
777,0x597F2D,0x597F2E,unknown,50,1,683,8 N ï    E   • z E!° 5!@!i n q F!í       4 (! ì Z x   B â   ,no pattern matched
778,0x5981E8,0x5981E8,binary_data,90,0,7,Zí,high byte ratio: 71.43%
779,0x5981F1,0x5981F1,binary_data,90,0,7,ä,high byte ratio: 85.71%
780,0x5981FE,0x5981FE,binary_data,90,0,4,,high byte ratio: 100.00%
781,0x598208,0x598208,binary_data,90,0,7,í,high byte ratio: 85.71%
782,0x598211,0x598211,binary_data,90,0,7,ä,high byte ratio: 85.71%
783,0x59821D,0x59821D,binary_data,90,0,6,,high byte ratio: 100.00%
784,0x598228,0x598228,binary_data,90,0,7,ëí,high byte ratio: 71.43%
785,0x598231,0x598231,binary_data,90,0,7,V,high byte ratio: 85.71%
786,0x59823C,0x59823C,binary_data,90,0,8,,high byte ratio: 100.00%
787,0x598248,0x598248,binary_data,90,0,16,âvÜÜÜÜS\,high byte ratio: 50.00%
788,0x59825B,0x59825B,binary_data,90,0,10,äí,high byte ratio: 80.00%
789,0x598268,0x598268,binary_data,90,0,16,VâÜäÜéudâ,high byte ratio: 43.75%
790,0x59827A,0x59827A,binary_data,90,0,11,ä|â,high byte ratio: 72.73%
791,0x598289,0x598289,binary_data,90,0,14,äâÜVâe,high byte ratio: 57.14%
792,0x59829A,0x59829A,binary_data,90,0,12,vSÜâ,high byte ratio: 66.67%
793,0x5982A9,0x5982A9,binary_data,90,0,14,éVëÜâS,high byte ratio: 57.14%
794,0x5982B9,0x5982B9,binary_data,90,0,13,äâXÜ,high byte ratio: 69.23%
795,0x5982C9,0x5982C9,binary_data,90,0,14,äÜëâX,high byte ratio: 64.29%
796,0x5982D9,0x5982D9,binary_data,90,0,14,VxÜ,high byte ratio: 78.57%
797,0x5982EA,0x5982EA,binary_data,90,0,12,VÜVS,high byte ratio: 66.67%
798,0x5982F9,0x5982F9,binary_data,90,0,14,äÜÜXäí,high byte ratio: 57.14%
799,0x59830A,0x59830A,binary_data,90,0,12,äÜí,high byte ratio: 75.00%
800,0x598319,0x598319,binary_data,90,0,14,VéâÜ,high byte ratio: 71.43%
801,0x59832B,0x59832B,binary_data,90,0,10,ë,high byte ratio: 90.00%
802,0x598338,0x598338,binary_data,90,0,16,VäâXéf,high byte ratio: 62.50%
803,0x59834B,0x59834B,binary_data,90,0,10,S,high byte ratio: 90.00%
804,0x598358,0x598358,binary_data,90,0,16,ïxÜe,high byte ratio: 75.00%
805,0x59836C,0x59836C,binary_data,90,0,8,,high byte ratio: 100.00%
806,0x598378,0x598378,binary_data,90,0,16,íÜ,high byte ratio: 87.50%
807,0x59838D,0x59838D,binary_data,90,0,6,,high byte ratio: 100.00%
808,0x598398,0x598398,binary_data,90,0,7,ä,high byte ratio: 85.71%
809,0x5983A1,0x5983A1,binary_data,90,0,7,,high byte ratio: 100.00%
810,0x5983AE,0x5983AE,binary_data,90,0,4,,high byte ratio: 100.00%
811,0x5983B8,0x5983B8,binary_data,90,0,7,ää,high byte ratio: 71.43%
812,0x5983C1,0x5983C1,binary_data,90,0,7,ä,high byte ratio: 85.71%
813,0x5983D8,0x5983D8,binary_data,90,0,7,Zí,high byte ratio: 71.43%
814,0x5983E1,0x5983E1,binary_data,90,0,7,ä,high byte ratio: 85.71%
815,0x5983F8,0x5983F8,binary_data,90,0,7,í,high byte ratio: 85.71%
816,0x598401,0x598401,binary_data,90,0,7,ä,high byte ratio: 85.71%
817,0x59840E,0x59840E,binary_data,90,0,4,,high byte ratio: 100.00%
818,0x598418,0x598418,binary_data,90,0,7,ëí,high byte ratio: 71.43%
819,0x598421,0x598421,binary_data,90,0,7,V,high byte ratio: 85.71%
820,0x59842D,0x59842D,binary_data,90,0,6,,high byte ratio: 100.00%
821,0x598438,0x598438,binary_data,90,0,16,âvÜÜÜÜS\,high byte ratio: 50.00%
822,0x59844C,0x59844C,binary_data,90,0,8,,high byte ratio: 100.00%
823,0x598458,0x598458,binary_data,90,0,16,VâÜäÜéudâ,high byte ratio: 43.75%
824,0x59846B,0x59846B,binary_data,90,0,10,äí,high byte ratio: 80.00%
825,0x598479,0x598479,binary_data,90,0,14,äâÜVâe,high byte ratio: 57.14%
826,0x59848A,0x59848A,binary_data,90,0,11,ä|â,high byte ratio: 72.73%
827,0x598499,0x598499,binary_data,90,0,14,éVëÜâS,high byte ratio: 57.14%
828,0x5984AA,0x5984AA,binary_data,90,0,12,vSÜâ,high byte ratio: 66.67%
829,0x5984B9,0x5984B9,binary_data,90,0,14,äÜëâX,high byte ratio: 64.29%
830,0x5984C9,0x5984C9,binary_data,90,0,13,äâXÜ,high byte ratio: 69.23%
831,0x5984DA,0x5984DA,binary_data,90,0,12,VÜVS,high byte ratio: 66.67%
832,0x5984E9,0x5984E9,binary_data,90,0,14,VxÜ,high byte ratio: 78.57%
833,0x5984FA,0x5984FA,binary_data,90,0,12,äÜí,high byte ratio: 75.00%
834,0x598509,0x598509,binary_data,90,0,14,äÜÜXäí,high byte ratio: 57.14%
835,0x59851B,0x59851B,binary_data,90,0,10,ë,high byte ratio: 90.00%
836,0x598529,0x598529,binary_data,90,0,14,VéâÜ,high byte ratio: 71.43%
837,0x59853B,0x59853B,binary_data,90,0,10,S,high byte ratio: 90.00%
838,0x598548,0x598548,binary_data,90,0,16,VäâXéf,high byte ratio: 62.50%
839,0x59855C,0x59855C,binary_data,90,0,8,,high byte ratio: 100.00%
840,0x598568,0x598568,binary_data,90,0,16,ïxÜe,high byte ratio: 75.00%
841,0x59857D,0x59857D,binary_data,90,0,6,,high byte ratio: 100.00%
842,0x598588,0x598588,binary_data,90,0,16,íÜ,high byte ratio: 87.50%
843,0x59859E,0x59859E,binary_data,90,0,4,,high byte ratio: 100.00%
844,0x5985A8,0x5985A8,binary_data,90,0,7,ä,high byte ratio: 85.71%
845,0x5985B1,0x5985B1,binary_data,90,0,7,,high byte ratio: 100.00%
846,0x5985C8,0x5985C8,binary_data,90,0,7,ää,high byte ratio: 71.43%
847,0x5985D1,0x5985D1,character_name,95,0,92,"ä        !""#$%'(    ""S   S ""S   ~ ""! :       `!:   : `!:   O",contains CLOUD
848,0x59862E,0x598634,character_name,95,6,12,Barret,contains BARRET
849,0x59863B,0x598640,character_name,95,5,9,Tifa,contains TIFA
850,0x598645,0x59864C,character_name,95,7,12,Aeris,contains AERIS
851,0x598652,0x598658,character_name,95,6,14,Red XIII,contains RED
852,0x598661,0x598664,character_name,95,3,9,Yuffie,contains YUFFIE
853,0x59866B,0x598670,character_name,95,5,14,Cait Sith,contains CAIT
854,0x59867A,0x59867C,character_name,95,2,9,Vincent,contains VINCENT
855,0x598684,0x598688,character_name,95,4,7,Cid,contains CID
856,0x59868C,0x598694,character_name,95,8,13,Choco,contains CHOCO
857,0x59869A,0x5986A0,fragment,80,6,6,,too short for menu text
858,0x5986A1,0x5986AA,fragment,80,9,9,,too short for menu text
859,0x5986AB,0x5986B4,fragment,80,9,9,,too short for menu text
860,0x5986B5,0x5986BE,clean_text,85,9,13,Leer,"german_ratio=100.00%, ff7_valid=100.00%"
861,0x5986C3,0x5986C8,clean_text,85,5,12,Löschen,"german_ratio=100.00%, ff7_valid=100.00%"
862,0x5986D0,0x5986D2,clean_text,95,2,11,Auswählen,contains German indicator word
863,0x5986DC,0x5986DC,clean_text,85,0,8,Standard,"german_ratio=100.00%, ff7_valid=100.00%"
864,0x5986E5,0x5986E6,clean_text,85,1,10,Abbrechen,"german_ratio=100.00%, ff7_valid=100.00%"
865,0x5986F0,0x5986F0,unknown,50,0,89,"ABCDEFGHIJäKLMNOPQRSTUVWXYZ,.+-öabcdefghijåklmnopqrstÜuvwxyz",no pattern matched
866,0x59874A,0x598750,clean_text,85,6,15,Freshmake,"german_ratio=100.00%, ff7_valid=100.00%"
867,0x59875A,0x598760,clean_text,85,6,12,Square,"german_ratio=100.00%, ff7_valid=100.00%"
868,0x598767,0x598770,clean_text,85,9,13,3Dfx,"german_ratio=75.00%, ff7_valid=100.00%"
869,0x598775,0x598780,clean_text,85,11,16,Local,"german_ratio=100.00%, ff7_valid=100.00%"
870,0x598786,0x598790,clean_text,85,10,14,Gold,"german_ratio=100.00%, ff7_valid=100.00%"
871,0x598795,0x5987A0,binary_data,90,11,199,ëìèïókmoqs+-/13uwy{}579;=áâåç?ACEGô•____acegi!#%')üJLNPR_]^,high byte ratio: 32.40%
872,0x598860,0x598864,unknown,50,4,58,"!   ""   $   %   '   (        &4031&.      !îEx-SOLDIER",no pattern matched
873,0x59889C,0x59889E,fragment,80,2,2,,too short for menu text
874,0x59889F,0x5988A0,fragment,80,1,1,,too short for menu text
875,0x5988A1,0x5988A1,unknown,50,0,23,X!         Z!Z!V V,no pattern matched
876,0x5988BC,0x5988BC,unknown,50,0,12,"à""  T   R",no pattern matched
877,0x598900,0x598900,character_name,95,0,26,C   !!/-+)%-      !öBarret,contains BARRET
878,0x598920,0x598920,fragment,80,0,2,@,too short for menu text
879,0x598923,0x598924,fragment,80,1,1,,too short for menu text
880,0x598925,0x598926,binary_data,90,1,23,!           / /,high byte ratio: 40.00%
881,0x598940,0x598940,fragment,80,0,4,*,too short for menu text
882,0x598984,0x598988,character_name,95,4,24,"""!+++*'.      !9Tifa",contains TIFA
883,0x5989A4,0x5989A4,fragment,80,0,2,0,too short for menu text
884,0x5989A7,0x5989A8,fragment,80,1,1,,too short for menu text
885,0x5989A9,0x5989AA,binary_data,90,1,23,!           0 0,high byte ratio: 40.00%
886,0x5989C4,0x5989C4,fragment,80,0,4,(,too short for menu text
887,0x598A08,0x598A0C,character_name,95,4,26,#!*+-.%.      !4Aerith,contains AERITH
888,0x598A28,0x598A28,fragment,80,0,2,^,too short for menu text
889,0x598A2B,0x598A2C,binary_data,90,1,25,!           7 7,high byte ratio: 50.00%
890,0x598A48,0x598A4C,fragment,80,4,4,,too short for menu text
891,0x598A8C,0x598A90,character_name,95,4,23,"$!*,+**.      !äRed",contains RED
892,0x598AAC,0x598AAC,fragment,80,0,2,P#,too short for menu text
893,0x598AAF,0x598AB0,fragment,80,1,1,,too short for menu text
894,0x598AB1,0x598AB2,binary_data,90,1,23,!           1 1,high byte ratio: 40.00%
895,0x598ACC,0x598ACC,unknown,50,0,12,",   Q# 7#",no pattern matched
896,0x598AF0,0x598AF0,fragment,80,0,4,E,too short for menu text
897,0x598B10,0x598B14,character_name,95,4,26,%!            !KYuffie,contains YUFFIE
898,0x598B30,0x598B30,fragment,80,0,2,w$,too short for menu text
899,0x598B33,0x598B34,fragment,80,1,1,,too short for menu text
900,0x598B35,0x598B36,unknown,50,1,23,!         ã ã % %,no pattern matched
901,0x598B50,0x598B54,clean_text,85,4,8,GL!,"german_ratio=66.67%, ff7_valid=100.00%"
902,0x598B94,0x598B98,character_name,95,4,30,&!*+-+%/      ! Cait Seith,contains CAIT
903,0x598BB4,0x598BB4,fragment,80,0,2,å%,too short for menu text
904,0x598BB7,0x598BB8,fragment,80,1,1,,too short for menu text
905,0x598BB9,0x598BBA,binary_data,90,1,23,!           2 2,high byte ratio: 40.00%
906,0x598BD4,0x598BD4,unknown,50,0,12,.   J   Zx;,no pattern matched
907,0x598C18,0x598C1C,character_name,95,4,27,'!)*++%.      !WVincent,contains VINCENT
908,0x598C38,0x598C38,fragment,80,0,2,ò%,too short for menu text
909,0x598C3B,0x598C3C,fragment,80,1,1,,too short for menu text
910,0x598C3D,0x598C3E,binary_data,90,1,23,!           2 2,high byte ratio: 40.00%
911,0x598C58,0x598C58,fragment,80,0,4,0,too short for menu text
912,0x598C9C,0x598CA0,character_name,95,4,23,"(!,,+*&.      !_Cid",contains CID
913,0x598CBC,0x598CBC,fragment,80,0,2,i&,too short for menu text
914,0x598CBF,0x598CC0,fragment,80,1,1,,too short for menu text
915,0x598CC1,0x598CC2,binary_data,90,1,23,!           / /,high byte ratio: 40.00%
916,0x598CDC,0x598CDC,fragment,80,0,4,2,too short for menu text
917,0x598D20,0x598D24,unknown,50,4,20,")!,,+*&%      !",no pattern matched
918,0x598D40,0x598D41,binary_data,90,1,28,!  '!           $ $,high byte ratio: 37.50%
919,0x598D60,0x598D60,unknown,50,0,8,",   *",no pattern matched
920,0x598DA4,0x598DA4,character_name,95,0,29,õ   *RuhdfaN      ! Sephiroth,contains SEPHIROTH
921,0x598DC4,0x598DC4,unknown,50,0,4,ü&(,no pattern matched
922,0x598DC9,0x598DCA,unknown,50,1,23,!          / /!!,no pattern matched
923,0x598DE4,0x598DE4,binary_data,90,0,5,$ W,high byte ratio: 50.00%
924,0x598DEC,0x598DEC,fragment,80,0,1,U,too short for menu text
925,0x598DF0,0x598DF0,fragment,80,0,1,S,too short for menu text
926,0x598DF4,0x598DF4,fragment,80,0,1,7,too short for menu text
927,0x598DF8,0x598DF8,fragment,80,0,1,Q,too short for menu text
928,0x598E08,0x598E08,fragment,80,0,1,R,too short for menu text
929,0x598E0C,0x598E0C,fragment,80,0,1,7,too short for menu text
930,0x598E10,0x598E10,fragment,80,0,1,T,too short for menu text
931,0x598E14,0x598E14,fragment,80,0,1,7,too short for menu text
932,0x598E28,0x598E28,binary_data,90,0,4,,high byte ratio: 100.00%
933,0x598EB1,0x598ED0,unknown,50,31,925,"!   &   !   ""   &   !   #   &   !   $   &   !   %   &   !   ",no pattern matched
934,0x59924F,0x599254,clean_text,95,5,19,Magic Materia!,contains German indicator word
935,0x599263,0x599268,clean_text,95,5,20,Summon Materia!,contains German indicator word
936,0x599278,0x59927C,clean_text,85,4,11,Command,"german_ratio=100.00%, ff7_valid=100.00%"
937,0x599284,0x599290,clean_text,85,12,27,Zero - AW YEAH!,"german_ratio=66.67%, ff7_valid=100.00%"
938,0x5992A0,0x5992A8,clean_text,85,8,13,Feuer,"german_ratio=100.00%, ff7_valid=100.00%"
939,0x5992AE,0x5992B4,clean_text,95,6,11,Kälte,contains German indicator word
940,0x5992BA,0x5992C0,clean_text,85,6,11,Blitz,"german_ratio=100.00%, ff7_valid=100.00%"
941,0x5992C6,0x5992CC,clean_text,95,6,10,Erde,contains German indicator word
942,0x5992D1,0x5992D8,clean_text,95,7,11,Gift,contains German indicator word
943,0x5992DD,0x5992E4,clean_text,85,7,18,Schwerkraft,"german_ratio=100.00%, ff7_valid=100.00%"
944,0x5992F0,0x5992F0,clean_text,95,0,6,Wasser,contains German indicator word
945,0x5992F7,0x5992FC,clean_text,95,5,9,Wind,contains German indicator word
946,0x599301,0x599308,clean_text,95,7,13,Heilig,contains German indicator word
947,0x59930F,0x599318,clean_text,85,9,43,Soll das wirklich entfernt werden?,"german_ratio=85.29%, ff7_valid=100.00%"
948,0x59933B,0x59933C,clean_text,85,1,4,Ja!,"german_ratio=66.67%, ff7_valid=100.00%"
949,0x599340,0x599360,clean_text,85,32,44,Einen Moment,"german_ratio=91.67%, ff7_valid=100.00%"
950,0x59936D,0x599384,character_name,95,23,36,Sephiroth,contains SEPHIROTH
951,0x599392,0x5993A8,clean_text,85,22,26,Waf.,"german_ratio=75.00%, ff7_valid=100.00%"
952,0x5993AD,0x5993C4,clean_text,85,23,27,Rüs.,"german_ratio=75.00%, ff7_valid=100.00%"
953,0x5993C9,0x5993E0,clean_text,85,23,38,Fähigkeitsliste,"german_ratio=100.00%, ff7_valid=100.00%"
954,0x5993F0,0x5993FC,clean_text,85,12,26,Rüstungseffekt,"german_ratio=100.00%, ff7_valid=100.00%"
955,0x59940B,0x599418,clean_text,85,13,19,Prüfen,"german_ratio=100.00%, ff7_valid=100.00%"
956,0x59941F,0x599434,clean_text,85,21,27,Ordnen,"german_ratio=100.00%, ff7_valid=100.00%"
957,0x59943B,0x599450,clean_text,85,21,44,Gespeicherte Zahl   /24,"german_ratio=69.57%, ff7_valid=100.00%"
958,0x599468,0x59946C,clean_text,85,4,6,AP,"german_ratio=100.00%, ff7_valid=100.00%"
959,0x59946F,0x599488,clean_text,95,25,42,Auf nächste Ebene,contains German indicator word
960,0x59949A,0x5994A4,clean_text,95,10,16,MASTER,contains German indicator word
961,0x5994AB,0x5994C0,clean_text,85,21,27,Ordnen,"german_ratio=100.00%, ff7_valid=100.00%"
962,0x5994C7,0x5994DC,clean_text,85,21,29,Tauschen,"german_ratio=100.00%, ff7_valid=100.00%"
963,0x5994E5,0x5994F8,clean_text,85,19,34,Alles entfernen,"german_ratio=93.33%, ff7_valid=100.00%"
964,0x599508,0x599514,clean_text,85,12,21,Wegwerfen,"german_ratio=100.00%, ff7_valid=100.00%"
965,0x59951E,0x599530,fragment,80,18,18,,too short for menu text
966,0x599531,0x59954C,clean_text,85,27,51,Geschwindigkeit   %HåHER,"german_ratio=79.17%, ff7_valid=100.00%"
967,0x599565,0x599568,clean_text,85,3,18,Schutz   %HåHER,"german_ratio=66.67%, ff7_valid=100.00%"
968,0x599578,0x599584,clean_text,95,12,32,Zauberkraft   %HåHER,contains German indicator word
969,0x599599,0x5995A0,clean_text,95,7,21,Glück   %HåHER,contains German indicator word
970,0x5995AF,0x5995BC,clean_text,95,13,19,MASTER,contains German indicator word
971,0x5995C3,0x5995D8,clean_text,95,21,27,Stärke,contains German indicator word
972,0x5995DF,0x5995F4,clean_text,95,21,30,Vitalität,contains German indicator word
973,0x5995FE,0x599610,clean_text,95,18,24,Zauber,contains German indicator word
974,0x599617,0x59962C,clean_text,85,21,30,Zbrvertdg,"german_ratio=100.00%, ff7_valid=100.00%"
975,0x599636,0x599648,clean_text,95,18,26,Geschick,contains German indicator word
976,0x599651,0x599664,clean_text,95,19,24,Glück,contains German indicator word
977,0x59966A,0x599680,clean_text,85,22,27,MAXHP,"german_ratio=100.00%, ff7_valid=100.00%"
978,0x599686,0x59969C,clean_text,85,22,27,MAXMP,"german_ratio=100.00%, ff7_valid=100.00%"
979,0x5996A2,0x5996B8,clean_text,85,22,27,MAXHP,"german_ratio=100.00%, ff7_valid=100.00%"
980,0x5996BE,0x5996D4,clean_text,85,22,27,MAXMP,"german_ratio=100.00%, ff7_valid=100.00%"
981,0x5996DA,0x5996F0,clean_text,85,22,28,EXP.UP,"german_ratio=83.33%, ff7_valid=100.00%"
982,0x5996F7,0x59970C,clean_text,85,21,27,Gil UP,"german_ratio=83.33%, ff7_valid=100.00%"
983,0x599713,0x599728,clean_text,85,21,32,Treffen - %,"german_ratio=63.64%, ff7_valid=100.00%"
984,0x599734,0x599744,clean_text,85,16,27,Treffen + %,"german_ratio=63.64%, ff7_valid=100.00%"
985,0x599750,0x599760,character_name,95,16,31,Chocobo treffen,contains CHOCO
986,0x599770,0x59977C,clean_text,85,12,27,Präventivm. + %,"german_ratio=66.67%, ff7_valid=100.00%"
987,0x59978C,0x599798,clean_text,85,12,23,Fernangriff,"german_ratio=100.00%, ff7_valid=100.00%"
988,0x5997A4,0x5997B4,clean_text,85,16,30,Alle angreifen,"german_ratio=92.86%, ff7_valid=100.00%"
989,0x5997C3,0x5997D0,clean_text,85,13,25,Gegenangriff,"german_ratio=100.00%, ff7_valid=100.00%"
990,0x5997DD,0x5997EC,clean_text,85,15,29,Alle angreifen,"german_ratio=92.86%, ff7_valid=100.00%"
991,0x5997FB,0x599808,clean_text,95,13,30,Ständiger Angriff,contains German indicator word
992,0x59981A,0x599824,clean_text,85,10,24,HP/MP-nderung,"german_ratio=84.62%, ff7_valid=100.00%"
993,0x599833,0x599840,clean_text,95,13,19,Kaufen,contains German indicator word
994,0x599847,0x59985E,clean_text,95,23,32,Verkaufen,contains German indicator word
995,0x599868,0x59987C,clean_text,95,20,27,Beenden,contains German indicator word
996,0x599884,0x59989A,clean_text,95,22,28,Objekt,contains German indicator word
997,0x5998A1,0x5998B8,clean_text,95,23,30,Materia,contains German indicator word
998,0x5998C0,0x5998D8,clean_text,95,24,48,Kaufen Verkaufen Beenden,contains German indicator word
999,0x5998F1,0x5998F8,clean_text,85,7,10,Gil,"german_ratio=100.00%, ff7_valid=100.00%"
1000,0x5998FC,0x599918,clean_text,95,28,34,Besitz,contains German indicator word
1001,0x59991F,0x599938,clean_text,85,25,36,Ausstattung,"german_ratio=100.00%, ff7_valid=100.00%"
1002,0x599944,0x599958,clean_text,95,20,26,Gesamt,contains German indicator word
1003,0x59995F,0x599978,clean_text,85,25,32,Wieviel,"german_ratio=100.00%, ff7_valid=100.00%"
1004,0x599980,0x599998,clean_text,95,24,41,Objekt    Materia,contains German indicator word
1005,0x5999AA,0x5999B8,clean_text,85,14,24,Übrige Gil,"german_ratio=90.00%, ff7_valid=100.00%"
1006,0x5999C3,0x5999D8,clean_text,85,21,37,Preis für Master,"german_ratio=87.50%, ff7_valid=100.00%"
1007,0x5999E9,0x5999F8,clean_text,85,15,29,Preis durch AP,"german_ratio=85.71%, ff7_valid=100.00%"
1008,0x599A07,0x599A18,clean_text,85,17,21,Waf.,"german_ratio=75.00%, ff7_valid=100.00%"
1009,0x599A1D,0x599A2E,clean_text,85,17,21,Rüs.,"german_ratio=75.00%, ff7_valid=100.00%"
1010,0x599A33,0x599A44,clean_text,85,17,21,Zub.,"german_ratio=75.00%, ff7_valid=100.00%"
1011,0x599A49,0x599A5A,clean_text,85,17,21,Zub.,"german_ratio=75.00%, ff7_valid=100.00%"
1012,0x599A5F,0x599A70,clean_text,95,17,23,Stärke,contains German indicator word
1013,0x599A77,0x599A86,clean_text,95,15,23,Geschick,contains German indicator word
1014,0x599A8F,0x599A9C,clean_text,85,13,21,Vitalitä,"german_ratio=100.00%, ff7_valid=100.00%"
1015,0x599AA5,0x599AB2,clean_text,95,13,19,Zauber,contains German indicator word
1016,0x599AB9,0x599AC8,clean_text,95,15,20,Moral,contains German indicator word
1017,0x599ACE,0x599ADE,clean_text,95,16,21,Glück,contains German indicator word
1018,0x599AE4,0x599AF4,clean_text,85,16,25,Angreifen,"german_ratio=100.00%, ff7_valid=100.00%"
1019,0x599AFE,0x599B0A,clean_text,85,12,23,Angreifen %,"german_ratio=81.82%, ff7_valid=100.00%"
1020,0x599B16,0x599B20,clean_text,95,10,21,Verteidigen,contains German indicator word
1021,0x599B2C,0x599B36,clean_text,95,10,23,Verteidigen %,contains German indicator word
1022,0x599B44,0x599B4C,clean_text,85,8,16,Zbrangrf,"german_ratio=100.00%, ff7_valid=100.00%"
1023,0x599B55,0x599B62,clean_text,85,13,22,Zbrvertdg,"german_ratio=100.00%, ff7_valid=100.00%"
1024,0x599B6C,0x599B78,clean_text,85,12,23,Zbrvertdg %,"german_ratio=81.82%, ff7_valid=100.00%"
1025,0x599B84,0x599B8E,clean_text,85,10,18,Schlitz:,"german_ratio=87.50%, ff7_valid=100.00%"
1026,0x599B97,0x599BA4,clean_text,85,13,25,Verstärkung:,"german_ratio=91.67%, ff7_valid=100.00%"
1027,0x599BB1,0x599BBA,clean_text,85,9,14,Keine,"german_ratio=100.00%, ff7_valid=100.00%"
1028,0x599BC0,0x599BD0,clean_text,85,16,22,Normal,"german_ratio=100.00%, ff7_valid=100.00%"
1029,0x599BD7,0x599BE6,clean_text,85,15,22,Doppelt,"german_ratio=100.00%, ff7_valid=100.00%"
1030,0x599BEE,0x599BFC,clean_text,85,14,22,Dreifach,"german_ratio=100.00%, ff7_valid=100.00%"
1031,0x599C05,0x599C14,fragment,80,15,16,A,too short for menu text
1032,0x599C16,0x599C16,fragment,80,0,1,V,too short for menu text
1033,0x599C18,0x599C18,clean_text,95,0,11,Objektladen,contains German indicator word
1034,0x599C24,0x599C40,clean_text,85,28,42,Waffengeschäft,"german_ratio=100.00%, ff7_valid=100.00%"
1035,0x599C4F,0x599C68,clean_text,95,25,36,Objektladen,contains German indicator word
1036,0x599C74,0x599C90,clean_text,95,28,41,Materia-Laden,contains German indicator word
1037,0x599C9E,0x599CB8,clean_text,85,26,39,Gemischtwaren,"german_ratio=100.00%, ff7_valid=100.00%"
1038,0x599CC6,0x599CE0,clean_text,85,26,37,Gemüseladen,"german_ratio=100.00%, ff7_valid=100.00%"
1039,0x599CEC,0x599D08,clean_text,85,28,40,Zubehörladen,"german_ratio=100.00%, ff7_valid=100.00%"
1040,0x599D15,0x599D30,clean_text,85,27,40,Werkzeugladen,"german_ratio=100.00%, ff7_valid=100.00%"
1041,0x599D3E,0x599D58,clean_text,85,26,40,Souvenierladen,"german_ratio=100.00%, ff7_valid=100.00%"
1042,0x599D67,0x599D80,clean_text,85,25,36,Willkommen!,"german_ratio=90.91%, ff7_valid=100.00%"
1043,0x599D8C,0x599DAE,clean_text,85,34,57,Was möchtest du kaufen?,"german_ratio=82.61%, ff7_valid=100.00%"
1044,0x599DC6,0x599DDC,clean_text,85,22,48,Wie viele willst du davon?,"german_ratio=80.77%, ff7_valid=100.00%"
1045,0x599DF7,0x599E0A,clean_text,85,19,45,Was möchtest du verkaufen?,"german_ratio=84.62%, ff7_valid=100.00%"
1046,0x599E25,0x599E38,clean_text,85,19,49,Wie viele willst du verkaufen?,"german_ratio=83.33%, ff7_valid=100.00%"
1047,0x599E57,0x599E66,clean_text,85,15,21,Danke!,"german_ratio=83.33%, ff7_valid=100.00%"
1048,0x599E6D,0x599E94,clean_text,85,39,45,Danke!,"german_ratio=83.33%, ff7_valid=100.00%"
1049,0x599E9B,0x599EC2,clean_text,95,39,64,Du hast nicht genug Geld!,contains German indicator word
1050,0x599EDC,0x599EF0,fragment,80,20,20,,too short for menu text
1051,0x599EF1,0x599F4C,clean_text,85,91,101,Guten Tag!,"german_ratio=80.00%, ff7_valid=100.00%"
1052,0x599F57,0x599F7A,clean_text,85,35,64,Wie kann ich behilflich sein?,"german_ratio=82.76%, ff7_valid=100.00%"
1053,0x599F98,0x599FA8,clean_text,85,16,42,Wie viele willst du davon?,"german_ratio=80.77%, ff7_valid=100.00%"
1054,0x599FC3,0x599FD6,clean_text,85,19,44,Hast du was zu verkaufen?,"german_ratio=80.00%, ff7_valid=100.00%"
1055,0x599FF0,0x59A004,clean_text,85,20,40,Wie viele willst du?,"german_ratio=80.00%, ff7_valid=100.00%"
1056,0x59A019,0x59A032,clean_text,85,25,37,Vielen Dank!,"german_ratio=83.33%, ff7_valid=100.00%"
1057,0x59A03F,0x59A060,clean_text,85,33,67,Ihr werdet doch alle zurückkommen!,"german_ratio=85.29%, ff7_valid=100.00%"
1058,0x59A083,0x59A08E,clean_text,95,11,55,Soll das ein Witz sein? Das ist nicht genug!,contains German indicator word
1059,0x59A0BB,0x59A0BC,fragment,80,1,1,,too short for menu text
1060,0x59A0BD,0x59A118,unknown,50,91,8091,! #     !!             4                                    ,no pattern matched
1061,0x59C158,0x59C158,unknown,50,0,180,`?  `?  @n  @n  Z  !   !   !   !   !   !   !   !   !   !   !,no pattern matched
1062,0x59C218,0x59C218,unknown,50,0,172,"!   x""  x""  %  x""  ""  %  +  +  ñ7  3  0G  %  `?  0G      @n ",no pattern matched
1063,0x59C359,0x59C35C,fragment,80,3,3,,too short for menu text
1064,0x59C360,0x59C364,unknown,50,4,261,"!S   S ""S   ~ !   M!""           Ü ""S !~    O ü £   S ""! ! t ",no pattern matched
1065,0x59C466,0x59C488,clean_text,95,34,68,Wählen Sie eine Speicherdatei aus.,contains German indicator word
1066,0x59C4AB,0x59C4B0,clean_text,95,5,40,Wählen Sie einen Speicherblock aus.,contains German indicator word
1067,0x59C4D4,0x59C4D8,clean_text,85,4,16,STECKPLATZ 1,"german_ratio=83.33%, ff7_valid=100.00%"
1068,0x59C4E5,0x59C500,clean_text,85,27,39,STECKPLATZ 2,"german_ratio=83.33%, ff7_valid=100.00%"
1069,0x59C50D,0x59C528,clean_text,85,27,36,Wirklich?,"german_ratio=88.89%, ff7_valid=100.00%"
1070,0x59C532,0x59C550,clean_text,95,30,57,Bin am Laden. Bitte warten,contains German indicator word
1071,0x59C56C,0x59C578,clean_text,95,12,41,Bin am Sichern. Bitte warten,contains German indicator word
1072,0x59C596,0x59C5A0,clean_text,85,10,14,LEER,"german_ratio=100.00%, ff7_valid=100.00%"
1073,0x59C5A5,0x59C5C8,clean_text,85,35,40,BLOCK,"german_ratio=100.00%, ff7_valid=100.00%"
1074,0x59C5CE,0x59C5F0,clean_text,85,34,41,Weiter?,"german_ratio=85.71%, ff7_valid=100.00%"
1075,0x59C5F8,0x59C618,unknown,50,32,35,/15,no pattern matched
1076,0x59C61C,0x59C640,clean_text,95,36,63,Überprüfe Spielstandsdatei,contains German indicator word
1077,0x59C65C,0x59C668,fragment,80,12,14,01,too short for menu text
1078,0x59C66B,0x59C690,fragment,80,37,39,02,too short for menu text
1079,0x59C693,0x59C6B8,fragment,80,37,39,03,too short for menu text
1080,0x59C6BB,0x59C6E0,fragment,80,37,39,04,too short for menu text
1081,0x59C6E3,0x59C708,fragment,80,37,39,05,too short for menu text
1082,0x59C70B,0x59C730,fragment,80,37,39,06,too short for menu text
1083,0x59C733,0x59C758,fragment,80,37,39,07,too short for menu text
1084,0x59C75B,0x59C780,fragment,80,37,39,08,too short for menu text
1085,0x59C783,0x59C7A8,fragment,80,37,39,09,too short for menu text
1086,0x59C7AB,0x59C7D0,fragment,80,37,39,10,too short for menu text
1087,0x59C7D3,0x59C7F8,fragment,80,37,39,11,too short for menu text
1088,0x59C7FB,0x59C820,fragment,80,37,39,12,too short for menu text
1089,0x59C823,0x59C848,fragment,80,37,39,13,too short for menu text
1090,0x59C84B,0x59C870,fragment,80,37,39,14,too short for menu text
1091,0x59C873,0x59C898,fragment,80,37,39,15,too short for menu text
1092,0x59C89B,0x59C8C0,clean_text,85,37,49,Gespeichert.,"german_ratio=91.67%, ff7_valid=100.00%"
1093,0x59C8CD,0x59C8E8,clean_text,95,27,51,Speichern nicht möglich.,contains German indicator word
1094,0x59C901,0x59C910,clean_text,95,15,35,Laden nicht möglich.,contains German indicator word
1095,0x59C925,0x59C938,clean_text,85,19,39,Daten sind zerstört.,"german_ratio=85.00%, ff7_valid=100.00%"
1096,0x59C94D,0x59C960,clean_text,85,19,30,NEUES SPIEL,"german_ratio=90.91%, ff7_valid=100.00%"
1097,0x59C96C,0x59C988,clean_text,85,28,47,Wirklich speichern?,"german_ratio=89.47%, ff7_valid=100.00%"
1098,0x59C99C,0x59C9B0,clean_text,85,20,22,Ja,"german_ratio=100.00%, ff7_valid=100.00%"
1099,0x59C9B3,0x59C9D8,clean_text,85,37,41,Nein,"german_ratio=100.00%, ff7_valid=100.00%"
1100,0x59C9DD,0x59CA00,clean_text,85,35,43,Beendet.,"german_ratio=87.50%, ff7_valid=100.00%"
1101,0x59CA09,0x59CA42,fragment,80,57,57,,too short for menu text
1102,0x59CA43,0x59CA84,fragment,80,65,65,,too short for menu text
1103,0x59CA85,0x59CAC6,clean_text,95,65,75,Formatiert,contains German indicator word
1104,0x59CAD1,0x59CB08,clean_text,95,55,81,Formatierung nicht möglich,contains German indicator word
1105,0x59CB23,0x59CB4A,clean_text,95,39,55,Nicht formatiert,contains German indicator word
1106,0x59CB5B,0x59CB8C,clean_text,85,49,67,Jetzt formatieren?,"german_ratio=88.89%, ff7_valid=100.00%"
1107,0x59CB9F,0x59CBCE,clean_text,85,47,72,Memory Card wird geprüft.,"german_ratio=84.00%, ff7_valid=100.00%"
1108,0x59CBE8,0x59CC10,clean_text,95,40,63,Keine Spielstandsdatei.,contains German indicator word
1109,0x59CC28,0x59CC52,clean_text,95,42,107,Diese Memory Card ist beschädigt und kann nicht verwendet we,contains German indicator word
1110,0x59CC94,0x59CC94,clean_text,85,0,28,Andere Memory Card einlegen.,"german_ratio=85.71%, ff7_valid=100.00%"
1111,0x59CCB1,0x59CCD6,clean_text,95,37,85,Nicht genug Platz in der Spielstandsdatei übrig.,contains German indicator word
1112,0x59CD07,0x59CD18,clean_text,95,17,64,Bitte benutzen Sie eine andere Spielstandsdatei,contains German indicator word
1113,0x59CD48,0x59CD5A,clean_text,85,18,61,oder löschen Sie 1 Block gesicherter Daten.,"german_ratio=81.40%, ff7_valid=100.00%"
1114,0x59CD86,0x59CD9C,fragment,80,22,22,,too short for menu text
1115,0x59CD9D,0x59CDDE,fragment,80,65,65,,too short for menu text
1116,0x59CDDF,0x59CE20,clean_text,95,65,85,Lesen nicht möglich.,contains German indicator word
1117,0x59CE35,0x59CE62,clean_text,85,45,60,Spiel beginnen?,"german_ratio=86.67%, ff7_valid=100.00%"
1118,0x59CE72,0x59CEA4,binary_data,90,50,52,,high byte ratio: 100.00%
1119,0x59CEA7,0x59CEE6,binary_data,90,63,65,,high byte ratio: 100.00%
1120,0x59CEE9,0x59CF28,binary_data,90,63,65,,high byte ratio: 100.00%
1121,0x59CF2B,0x59CF6A,fragment,80,63,63,,too short for menu text
1122,0x59CF6B,0x59CFB0,clean_text,95,69,125,Kann Speicherpuffer der Spielstandsdatei nicht zuordnen!,contains German indicator word
1123,0x59CFE9,0x59CFEC,clean_text,95,3,30,Ungültige Spielstandsdatei!,contains German indicator word
1124,0x59D008,0x59D028,clean_text,95,32,47,Spielstand 1,contains German indicator word
1125,0x59D038,0x59D03C,clean_text,95,4,19,Spielstand 2,contains German indicator word
1126,0x59D04C,0x59D050,clean_text,95,4,19,Spielstand 3,contains German indicator word
1127,0x59D060,0x59D064,clean_text,95,4,19,Spielstand 4,contains German indicator word
1128,0x59D074,0x59D078,clean_text,95,4,19,Spielstand 5,contains German indicator word
1129,0x59D088,0x59D08C,clean_text,95,4,19,Spielstand 6,contains German indicator word
1130,0x59D09C,0x59D0A0,clean_text,95,4,19,Spielstand 7,contains German indicator word
1131,0x59D0B0,0x59D0B4,clean_text,95,4,19,Spielstand 8,contains German indicator word
1132,0x59D0C4,0x59D0C8,clean_text,95,4,19,Spielstand 9,contains German indicator word
1133,0x59D0D8,0x59D0DC,clean_text,95,4,17,Spielstand 10,contains German indicator word
1134,0x59D0EA,0x59D0F0,binary_data,90,6,91,"!)  m t!v L!S     ""  % j G  K  :     `!e +! ë e   [!  ç V C ",high byte ratio: 31.82%
1135,0x59D14C,0x59D14C,binary_data,90,0,1,,high byte ratio: 100.00%
1136,0x59D150,0x59D150,clean_text,85,0,5,Level,"german_ratio=100.00%, ff7_valid=100.00%"
1137,0x59D156,0x59D158,unknown,50,2,138,p  @  cZ|ffW|ôòâ|ìåî|gåòìáî|íïáãìåîNâññ cZ|ffW|ôòâ|ìåî|gåòìá,no pattern matched
1138,0x59D1E1,0x59D1F0,unknown,50,15,135,ôóòõ                  _ñï•     âïô             ôèî          ,no pattern matched
1139,0x59D26A,0x59D26A,binary_data,90,0,8,UéA/,high byte ratio: 50.00%
1140,0x59D273,0x59D273,unknown,50,0,37,"_      _($((($(( $,( $,(",no pattern matched
1141,0x59D299,0x59D299,binary_data,90,0,9,ü,high byte ratio: 50.00%
1142,0x59D2A4,0x59D2A4,binary_data,90,0,16,Üó-`,high byte ratio: 60.00%
1143,0x59D2B6,0x59D2B6,unknown,50,0,228,"-`Vc,9_      _#å£ñ         !4 AM }J àJ áN       %áõáîR      ",no pattern matched
1144,0x59D39C,0x59D39C,unknown,50,0,275,ü^ ^ ^ ^ ^ ^ ^ ^ ^ ._ 3_ I_ N_ j_ z_ î_ ß_ _ _ _ _ _ _ .` B`,no pattern matched
1145,0x59D4B6,0x59D4B6,binary_data,90,0,1702,ü      0        4    =    :    ;    ?    3    A    .    -   ,high byte ratio: 58.86%
1146,0x59DB5D,0x59DB5D,binary_data,90,0,23,,high byte ratio: 100.00%
1147,0x59DB75,0x59DB75,binary_data,90,0,83,,high byte ratio: 100.00%
1148,0x59DBC9,0x59DBC9,binary_data,90,0,15,,high byte ratio: 100.00%
1149,0x59DBD9,0x59DBD9,binary_data,90,0,35,,high byte ratio: 100.00%
