index,offset,bytes,decoded_garbage
245,0x595B94,9,R R 3 1P
246,0x595BA4,3,
247,0x595BAA,2,
248,0x595BAC,3,
249,0x595BB0,9,T T 3!1T
250,0x595BB9,2,_
251,0x595BBC,7,""""
252,0x595BC6,2,
253,0x595BC8,3,
254,0x595BCC,9,"S S 3""1X"
255,0x595BD6,3,:o
256,0x595BDC,4,
257,0x595BE2,2,
258,0x595BE4,3,
259,0x595BE8,9,U U 3#1f
260,0x595BF8,3,
261,0x595BFE,2,
262,0x595C00,3,
263,0x595C04,9,V V $1:
264,0x595C0E,3,&
265,0x595C14,3,
266,0x595C1A,2,
267,0x595C1C,3,
268,0x595C20,9,Y Y 7%1
269,0x595C29,10,_8PS!
270,0x595C36,2,
271,0x595C38,3,
272,0x595C3C,9,"[ \ &1,"
273,0x595C46,3,/
274,0x595C4C,3,
275,0x595C4F,2,
276,0x595C52,2,
277,0x595C54,3,
278,0x595C58,9,f f 3'1T
279,0x595C68,3,
280,0x595C6E,2,
281,0x595C70,3,
282,0x595C74,9,h h 7(1V
283,0x595C84,3,
284,0x595C8A,2,
285,0x595C8C,3,
286,0x595C90,9,i i 3)C@
287,0x595CA0,4,@
288,0x595CA6,2,
289,0x595CA8,3,
290,0x595CAC,9,k k 3*1
291,0x595CB5,2,_
292,0x595CB8,7,!
293,0x595CC2,2,
294,0x595CC4,3,
295,0x595CC8,9,m m 7+1C
296,0x595CD8,3,
297,0x595CDB,2,
298,0x595CDE,2,
299,0x595CE0,3,
300,0x595CE4,9,"n n ,1("
301,0x595CEE,3,2
302,0x595CF4,3,
303,0x595CFA,2,
304,0x595CFC,3,
305,0x595D00,9,o o -14
306,0x595D0A,3,*
307,0x595D10,3,
308,0x595D16,2,
309,0x595D18,3,
310,0x595D1C,9,z z 5.D0
311,0x595D2C,3,""""
312,0x595D32,2,
313,0x595D34,3,
314,0x595D38,9,{ { 7/B
315,0x595D41,2,_
316,0x595D44,7,$
317,0x595D4E,2,
318,0x595D50,3,
319,0x595D54,9,~ ~ 50B
320,0x595D5D,2,u
321,0x595D60,7,ssV
322,0x595D6A,2,
323,0x595D6C,3,
324,0x595D70,8,a a 51
325,0x595D7A,2,4
326,0x595D80,3,
327,0x595D86,2,
328,0x595D88,3,
329,0x595D8C,9,52B
330,0x595D95,2,_
331,0x595D98,7,!
332,0x595DA2,2,
333,0x595DA4,3,
334,0x595DA8,9,a a 53(@
335,0x595DB1,2,u
336,0x595DB4,7,"!    """
337,0x595DBB,2,
338,0x595DBE,2,
339,0x595DC0,3,
340,0x595DC4,9,a a 54(@
341,0x595DCD,2,_
342,0x595DD0,7,"! """
343,0x595DDA,2,
344,0x595DDC,3,
345,0x595DE0,9,^ ^ 54
346,0x595DEA,2,3
347,0x595DF0,3,
348,0x595DF6,2,
349,0x595DF8,3,
350,0x595DFC,9,b b 56
351,0x595E06,2,3
352,0x595E0C,3,
353,0x595E12,2,
354,0x595E14,3,
355,0x595E18,9,` ` 58
356,0x595E22,2,3
357,0x595E28,3,
358,0x595E2E,2,
359,0x595E30,3,
360,0x595E34,9,a a 5:
361,0x595E3E,2,3
362,0x595E44,3,
363,0x595E4A,2,
364,0x595E4C,3,
365,0x595E50,9,c c 5<
366,0x595E5A,2,3
367,0x595E60,3,
368,0x595E66,2,
369,0x595E68,3,
370,0x595E6C,9,d d 5>
371,0x595E76,2,3
372,0x595E7C,3,
373,0x595E82,2,
374,0x595E84,3,
375,0x595E88,9,e e 5J
376,0x595E92,2,3
377,0x595E98,3,
378,0x595E9E,2,
379,0x595EA0,3,
380,0x595EA4,9,a a 3<1T
381,0x595EB4,3,
382,0x595EBA,2,
383,0x595EBC,3,
384,0x595EC0,9,a a 3=14
385,0x595ED0,4,
386,0x595ED6,2,
387,0x595ED8,3,
388,0x595EDC,9,c c 7>1X
389,0x595EE5,2,%
390,0x595EE8,7,!
391,0x595EF2,2,
392,0x595EF4,3,
393,0x595EF8,9,e e 7?1D
394,0x595F08,3,
395,0x595F0E,2,
396,0x595F10,3,
397,0x595F14,9,a a @17
398,0x595F1D,10,' &!
399,0x595F2A,2,
400,0x595F2C,3,
401,0x595F30,9,i i A12
402,0x595F3A,3,(
403,0x595F40,3,
404,0x595F46,2,
405,0x595F48,3,
406,0x595F4C,9,i i B1+
407,0x595F56,3,2
408,0x595F5C,3,
409,0x595F61,3,G
410,0x595F64,13,C p p 3C1P
411,0x595F78,3,
412,0x595F7E,2,
413,0x595F80,3,
414,0x595F84,9,q q  DB
415,0x595F8D,10,_7 !
416,0x595F9A,2,
417,0x595F9C,3,
418,0x595FA0,9,s s 3E14
419,0x595FB0,4,
420,0x595FB6,2,
421,0x595FB8,3,
422,0x595FBC,9,u u F1*
423,0x595FC6,3,*
424,0x595FCC,3,
425,0x595FD2,2,
426,0x595FD4,3,
427,0x595FD8,9,v v 5GB
428,0x595FE1,10,_6 !
429,0x595FEE,2,
430,0x595FF0,3,
431,0x595FF4,9,x x H1>
432,0x595FFE,3,%
433,0x596004,3,
434,0x59600A,2,
435,0x59600C,3,
436,0x596010,9,y y 7I1
437,0x596020,3,
438,0x596026,2,
439,0x596028,3,
440,0x59602C,8,PS PS 3Je
441,0x59603C,3,
442,0x596042,2,
443,0x596044,3,
444,0x596048,8,3f1
445,0x596052,2,(
446,0x596058,3,
447,0x59605E,2,
448,0x596060,3,
449,0x596064,8,o o 7L
450,0x59606E,2,/
451,0x596074,3,
452,0x59607A,2,
453,0x59607C,3,
454,0x596080,8,M
455,0x59608A,3,#
456,0x596090,3,
457,0x596096,2,
458,0x596098,3,
459,0x59609C,8,N
460,0x5960A6,3,#!
461,0x5960AC,3,
462,0x5960B2,2,
463,0x5960B4,3,
464,0x5960B8,8,O
465,0x5960C2,3,"#"""
466,0x5960C8,3,
467,0x5960CE,2,
468,0x5960D0,3,
469,0x5960D4,8,P
470,0x5960DE,3,##
471,0x5960E4,3,
472,0x5960EA,2,
473,0x5960EC,3,
474,0x5960F0,9,i i 3Q1R
475,0x596100,3,
476,0x596106,2,
477,0x596108,3,
478,0x59610C,9,o o 5RD0
479,0x59611C,3,""""
480,0x596122,2,
481,0x596124,3,
482,0x596128,9,o o 7S1P
483,0x596138,3,(
484,0x59613E,2,
485,0x596140,3,
486,0x596144,9,o o T1*
487,0x59614E,3,*
488,0x596154,3,
489,0x59615A,2,
490,0x59615C,3,
491,0x596160,9,o o 7U1<
492,0x596170,3,
493,0x596173,2,
494,0x596176,2,
495,0x596178,3,
496,0x59617C,9,° ° V1*
497,0x596186,3,/
498,0x59618C,3,
499,0x596192,2,
500,0x596194,3,
501,0x596198,9,• • 7W1
502,0x5961A8,3,
503,0x5961AE,2,
504,0x5961B0,3,
505,0x5961B4,9,ss ss 5XB
506,0x5961BE,2,0
507,0x5961C4,3,
508,0x5961CA,2,
509,0x5961CC,3,
510,0x5961D0,9,5Y(@
511,0x5961E0,3,""""
512,0x5961E6,2,
513,0x5961E8,3,
514,0x5961EC,9,7Z1p
515,0x5961FC,3,
516,0x596202,2,
517,0x596204,3,
518,0x596208,9,5[B
519,0x596211,2,_
520,0x596214,7,`
521,0x59621E,2,
522,0x596220,3,
523,0x596224,9,5\B
524,0x59622D,2,_
525,0x596230,8,!     u
526,0x59623A,2,
527,0x59623C,3,
528,0x596240,9,7]B
529,0x596249,2,_
530,0x59624C,8,!     u
531,0x596254,4,PSE
532,0x596258,10,C u u 3
533,0x596262,3,18
534,0x59626C,3,
535,0x596270,2,a
536,0x596272,2,
537,0x596274,3,
538,0x596278,9,7_B\
539,0x596288,3,!
540,0x59628C,4,PSL
541,0x596290,10,4   3
542,0x59629A,3,1J
543,0x5962A4,3,
544,0x5962A8,2,a
545,0x5962AA,2,
546,0x5962AC,3,
547,0x5962B0,9,7aBf
548,0x5962C0,3,$
549,0x5962C4,4,PSC
550,0x5962C8,10,3
551,0x5962D2,3,1(
552,0x5962D6,3,%
553,0x5962DC,3,
554,0x5962E0,2,a
555,0x5962E2,2,
556,0x5962E4,3,
557,0x5962E8,9,3cB
558,0x5962F1,2,_
559,0x5962F4,7,8
560,0x5962FC,4,PS9
561,0x596300,10,!  7
562,0x59630A,3,1H
563,0x596314,3,
564,0x596318,2,a
565,0x59631A,2,
566,0x59631C,3,
567,0x596320,9,7eB
568,0x596329,10,'8!
569,0x596338,3,
570,0x596340,5,7m1R
571,0x59634C,3,
572,0x596350,2,a
573,0x596354,3,
574,0x59635C,5,7nBz
575,0x596368,3,
576,0x596370,3,
577,0x596378,5,6o10
578,0x596384,3,`
579,0x59698D,4,
580,0x596994,69,"""PS   PS ""S    ""]! ^ [!     `!\   \ `!:   q `! q ?  y"
581,0x5969DC,27,"""S   S ""!se7ae"
