index,raw_offset,text_offset,category,padding_bytes,total_bytes,text_preview
0,0x58FBB0,0x58FBB0,clean,0,19,Mochten Sie Final
1,0x58FBC3,0x58FBCE,clean,11,37,Fantasy VII verlassen und
2,0x58FBE8,0x58FBEC,clean,4,29,zu Windows zuruckkehren?
3,0x58FC05,0x58FC10,clean,11,14,Ja
4,0x58FC13,0x58FC15,clean,2,7,Nein
5,0x58FC1A,0x58FC22,asset,8,1251,@c  ^c              `      `  `a      `a  `a                     0  @a      0a  
6,0x5900FD,0x590126,clean,41,47,Sound
7,0x59012C,0x59015C,clean,48,59,Kontroller
8,0x590167,0x590192,clean,43,50,Cursor
9,0x590199,0x5901C8,clean,47,51,ATB
10,0x5901CC,0x5901FE,clean,50,61,Kampftempo
11,0x590209,0x590234,clean,43,56,Kampfmeldung
12,0x590241,0x59026A,clean,41,53,Feldmeldung
13,0x590276,0x5902A0,clean,42,55,Kamerawinkel
14,0x5902AD,0x5902D6,clean,41,51,Auswahlen
15,0x5902E0,0x59030C,clean,44,54,Abbrechen
16,0x590316,0x590342,clean,44,49,Menu
17,0x590347,0x590378,clean,49,61,Fenster AUS
18,0x590384,0x5903AE,clean,42,48,Pause
19,0x5903B4,0x5903E4,clean,48,62,Schlachthilfe
20,0x5903F2,0x59041A,clean,40,45,Mono
21,0x59041F,0x590450,clean,49,56,Stereo
22,0x590457,0x590486,clean,47,53,Breit
23,0x59048C,0x5904BC,clean,48,55,Normal
24,0x5904C3,0x5904F2,clean,47,65,Benutzerdefiniert
25,0x590504,0x590528,clean,36,43,Anfang
26,0x59052F,0x59055E,clean,47,56,Speicher
27,0x590567,0x590594,clean,45,51,Aktiv
28,0x59059A,0x5905CA,clean,48,58,Empfohlen
29,0x5905D4,0x590600,clean,44,51,Warten
30,0x590607,0x590636,clean,47,52,Auto
31,0x59063B,0x59066C,clean,49,54,Fest
32,0x590671,0x5906A2,empty,49,50,
33,0x5906A3,0x5906D8,clean,53,60,Langs.
34,0x5906DF,0x59070E,clean,47,53,Schn.
35,0x590714,0x590744,clean,48,52,ROT
36,0x590748,0x59077A,clean,50,55,GRUN
37,0x59077F,0x5907B0,clean,49,54,BLAU
38,0x5907B5,0x5907E6,clean,49,61,Zauberfolge
39,0x5907F2,0x59081C,clean,42,50,Heilung
40,0x590824,0x590852,clean,46,54,Angriff
41,0x59085A,0x590888,clean,46,55,Indirekt
42,0x590891,0x5908BE,clean,45,54,Verboten
43,0x5908C7,0x5908F4,clean,45,49,Typ
44,0x5908F8,0x59092A,clean,50,57,links2
45,0x590931,0x590960,clean,47,55,rechts2
46,0x590968,0x590996,clean,46,53,links1
47,0x59099D,0x5909CC,clean,47,55,rechts1
48,0x5909D4,0x590A02,clean,46,51,Menu
49,0x590A07,0x590A38,clean,49,59,Auswahlen
50,0x590A42,0x590A6E,clean,44,54,Abbrechen
51,0x590A78,0x590AA4,clean,44,48,EXT
52,0x590AA8,0x590ADA,clean,50,56,Hilfe
53,0x590AE0,0x590B10,clean,48,80,Zum Einrichten START drucken.
54,0x590B30,0x590B46,clean,22,76,Zum Beenden Richtungstaste Links oder Rechts drucken.
55,0x590B7C,0x590B7C,clean,0,6,Pause
56,0x590B82,0x590BB8,empty,54,58,
57,0x590BBC,0x590BBE,empty,2,8,
58,0x590BC4,0x590BC4,empty,0,5,
59,0x590BC9,0x590BD0,clean,7,33,Ton- und Musikeinstellung
60,0x590BEA,0x590BFD,clean,19,37,Nicht unterstutzt
61,0x590C0F,0x590C34,unknown,37,86,"""S   S ""!    `!:   : `!  !"" ""!!"" ! """" !""!"
62,0x590C68,0x590C68,clean,0,7,Objekt
63,0x590C6F,0x590C7C,clean,13,20,Zauber
64,0x590C83,0x590C90,clean,13,21,Materia
65,0x590C98,0x590CA4,clean,12,22,Ausrusten
66,0x590CAE,0x590CB8,clean,10,16,Werte
67,0x590CBE,0x590CCC,clean,14,20,Reihe
68,0x590CD2,0x590CE0,clean,14,20,Limit
69,0x590CE6,0x590CF4,clean,14,21,Konfig
70,0x590CFB,0x590D08,clean,13,17,PHS
71,0x590D0C,0x590D1C,clean,16,26,Speichern
72,0x590D26,0x590D30,clean,10,20,Verlassen
73,0x590D3A,0x590D44,clean,10,19,Anfanger
74,0x590D4D,0x590D58,clean,11,22,Verwendung
75,0x590D63,0x590D6C,clean,9,20,Verwendung
76,0x590D77,0x590D80,clean,9,14,Zeit
77,0x590D85,0x590D94,clean,15,19,Gil
78,0x590D98,0x590DA8,clean,16,27,Nachst. Lv
79,0x590DB3,0x590DBC,clean,9,21,Limit-Stufe
80,0x590DC8,0x590DD0,clean,8,18,Anleitung
81,0x590DDA,0x590DE4,clean,10,16,Unter
82,0x590DEA,0x590DF8,clean,14,19,LV+1
83,0x590DFD,0x590E0C,clean,15,20,Zorn
84,0x590E11,0x590E20,clean,15,25,Traurigk.
85,0x590E2A,0x590E34,clean,10,433,"!         n`=>ABCeKD@FGHtJfg<$_uva)?snPRSVXY[\]p/0%U^MZoh!""#y*+2,-.345671:8(W9&'"
86,0x590FDB,0x590FE0,empty,5,8,
87,0x590FE3,0x590FE8,empty,5,8,
88,0x590FEB,0x590FF0,developer,5,134,"!  cy         !   ""   $   %   &   '   (   t   start@of@menu@systemAAA*    end@of"
89,0x591071,0x591094,clean,35,65,Drucken Sie auf [O.K.] um die
90,0x5910B2,0x5910D0,clean,30,63,Tastenbelegung zu konfigurieren.
91,0x5910F1,0x59110C,clean,27,53,Bitte neue Taste drucken
92,0x591126,0x591148,unknown,34,41,[O.K.]
93,0x59114F,0x591184,clean,53,65,[ABBRECHEN]
94,0x591190,0x5911C0,unknown,48,55,[MENU]
95,0x5911C7,0x5911FC,clean,53,66,[UMSCHALTEN]
96,0x591209,0x591238,clean,47,59,[BILD HOCH]
97,0x591244,0x591274,clean,48,64,[BILD HERUNTER]
98,0x591284,0x5912B0,clean,44,53,[KAMERA]
99,0x5912B9,0x5912EC,unknown,51,58,[ZIEL]
100,0x5912F3,0x591328,clean,53,61,[HILFE]
101,0x591330,0x591364,clean,52,60,[START]
102,0x59136C,0x5913A0,clean,52,61,[HERAUF]
103,0x5913A9,0x5913DC,clean,51,59,[UNTEN]
104,0x5913E4,0x591418,clean,52,60,[LINKS]
105,0x591420,0x591454,clean,52,60,[RECHT]
106,0x59145C,0x591490,clean,52,61,TASTATUR
107,0x591499,0x5914CC,clean,51,60,JOYSTICK
108,0x5914D5,0x591508,developer,51,3328,PS@ @ @ @ @ @ @ @ @ @ @ @ @ @ @ @ @ @ @ @ @ @ @ @ @ @ @ @ @ $A 0A 4A 8A <A @A DA
109,0x5921D8,0x5921D8,developer,0,10485,"""   eaoaRaNoei eaoaRaNoei oaieeNoei  aiiiaNoei   aiiiaNoei   aiiiaNoei   eaoaRN"
110,0x594ACD,0x594ACD,clean,0,36,Z° ^X° OX° OX° p° OX° OX° OX° nV°
111,0x594AF1,0x594AF1,clean,0,304,Z° ^X° OX° OX° p° OX° et° es° au° OX° OX° OX° rX° ]° i° j° o° d° g° ol° YX° w° Y
112,0x594C24,0x594C28,unknown,4,26,"0G#a * !        !""#%"
113,0x594C3E,0x594C40,empty,2,3,
114,0x594C41,0x594C48,clean,7,13,Pause
115,0x594C4E,0x594C50,unknown,2,68,"ss  Z!!\ i   XxPS <L\ x""  \   *   !     _    a"
116,0x594C92,0x594C9E,empty,12,14,a
117,0x594CA0,0x594CAC,clean,12,19,Schlaf
118,0x594CB3,0x594CBA,clean,7,12,Gift
119,0x594CBF,0x594CC8,clean,9,21,Traurigkeit
120,0x594CD4,0x594CD6,clean,2,7,Zorn
121,0x594CDB,0x594CE4,clean,9,20,Verwirrung
122,0x594CEF,0x594CF2,clean,3,13,Stummheit
123,0x594CFC,0x594D00,clean,4,12,Schnell
124,0x594D08,0x594D0E,clean,6,14,Langsam
125,0x594D16,0x594D1C,clean,6,11,Stop
126,0x594D21,0x594D2A,empty,9,11,a
127,0x594D2C,0x594D38,empty,12,14,a
128,0x594D3A,0x594D46,empty,12,14,a
129,0x594D48,0x594D54,clean,12,26,Versteinerung
130,0x594D62,0x594D62,clean,0,6,regen
131,0x594D68,0x594D70,empty,8,10,a
132,0x594D72,0x594D7E,empty,12,14,a
133,0x594D80,0x594D8C,clean,12,25,Reflektieren
134,0x594D99,0x594D9A,clean,1,8,Doppel
135,0x594DA1,0x594DA8,clean,7,14,Schild
136,0x594DAF,0x594DB6,empty,7,9,a
137,0x594DB8,0x594DC4,empty,12,14,a
138,0x594DC6,0x594DD2,clean,12,17,Toll
139,0x594DD7,0x594DE0,clean,9,21,Einzigartig
140,0x594DEC,0x594DEE,clean,2,10,Lahmung
141,0x594DF6,0x594DFC,clean,6,17,Dunkelheit
142,0x594E07,0x594E0A,empty,3,5,a
143,0x594E0C,0x594E18,empty,12,14,a
144,0x594E1A,0x594E26,empty,12,14,a
145,0x594E28,0x594E34,empty,12,14,a
146,0x594E36,0x594E42,empty,12,14,a
147,0x594E44,0x594E50,unknown,12,96,$             `  `   Rro `hpx9IY     Wieviel willst du ausgeben?
148,0x594EA4,0x594EA4,clean,0,4,Gil
149,0x594EA8,0x594EA8,clean,0,5,Nach
150,0x594EAD,0x594EB0,clean,3,20,Gil auf der Hand
151,0x594EC1,0x594EC8,unknown,7,447,"""%$#!""$ !#%""$ %!!""$ ""!#%$ ""!%$""#""$#""!$ %""!#""$!""%  `   n @ n ` n    @  `      @ `"
152,0x595080,0x595080,clean,0,12,Ja     Nein
153,0x59508C,0x595090,clean,4,30,Vorhandene Schlachtpunkte
154,0x5950AA,0x5950AA,clean,0,14,Schlitzstart!
155,0x5950B8,0x5950C4,unknown,12,19,TOLL!!
156,0x5950CB,0x5950DE,clean,19,44,Gewonnene Schlachtpunkte
157,0x5950F7,0x5950F8,clean,1,15,"Ok, dann los!"
158,0x595106,0x595117,clean,17,42,Zaubersubstanz kaputt.
159,0x595130,0x595136,clean,6,31,Aufrufsubstanz kaputt.
160,0x59514F,0x595155,clean,6,33,Support-Substanz kaputt.
161,0x595170,0x595174,clean,4,35,Unabhangige Substanz kaputt.
162,0x595193,0x595193,clean,0,26,Befehlssubstanz kaputt.
163,0x5951AD,0x5951B2,clean,5,29,Alle Substanz kaputt.
164,0x5951CA,0x5951D1,clean,7,25,Zubehor kaputt.
165,0x5951E3,0x5951F0,clean,13,44,Objektbefehl ist versiegelt.
166,0x59520F,0x59520F,clean,0,19,Rustzeug kaputt.
167,0x595222,0x59522E,clean,12,28,Waffe kaputt.
168,0x59523E,0x59524D,clean,15,38,1/2 Geschwindigkeit.
169,0x595264,0x59526C,clean,8,27,1/2 Genauigkeit.
170,0x59527F,0x59528B,clean,12,22,Minimum
171,0x595295,0x5952AA,clean,21,28,Gift
172,0x5952B1,0x5952C9,clean,24,32,Krote
173,0x5952D1,0x5952E8,clean,23,43,Zeit x30 Schaden.
174,0x5952FC,0x595307,clean,11,30,5 Ebenen zuruck.
175,0x59531A,0x595326,clean,12,32,10 Ebenen zuruck.
176,0x59533A,0x595345,clean,11,21,1/2 HP.
177,0x59534F,0x595364,clean,21,31,1/2 MP.
178,0x59536E,0x595383,clean,21,34,1/2 HP&MP.
179,0x595390,0x5953A2,clean,18,29,Null MP.
180,0x5953AD,0x5953C1,clean,20,47,Jaa! Keine Behinderung!!
181,0x5953DC,0x5953E0,clean,4,28,HP wiederhergestellt.
182,0x5953F8,0x595400,clean,8,43,Besorgt um die anderen Mitglieder?
183,0x595423,0x595423,clean,0,16,"Ja, ein bichen"
184,0x595433,0x595446,clean,19,36,Eigentlich nicht
185,0x595457,0x59546C,empty,21,22,
186,0x59546E,0x595470,empty,2,3,
187,0x595472,0x595474,empty,2,3,
188,0x595476,0x595478,empty,2,3,
189,0x59547A,0x595480,unknown,6,151,"4      PS   ""   !   &   &   !   !       x   p  @   x    p  @    GWXWsiW:zWx""  \ "
190,0x595514,0x595514,empty,0,5,/
191,0x59551C,0x595524,clean,8,27,"""S   S ""!se7ae"
192,0x595537,0x595538,unknown,1,18,"$   #   ""   !"
193,0x595558,0x595558,clean,0,114,QRSTUVWXYZ[\]^`adefgh   jklmnopqrstuvwxyDEGHIJK qu      +! e c   [!  c V B v r  
194,0x5955CA,0x5955D8,developer,14,114,"!)  m t!v L!S     ""  % j G  K  :     `!e !   S    j : Eooa°aOoa°aEPRaNUUW     Re"
195,0x59563C,0x595656,clean,26,63,Mitglieden in zwei Gruppen aufteilen
196,0x59567B,0x59567C,clean,1,38,Mitglieder in drei Gruppen aufteilen
197,0x5956A1,0x5956A2,clean,1,33,Gruppe aus zwei Personen bilden
198,0x5956C2,0x5956C8,clean,6,38,Gruppe aus drei Personen bilden
199,0x5956E8,0x5956EE,clean,6,34,Auswahlen mit [START]-Taste
200,0x59570A,0x595718,clean,14,22,Element
201,0x595720,0x59572E,clean,14,21,Effekt
202,0x595735,0x595744,clean,15,25,Angreifen
203,0x59574E,0x59575A,clean,12,24,Verteidigen
204,0x595766,0x595770,clean,10,20,Halbieren
205,0x59577A,0x595786,clean,12,21,Ungultig
206,0x59578F,0x59579C,clean,13,25,Absorbieren
207,0x5957A8,0x5957B2,empty,10,11,
208,0x5957B3,0x5957C8,empty,21,22,
209,0x5957C9,0x5957DE,empty,21,22,
210,0x5957DF,0x5957F4,clean,21,28,Starke
211,0x5957FB,0x59580A,clean,15,24,Geschick
212,0x595813,0x595820,clean,13,23,Vitalitat
213,0x59582A,0x595836,clean,12,19,Zauber
214,0x59583D,0x59584C,clean,15,21,Moral
215,0x595852,0x595862,clean,16,22,Gluck
216,0x595868,0x595878,clean,16,26,Angreifen
217,0x595882,0x59588E,clean,12,24,Angreifen %
218,0x59589A,0x5958A4,clean,10,22,Verteidigen
219,0x5958B0,0x5958BA,clean,10,24,Verteidigen %
220,0x5958C8,0x5958D0,clean,8,17,Zbrangrf
221,0x5958D9,0x5958E6,clean,13,23,Zbrvertdg
222,0x5958F0,0x5958FC,clean,12,24,Zbrvertdg %
223,0x595908,0x595912,clean,10,15,Waf.
224,0x595917,0x595928,clean,17,22,Rus.
225,0x59592D,0x59593E,clean,17,22,Acc.
226,0x595943,0x595954,clean,17,29,Limit-Ebene
227,0x595960,0x59596C,empty,12,13,
228,0x595974,0x595978,unknown,4,92,"!   S    j :     ""S   S S!!S!S m!PS S! m!]!    `!:   :    :  \  r   STUFE 1"
229,0x5959D0,0x5959E8,clean,24,32,STUFE 2
230,0x5959F0,0x595A08,clean,24,32,STUFE 3
231,0x595A10,0x595A28,clean,24,32,STUFE 4
232,0x595A30,0x595A48,clean,24,48,LIMIT-STUFE einrichten.
233,0x595A60,0x595A68,clean,8,19,Einrichten
234,0x595A73,0x595A88,clean,21,28,Prufen
235,0x595A8F,0x595AA8,clean,25,48,Bei nderung der STUFE
236,0x595ABF,0x595AC8,clean,9,35,Beginn bei Limit-Punkt 0.
237,0x595AE2,0x595AE8,clean,6,20,STUFE andern?
238,0x595AF6,0x595B08,clean,18,21,Ja
239,0x595B0B,0x595B28,clean,29,34,Nein
240,0x595B2D,0x595B48,clean,27,42,Limit gewahlt!
241,0x595B57,0x595B68,clean,17,30,STUFE wahlen
242,0x595B75,0x595B8C,empty,23,24,
243,0x595B8E,0x595B8F,empty,1,2,
244,0x595B90,0x595B92,empty,2,3,
245,0x595B94,0x595B94,ui_coords,0,9,R R 3 1P
246,0x595BA4,0x595BA6,ui_coords,2,3,
247,0x595BAA,0x595BAB,ui_coords,1,2,
248,0x595BAC,0x595BAE,ui_coords,2,3,
249,0x595BB0,0x595BB0,ui_coords,0,9,T T 3!1T
250,0x595BB9,0x595BB9,ui_coords,0,2,_
251,0x595BBC,0x595BBF,ui_coords,3,7,""""
252,0x595BC6,0x595BC7,ui_coords,1,2,
253,0x595BC8,0x595BCA,ui_coords,2,3,
254,0x595BCC,0x595BCC,ui_coords,0,9,"S S 3""1X"
255,0x595BD6,0x595BD6,ui_coords,0,3,:o
256,0x595BDC,0x595BDE,ui_coords,2,4,
257,0x595BE2,0x595BE3,ui_coords,1,2,
258,0x595BE4,0x595BE6,ui_coords,2,3,
259,0x595BE8,0x595BE8,ui_coords,0,9,U U 3#1f
260,0x595BF8,0x595BFA,ui_coords,2,3,
261,0x595BFE,0x595BFF,ui_coords,1,2,
262,0x595C00,0x595C02,ui_coords,2,3,
263,0x595C04,0x595C04,ui_coords,0,9,V V $1:
264,0x595C0E,0x595C0F,ui_coords,1,3,&
265,0x595C14,0x595C16,ui_coords,2,3,
266,0x595C1A,0x595C1B,ui_coords,1,2,
267,0x595C1C,0x595C1E,ui_coords,2,3,
268,0x595C20,0x595C20,ui_coords,0,9,Y Y 7%1
269,0x595C29,0x595C29,ui_coords,0,10,_8PS!
270,0x595C36,0x595C37,ui_coords,1,2,
271,0x595C38,0x595C3A,ui_coords,2,3,
272,0x595C3C,0x595C3C,ui_coords,0,9,"[ \ &1,"
273,0x595C46,0x595C47,ui_coords,1,3,/
274,0x595C4C,0x595C4E,ui_coords,2,3,
275,0x595C4F,0x595C4F,ui_coords,0,2,
276,0x595C52,0x595C53,ui_coords,1,2,
277,0x595C54,0x595C56,ui_coords,2,3,
278,0x595C58,0x595C58,ui_coords,0,9,f f 3'1T
279,0x595C68,0x595C6A,ui_coords,2,3,
280,0x595C6E,0x595C6F,ui_coords,1,2,
281,0x595C70,0x595C72,ui_coords,2,3,
282,0x595C74,0x595C74,ui_coords,0,9,h h 7(1V
283,0x595C84,0x595C86,ui_coords,2,3,
284,0x595C8A,0x595C8B,ui_coords,1,2,
285,0x595C8C,0x595C8E,ui_coords,2,3,
286,0x595C90,0x595C90,ui_coords,0,9,i i 3)C@
287,0x595CA0,0x595CA0,ui_coords,0,4,@
288,0x595CA6,0x595CA7,ui_coords,1,2,
289,0x595CA8,0x595CAA,ui_coords,2,3,
290,0x595CAC,0x595CAC,ui_coords,0,9,k k 3*1
291,0x595CB5,0x595CB5,ui_coords,0,2,_
292,0x595CB8,0x595CB8,ui_coords,0,7,!
293,0x595CC2,0x595CC3,ui_coords,1,2,
294,0x595CC4,0x595CC6,ui_coords,2,3,
295,0x595CC8,0x595CC8,ui_coords,0,9,m m 7+1C
296,0x595CD8,0x595CDA,ui_coords,2,3,
297,0x595CDB,0x595CDB,ui_coords,0,2,
298,0x595CDE,0x595CDF,ui_coords,1,2,
299,0x595CE0,0x595CE2,ui_coords,2,3,
300,0x595CE4,0x595CE4,ui_coords,0,9,"n n ,1("
301,0x595CEE,0x595CEF,ui_coords,1,3,2
302,0x595CF4,0x595CF6,ui_coords,2,3,
303,0x595CFA,0x595CFB,ui_coords,1,2,
304,0x595CFC,0x595CFE,ui_coords,2,3,
305,0x595D00,0x595D00,ui_coords,0,9,o o -14
306,0x595D0A,0x595D0B,ui_coords,1,3,*
307,0x595D10,0x595D12,ui_coords,2,3,
308,0x595D16,0x595D17,ui_coords,1,2,
309,0x595D18,0x595D1A,ui_coords,2,3,
310,0x595D1C,0x595D1C,ui_coords,0,9,z z 5.D0
311,0x595D2C,0x595D2D,ui_coords,1,3,""""
312,0x595D32,0x595D33,ui_coords,1,2,
313,0x595D34,0x595D36,ui_coords,2,3,
314,0x595D38,0x595D38,ui_coords,0,9,{ { 7/B
315,0x595D41,0x595D41,ui_coords,0,2,_
316,0x595D44,0x595D44,ui_coords,0,7,$
317,0x595D4E,0x595D4F,ui_coords,1,2,
318,0x595D50,0x595D52,ui_coords,2,3,
319,0x595D54,0x595D54,ui_coords,0,9,~ ~ 50B
320,0x595D5D,0x595D5D,ui_coords,0,2,u
321,0x595D60,0x595D60,ui_coords,0,7,ssV
322,0x595D6A,0x595D6B,ui_coords,1,2,
323,0x595D6C,0x595D6E,ui_coords,2,3,
324,0x595D70,0x595D70,ui_coords,0,8,a a 51
325,0x595D7A,0x595D7A,ui_coords,0,2,4
326,0x595D80,0x595D81,ui_coords,1,3,
327,0x595D86,0x595D87,ui_coords,1,2,
328,0x595D88,0x595D8A,ui_coords,2,3,
329,0x595D8C,0x595D8C,ui_coords,0,9,52B
330,0x595D95,0x595D95,ui_coords,0,2,_
331,0x595D98,0x595D9B,ui_coords,3,7,!
332,0x595DA2,0x595DA3,ui_coords,1,2,
333,0x595DA4,0x595DA6,ui_coords,2,3,
334,0x595DA8,0x595DA8,ui_coords,0,9,a a 53(@
335,0x595DB1,0x595DB1,ui_coords,0,2,u
336,0x595DB4,0x595DB4,ui_coords,0,7,"!    """
337,0x595DBB,0x595DBB,ui_coords,0,2,
338,0x595DBE,0x595DBF,ui_coords,1,2,
339,0x595DC0,0x595DC2,ui_coords,2,3,
340,0x595DC4,0x595DC4,ui_coords,0,9,a a 54(@
341,0x595DCD,0x595DCD,ui_coords,0,2,_
342,0x595DD0,0x595DD3,ui_coords,3,7,"! """
343,0x595DDA,0x595DDB,ui_coords,1,2,
344,0x595DDC,0x595DDE,ui_coords,2,3,
345,0x595DE0,0x595DE0,ui_coords,0,9,^ ^ 54
346,0x595DEA,0x595DEA,ui_coords,0,2,3
347,0x595DF0,0x595DF2,ui_coords,2,3,
348,0x595DF6,0x595DF7,ui_coords,1,2,
349,0x595DF8,0x595DFA,ui_coords,2,3,
350,0x595DFC,0x595DFC,ui_coords,0,9,b b 56
351,0x595E06,0x595E06,ui_coords,0,2,3
352,0x595E0C,0x595E0E,ui_coords,2,3,
353,0x595E12,0x595E13,ui_coords,1,2,
354,0x595E14,0x595E16,ui_coords,2,3,
355,0x595E18,0x595E18,ui_coords,0,9,` ` 58
356,0x595E22,0x595E22,ui_coords,0,2,3
357,0x595E28,0x595E2A,ui_coords,2,3,
358,0x595E2E,0x595E2F,ui_coords,1,2,
359,0x595E30,0x595E32,ui_coords,2,3,
360,0x595E34,0x595E34,ui_coords,0,9,a a 5:
361,0x595E3E,0x595E3E,ui_coords,0,2,3
362,0x595E44,0x595E46,ui_coords,2,3,
363,0x595E4A,0x595E4B,ui_coords,1,2,
364,0x595E4C,0x595E4E,ui_coords,2,3,
365,0x595E50,0x595E50,ui_coords,0,9,c c 5<
366,0x595E5A,0x595E5A,ui_coords,0,2,3
367,0x595E60,0x595E62,ui_coords,2,3,
368,0x595E66,0x595E67,ui_coords,1,2,
369,0x595E68,0x595E6A,ui_coords,2,3,
370,0x595E6C,0x595E6C,ui_coords,0,9,d d 5>
371,0x595E76,0x595E76,ui_coords,0,2,3
372,0x595E7C,0x595E7E,ui_coords,2,3,
373,0x595E82,0x595E83,ui_coords,1,2,
374,0x595E84,0x595E86,ui_coords,2,3,
375,0x595E88,0x595E88,ui_coords,0,9,e e 5J
376,0x595E92,0x595E92,ui_coords,0,2,3
377,0x595E98,0x595E9A,ui_coords,2,3,
378,0x595E9E,0x595E9F,ui_coords,1,2,
379,0x595EA0,0x595EA2,ui_coords,2,3,
380,0x595EA4,0x595EA4,ui_coords,0,9,a a 3<1T
381,0x595EB4,0x595EB6,ui_coords,2,3,
382,0x595EBA,0x595EBB,ui_coords,1,2,
383,0x595EBC,0x595EBE,ui_coords,2,3,
384,0x595EC0,0x595EC0,ui_coords,0,9,a a 3=14
385,0x595ED0,0x595ED2,ui_coords,2,4,
386,0x595ED6,0x595ED7,ui_coords,1,2,
387,0x595ED8,0x595EDA,ui_coords,2,3,
388,0x595EDC,0x595EDC,ui_coords,0,9,c c 7>1X
389,0x595EE5,0x595EE5,ui_coords,0,2,%
390,0x595EE8,0x595EE8,ui_coords,0,7,!
391,0x595EF2,0x595EF3,ui_coords,1,2,
392,0x595EF4,0x595EF6,ui_coords,2,3,
393,0x595EF8,0x595EF8,ui_coords,0,9,e e 7?1D
394,0x595F08,0x595F0A,ui_coords,2,3,
395,0x595F0E,0x595F0F,ui_coords,1,2,
396,0x595F10,0x595F12,ui_coords,2,3,
397,0x595F14,0x595F14,ui_coords,0,9,a a @17
398,0x595F1D,0x595F1D,ui_coords,0,10,' &!
399,0x595F2A,0x595F2B,ui_coords,1,2,
400,0x595F2C,0x595F2E,ui_coords,2,3,
401,0x595F30,0x595F30,ui_coords,0,9,i i A12
402,0x595F3A,0x595F3B,ui_coords,1,3,(
403,0x595F40,0x595F42,ui_coords,2,3,
404,0x595F46,0x595F47,ui_coords,1,2,
405,0x595F48,0x595F4A,ui_coords,2,3,
406,0x595F4C,0x595F4C,ui_coords,0,9,i i B1+
407,0x595F56,0x595F57,ui_coords,1,3,2
408,0x595F5C,0x595F5E,ui_coords,2,3,
409,0x595F61,0x595F61,ui_coords,0,3,G
410,0x595F64,0x595F66,ui_coords,2,13,C p p 3C1P
411,0x595F78,0x595F7A,ui_coords,2,3,
412,0x595F7E,0x595F7F,ui_coords,1,2,
413,0x595F80,0x595F82,ui_coords,2,3,
414,0x595F84,0x595F84,ui_coords,0,9,q q  DB
415,0x595F8D,0x595F8D,ui_coords,0,10,_7 !
416,0x595F9A,0x595F9B,ui_coords,1,2,
417,0x595F9C,0x595F9E,ui_coords,2,3,
418,0x595FA0,0x595FA0,ui_coords,0,9,s s 3E14
419,0x595FB0,0x595FB2,ui_coords,2,4,
420,0x595FB6,0x595FB7,ui_coords,1,2,
421,0x595FB8,0x595FBA,ui_coords,2,3,
422,0x595FBC,0x595FBC,ui_coords,0,9,u u F1*
423,0x595FC6,0x595FC7,ui_coords,1,3,*
424,0x595FCC,0x595FCE,ui_coords,2,3,
425,0x595FD2,0x595FD3,ui_coords,1,2,
426,0x595FD4,0x595FD6,ui_coords,2,3,
427,0x595FD8,0x595FD8,ui_coords,0,9,v v 5GB
428,0x595FE1,0x595FE1,ui_coords,0,10,_6 !
429,0x595FEE,0x595FEF,ui_coords,1,2,
430,0x595FF0,0x595FF2,ui_coords,2,3,
431,0x595FF4,0x595FF4,ui_coords,0,9,x x H1>
432,0x595FFE,0x595FFF,ui_coords,1,3,%
433,0x596004,0x596006,ui_coords,2,3,
434,0x59600A,0x59600B,ui_coords,1,2,
435,0x59600C,0x59600E,ui_coords,2,3,
436,0x596010,0x596010,ui_coords,0,9,y y 7I1
437,0x596020,0x596022,ui_coords,2,3,
438,0x596026,0x596027,ui_coords,1,2,
439,0x596028,0x59602A,ui_coords,2,3,
440,0x59602C,0x59602C,ui_coords,0,8,PS PS 3Je
441,0x59603C,0x59603E,ui_coords,2,3,
442,0x596042,0x596043,ui_coords,1,2,
443,0x596044,0x596046,ui_coords,2,3,
444,0x596048,0x596048,ui_coords,0,8,3f1
445,0x596052,0x596052,ui_coords,0,2,(
446,0x596058,0x59605A,ui_coords,2,3,
447,0x59605E,0x59605F,ui_coords,1,2,
448,0x596060,0x596062,ui_coords,2,3,
449,0x596064,0x596064,ui_coords,0,8,o o 7L
450,0x59606E,0x59606E,ui_coords,0,2,/
451,0x596074,0x596076,ui_coords,2,3,
452,0x59607A,0x59607B,ui_coords,1,2,
453,0x59607C,0x59607E,ui_coords,2,3,
454,0x596080,0x596080,ui_coords,0,8,M
455,0x59608A,0x59608A,ui_coords,0,3,#
456,0x596090,0x596092,ui_coords,2,3,
457,0x596096,0x596097,ui_coords,1,2,
458,0x596098,0x59609A,ui_coords,2,3,
459,0x59609C,0x59609C,ui_coords,0,8,N
460,0x5960A6,0x5960A6,ui_coords,0,3,#!
461,0x5960AC,0x5960AE,ui_coords,2,3,
462,0x5960B2,0x5960B3,ui_coords,1,2,
463,0x5960B4,0x5960B6,ui_coords,2,3,
464,0x5960B8,0x5960B8,ui_coords,0,8,O
465,0x5960C2,0x5960C2,ui_coords,0,3,"#"""
466,0x5960C8,0x5960CA,ui_coords,2,3,
467,0x5960CE,0x5960CF,ui_coords,1,2,
468,0x5960D0,0x5960D2,ui_coords,2,3,
469,0x5960D4,0x5960D4,ui_coords,0,8,P
470,0x5960DE,0x5960DE,ui_coords,0,3,##
471,0x5960E4,0x5960E6,ui_coords,2,3,
472,0x5960EA,0x5960EB,ui_coords,1,2,
473,0x5960EC,0x5960EE,ui_coords,2,3,
474,0x5960F0,0x5960F0,ui_coords,0,9,i i 3Q1R
475,0x596100,0x596102,ui_coords,2,3,
476,0x596106,0x596107,ui_coords,1,2,
477,0x596108,0x59610A,ui_coords,2,3,
478,0x59610C,0x59610C,ui_coords,0,9,o o 5RD0
479,0x59611C,0x59611D,ui_coords,1,3,""""
480,0x596122,0x596123,ui_coords,1,2,
481,0x596124,0x596126,ui_coords,2,3,
482,0x596128,0x596128,ui_coords,0,9,o o 7S1P
483,0x596138,0x596138,ui_coords,0,3,(
484,0x59613E,0x59613F,ui_coords,1,2,
485,0x596140,0x596142,ui_coords,2,3,
486,0x596144,0x596144,ui_coords,0,9,o o T1*
487,0x59614E,0x59614F,ui_coords,1,3,*
488,0x596154,0x596156,ui_coords,2,3,
489,0x59615A,0x59615B,ui_coords,1,2,
490,0x59615C,0x59615E,ui_coords,2,3,
491,0x596160,0x596160,ui_coords,0,9,o o 7U1<
492,0x596170,0x596172,ui_coords,2,3,
493,0x596173,0x596173,ui_coords,0,2,
494,0x596176,0x596177,ui_coords,1,2,
495,0x596178,0x59617A,ui_coords,2,3,
496,0x59617C,0x59617C,ui_coords,0,9,° ° V1*
497,0x596186,0x596187,ui_coords,1,3,/
498,0x59618C,0x59618E,ui_coords,2,3,
499,0x596192,0x596193,ui_coords,1,2,
500,0x596194,0x596196,ui_coords,2,3,
501,0x596198,0x596198,ui_coords,0,9,• • 7W1
502,0x5961A8,0x5961AA,ui_coords,2,3,
503,0x5961AE,0x5961AF,ui_coords,1,2,
504,0x5961B0,0x5961B2,ui_coords,2,3,
505,0x5961B4,0x5961B4,ui_coords,0,9,ss ss 5XB
506,0x5961BE,0x5961BE,ui_coords,0,2,0
507,0x5961C4,0x5961C6,ui_coords,2,3,
508,0x5961CA,0x5961CB,ui_coords,1,2,
509,0x5961CC,0x5961CE,ui_coords,2,3,
510,0x5961D0,0x5961D0,ui_coords,0,9,5Y(@
511,0x5961E0,0x5961E1,ui_coords,1,3,""""
512,0x5961E6,0x5961E7,ui_coords,1,2,
513,0x5961E8,0x5961EA,ui_coords,2,3,
514,0x5961EC,0x5961EC,ui_coords,0,9,7Z1p
515,0x5961FC,0x5961FE,ui_coords,2,3,
516,0x596202,0x596203,ui_coords,1,2,
517,0x596204,0x596206,ui_coords,2,3,
518,0x596208,0x596208,ui_coords,0,9,5[B
519,0x596211,0x596211,ui_coords,0,2,_
520,0x596214,0x596217,ui_coords,3,7,`
521,0x59621E,0x59621F,ui_coords,1,2,
522,0x596220,0x596222,ui_coords,2,3,
523,0x596224,0x596224,ui_coords,0,9,5\B
524,0x59622D,0x59622D,ui_coords,0,2,_
525,0x596230,0x596230,ui_coords,0,8,!     u
526,0x59623A,0x59623B,ui_coords,1,2,
527,0x59623C,0x59623E,ui_coords,2,3,
528,0x596240,0x596240,ui_coords,0,9,7]B
529,0x596249,0x596249,ui_coords,0,2,_
530,0x59624C,0x59624C,ui_coords,0,8,!     u
531,0x596254,0x596254,ui_coords,0,4,PSE
532,0x596258,0x59625A,ui_coords,2,10,C u u 3
533,0x596262,0x596262,ui_coords,0,3,18
534,0x59626C,0x59626E,ui_coords,2,3,
535,0x596270,0x596270,ui_coords,0,2,a
536,0x596272,0x596273,ui_coords,1,2,
537,0x596274,0x596276,ui_coords,2,3,
538,0x596278,0x596278,ui_coords,0,9,7_B\
539,0x596288,0x596288,ui_coords,0,3,!
540,0x59628C,0x59628C,ui_coords,0,4,PSL
541,0x596290,0x596292,ui_coords,2,10,4   3
542,0x59629A,0x59629A,ui_coords,0,3,1J
543,0x5962A4,0x5962A6,ui_coords,2,3,
544,0x5962A8,0x5962A8,ui_coords,0,2,a
545,0x5962AA,0x5962AB,ui_coords,1,2,
546,0x5962AC,0x5962AE,ui_coords,2,3,
547,0x5962B0,0x5962B0,ui_coords,0,9,7aBf
548,0x5962C0,0x5962C0,ui_coords,0,3,$
549,0x5962C4,0x5962C4,ui_coords,0,4,PSC
550,0x5962C8,0x5962CA,ui_coords,2,10,3
551,0x5962D2,0x5962D2,ui_coords,0,3,1(
552,0x5962D6,0x5962D7,ui_coords,1,3,%
553,0x5962DC,0x5962DE,ui_coords,2,3,
554,0x5962E0,0x5962E0,ui_coords,0,2,a
555,0x5962E2,0x5962E3,ui_coords,1,2,
556,0x5962E4,0x5962E6,ui_coords,2,3,
557,0x5962E8,0x5962E8,ui_coords,0,9,3cB
558,0x5962F1,0x5962F1,ui_coords,0,2,_
559,0x5962F4,0x5962F4,ui_coords,0,7,8
560,0x5962FC,0x5962FC,ui_coords,0,4,PS9
561,0x596300,0x596302,ui_coords,2,10,!  7
562,0x59630A,0x59630A,ui_coords,0,3,1H
563,0x596314,0x596316,ui_coords,2,3,
564,0x596318,0x596318,ui_coords,0,2,a
565,0x59631A,0x59631B,ui_coords,1,2,
566,0x59631C,0x59631E,ui_coords,2,3,
567,0x596320,0x596320,ui_coords,0,9,7eB
568,0x596329,0x596329,ui_coords,0,10,'8!
569,0x596338,0x59633A,ui_coords,2,3,
570,0x596340,0x596340,ui_coords,0,5,7m1R
571,0x59634C,0x59634E,ui_coords,2,3,
572,0x596350,0x596350,ui_coords,0,2,a
573,0x596354,0x596356,ui_coords,2,3,
574,0x59635C,0x59635C,ui_coords,0,5,7nBz
575,0x596368,0x59636A,ui_coords,2,3,
576,0x596370,0x596372,ui_coords,2,3,
577,0x596378,0x596378,ui_coords,0,5,6o10
578,0x596384,0x596385,ui_coords,1,3,`
579,0x59698D,0x596990,ui_coords,3,4,
580,0x596994,0x59699C,ui_coords,8,69,"""PS   PS ""S    ""]! ^ [!     `!\   \ `!:   q `! q ?  y"
581,0x5969DC,0x5969E4,ui_coords,8,27,"""S   S ""!se7ae"
582,0x5969F7,0x5969F8,clean,1,7,Hitze
583,0x5969FE,0x596A04,clean,6,12,Kalte
584,0x596A0A,0x596A10,clean,6,15,Gewitter
585,0x596A19,0x596A1C,clean,3,8,Erde
586,0x596A21,0x596A28,clean,7,12,Gift
587,0x596A2D,0x596A34,clean,7,19,Schwerkraft
588,0x596A40,0x596A40,clean,0,7,Wasser
589,0x596A47,0x596A4C,clean,5,10,Wind
590,0x596A51,0x596A58,clean,7,14,Heilig
591,0x596A5F,0x596A68,clean,9,13,Tod
592,0x596A6C,0x596A7C,clean,16,23,Gefahr
593,0x596A83,0x596A90,clean,13,20,Schlaf
594,0x596A97,0x596AA4,clean,13,18,Gift
595,0x596AA9,0x596AB8,clean,15,22,Trauer
596,0x596ABF,0x596ACC,clean,13,18,Zorn
597,0x596AD1,0x596AE0,clean,15,22,Psycho
598,0x596AE7,0x596AF4,clean,13,23,Schweigen
599,0x596AFE,0x596B08,clean,10,15,Hast
600,0x596B0D,0x596B1C,clean,15,22,Gemach
601,0x596B23,0x596B30,clean,13,18,Stop
602,0x596B35,0x596B44,clean,15,22,Frosch
603,0x596B4B,0x596B58,clean,13,19,Zwerg
604,0x596B5E,0x596B6C,clean,14,29,Allm.Verstein.
605,0x596B7B,0x596B80,clean,5,15,Verstein.
606,0x596B8A,0x596B94,clean,10,18,Heilung
607,0x596B9C,0x596BA8,clean,12,21,Barriere
608,0x596BB1,0x596BBC,clean,11,18,ZBarr.
609,0x596BC3,0x596BD0,clean,13,20,Wasser
610,0x596BD7,0x596BE4,empty,13,14,
611,0x596BE5,0x596BF8,clean,19,26,Schild
612,0x596BFF,0x596C0C,clean,13,25,Todesurteil
613,0x596C18,0x596C20,clean,8,17,Manipul.
614,0x596C29,0x596C34,clean,11,20,Tobsucht
615,0x596C3D,0x596C48,clean,11,24,Unverwundbar
616,0x596C55,0x596C5C,clean,7,15,Lahmung
617,0x596C64,0x596C70,clean,12,18,Blind
618,0x596C76,0x596C88,clean,18,39,Element/Nebenwirkung
619,0x596C9D,0x596CA1,clean,4,18,Zusatzwirkung
620,0x596CAF,0x596CBA,clean,11,19,Angriff
621,0x596CC2,0x596CD3,clean,17,30,Verteidigung
622,0x596CE0,0x596CEC,clean,12,22,Halbieren
623,0x596CF6,0x596D05,clean,15,25,Unwirksam
624,0x596D0F,0x596D1E,clean,15,27,Absorbieren
625,0x596D2A,0x596D37,empty,13,14,
626,0x596D38,0x596D50,empty,24,25,
627,0x596D51,0x596D69,empty,24,25,
628,0x596D6A,0x596D82,clean,24,31,Starke
629,0x596D89,0x596D9B,clean,18,27,Geschick
630,0x596DA4,0x596DB4,clean,16,26,Vitalitat
631,0x596DBE,0x596DCD,clean,15,22,Zauber
632,0x596DD4,0x596DE6,clean,18,24,Gemut
633,0x596DEC,0x596DFF,clean,19,25,Gluck
634,0x596E05,0x596E18,clean,19,27,Angriff
635,0x596E20,0x596E31,clean,17,27,Angriff %
636,0x596E3B,0x596E4A,clean,15,28,Verteidigung
637,0x596E57,0x596E63,clean,12,27,Verteidigung %
638,0x596E72,0x596E7C,clean,10,17,Zauber
639,0x596E83,0x596E95,clean,18,31,Zauberabwehr
640,0x596EA2,0x596EAE,clean,12,25,Zauberabw. %
641,0x596EBB,0x596EC7,clean,12,17,Waf.
642,0x596ECC,0x596EE0,clean,20,25,Rus.
643,0x596EE5,0x596EF9,clean,20,25,Acc.
644,0x596EFE,0x596F12,clean,20,32,Limit-Stufe
645,0x596F1E,0x596F34,unknown,22,103,"""!    `! a   `!R w u        PS     !PS     i PS       \      PS     W \ Waf."
646,0x596F85,0x596F96,clean,17,22,Rus.
647,0x596F9B,0x596FAC,clean,17,22,Acc.
648,0x596FB1,0x596FC2,clean,17,22,Zub.
649,0x596FC7,0x596FD8,clean,17,24,Starke
650,0x596FDF,0x596FEE,clean,15,24,Geschick
651,0x596FF7,0x597004,clean,13,22,Vitalita
652,0x59700D,0x59701A,clean,13,20,Zauber
653,0x597021,0x597030,clean,15,21,Moral
654,0x597036,0x597046,clean,16,22,Gluck
655,0x59704C,0x59705C,clean,16,24,Angriff
656,0x597064,0x597072,clean,14,24,Angriff %
657,0x59707C,0x597088,clean,12,25,Verteidigung
658,0x597095,0x59709E,clean,9,24,Verteidigung %
659,0x5970AD,0x5970B4,clean,7,14,Zauber
660,0x5970BB,0x5970CA,clean,15,28,Zauberabwehr
661,0x5970D7,0x5970E0,clean,9,22,Zauberabw. %
662,0x5970ED,0x5970F6,clean,9,18,Fassung:
663,0x5970FF,0x59710C,clean,13,23,Wachstum:
664,0x597116,0x597122,clean,12,18,Keine
665,0x597128,0x597138,clean,16,23,Normal
666,0x59713F,0x59714E,clean,15,23,Doppelt
667,0x597156,0x597164,clean,14,23,Dreifach
668,0x59716D,0x59717A,empty,13,14,
669,0x59717B,0x597194,unknown,25,107,"""PS   PS ""S    !i   !!! !  ]!    `!\   \ `!:   r  X     n  q   Feuer"
670,0x5971E6,0x5971EC,clean,6,12,Kalte
671,0x5971F2,0x5971F8,clean,6,12,Blitz
672,0x5971FE,0x597204,clean,6,11,Erde
673,0x597209,0x597210,clean,7,12,Gift
674,0x597215,0x59721C,clean,7,19,Schwerkraft
675,0x597228,0x597228,clean,0,7,Wasser
676,0x59722F,0x597234,clean,5,10,Wind
677,0x597239,0x597240,clean,7,14,Heilig
678,0x597247,0x597250,clean,9,44,Soll das wirklich entfernt werden?
679,0x597273,0x597274,unknown,1,5,Ja!
680,0x597278,0x597298,clean,32,45,Einen Moment
681,0x5972A5,0x5972BC,clean,23,37,Sephiroth
682,0x5972CA,0x5972E0,clean,22,27,Waf.
683,0x5972E5,0x5972FC,clean,23,28,Rus.
684,0x597301,0x597318,clean,23,39,Fahigkeitsliste
685,0x597328,0x597334,clean,12,27,Rustungseffekt
686,0x597343,0x597350,clean,13,20,Prufen
687,0x597357,0x59736C,clean,21,28,Ordnen
688,0x597373,0x597388,clean,21,45,Gespeicherte Zahl   /24
689,0x5973A0,0x5973A4,clean,4,7,AP
690,0x5973A7,0x5973C0,clean,25,43,Auf nachste Ebene
691,0x5973D2,0x5973DC,clean,10,17,MASTER
692,0x5973E3,0x5973F8,clean,21,28,Ordnen
693,0x5973FF,0x597414,clean,21,30,Tauschen
694,0x59741D,0x597430,clean,19,35,Alles entfernen
695,0x597440,0x59744C,clean,12,22,Wegwerfen
696,0x597456,0x597468,empty,18,19,
697,0x597469,0x597484,clean,27,52,Geschwindigkeit   %HaHER
698,0x59749D,0x5974A0,clean,3,19,Schutz   %HaHER
699,0x5974B0,0x5974BC,clean,12,33,Zauberkraft   %HaHER
700,0x5974D1,0x5974D8,clean,7,22,Gluck   %HaHER
701,0x5974E7,0x5974F4,clean,13,20,MASTER
702,0x5974FB,0x597510,clean,21,28,Starke
703,0x597517,0x59752C,clean,21,31,Vitalitat
704,0x597536,0x597548,clean,18,25,Zauber
705,0x59754F,0x597564,clean,21,31,Zbrvertdg
706,0x59756E,0x597580,clean,18,27,Geschick
707,0x597589,0x59759C,clean,19,25,Gluck
708,0x5975A2,0x5975B8,clean,22,28,MAXHP
709,0x5975BE,0x5975D4,clean,22,28,MAXMP
710,0x5975DA,0x5975F0,clean,22,28,MAXHP
711,0x5975F6,0x59760C,clean,22,28,MAXMP
712,0x597612,0x597628,clean,22,29,EXP.UP
713,0x59762F,0x597644,clean,21,28,Gil UP
714,0x59764B,0x597660,clean,21,33,Treffen - %
715,0x59766C,0x59767C,clean,16,28,Treffen + %
716,0x597688,0x597698,clean,16,32,Chocobo treffen
717,0x5976A8,0x5976B4,clean,12,28,Praventivm. + %
718,0x5976C4,0x5976D0,clean,12,24,Fernangriff
719,0x5976DC,0x5976EC,clean,16,31,Alle angreifen
720,0x5976FB,0x597708,clean,13,26,Gegenangriff
721,0x597715,0x597724,clean,15,30,Alle angreifen
722,0x597733,0x597740,clean,13,31,Standiger Angriff
723,0x597752,0x59775C,clean,10,25,HP/MP-nderung
724,0x59776B,0x59777C,unknown,17,190,"""    ""S    !C!! $!C!   ""C! D  PS } : !i     5""S   S ""T !c $!!|!c @ !    `!i   i "
725,0x59782C,0x597830,unknown,4,75,O    PS O w!!PS     o PS 8 e   \ 8   \     Z \ a   `!R w u  Zauber
726,0x597877,0x597886,clean,15,26,Beschworen
727,0x597891,0x59789C,clean,11,24,Feindtechnik
728,0x5978A9,0x5978B2,clean,9,31,Zusatzliche Fahigkeit
729,0x5978C8,0x5978C8,clean,0,5,Alle
730,0x5978CD,0x5978DE,clean,17,25,4x-Zber
731,0x5978E6,0x5978F4,clean,14,25,MP absorb.
732,0x5978FF,0x59790A,clean,11,22,HP absorb.
733,0x597915,0x597920,empty,11,12,
734,0x597921,0x597936,clean,21,33,Auch stehl.
735,0x597942,0x59794C,clean,10,17,Schlag
736,0x597953,0x597962,clean,15,24,Turbo-MP
737,0x59796B,0x597978,clean,13,20,Nichts
738,0x59797F,0x59798E,clean,15,31,Nicht genug MP.
739,0x59799E,0x5979A4,empty,6,7,
740,0x5979A8,0x5979AC,unknown,4,106,"""    ""S    ""2!!K  PS !K  PS !   S     `!r   r `!:   c `!  6 j \  6 g \    j : Ve"
741,0x597A12,0x597A1A,clean,8,15,Ordnen
742,0x597A21,0x597A2C,clean,11,28,Schlusselobjekte
743,0x597A3D,0x597A3E,clean,1,8,Allein
744,0x597A45,0x597A50,clean,11,16,Feld
745,0x597A55,0x597A62,clean,13,22,Schlacht
746,0x597A6B,0x597A74,clean,9,16,Werfen
747,0x597A7B,0x597A86,clean,11,15,Typ
748,0x597A8A,0x597A98,clean,14,19,Name
749,0x597A9D,0x597AAA,clean,13,18,Max.
750,0x597AAF,0x597ABC,clean,13,18,Min.
751,0x597AC1,0x597AD0,clean,15,25,OK! Klar!
752,0x597ADA,0x597AF8,clean,30,58,"Ich bin nicht sicher, aber"
753,0x597B14,0x597B20,clean,12,26,Ist mir egal.
754,0x597B2E,0x597B48,clean,26,36,Heh! Heh!
755,0x597B52,0x597B70,clean,30,55,V-v-verdammt! Mein Kopf!
756,0x597B89,0x597B98,clean,15,42,Hat nichts mit mir zu tun!
757,0x597BB3,0x597BC0,clean,13,34,"Hmm, das war's also."
758,0x597BD5,0x597BE8,clean,19,47,"Ich bin nicht sicher, aber"
759,0x597C04,0x597C10,clean,12,49,Ich hab die falsche Person erwischt.
760,0x597C35,0x597C38,clean,3,23,Das sollte ok sein.
761,0x597C4C,0x597C60,clean,20,44,Noch nicht ganz bereit.
762,0x597C78,0x597C88,clean,16,40,"Nein, ich bin es nicht."
763,0x597CA0,0x597CB0,clean,16,26,"Ok, klar!"
764,0x597CBA,0x597CD8,clean,30,48,Kapier ich nicht.
765,0x597CEA,0x597D00,clean,22,49,Hat nichts mit mir zu tun.
766,0x597D1B,0x597D28,clean,13,39,Cool! Das sollte ok sein!
767,0x597D42,0x597D50,clean,14,37,Nee! Kapier ich nicht!
768,0x597D67,0x597D78,clean,17,50,"Mann, ich tapp total im Dunkeln!"
769,0x597D99,0x597DA0,clean,7,44,Ich verlier immer mehr Menschliches
770,0x597DC5,0x597DC8,clean,3,30,Ich bin noch nicht bereit.
771,0x597DE3,0x597DF0,clean,13,43,Es hat nichts mit mir zu tun.
772,0x597E0E,0x597E18,clean,10,38,Das gefallt mir! Her damit!
773,0x597E34,0x597E40,clean,12,52,"Hmph. Hab ich nicht ganz kapiert, aber"
774,0x597E68,0x597E68,clean,0,33,Nicht ich! Gib es jemand anders!
775,0x597E89,0x597E90,clean,7,37,Es hat nichts mit mir zu tun.
776,0x597EAE,0x597EB8,unknown,10,127,"%!a >!, )!Y   h 7!e f R a 7    a c v    !! &!   b a ) V ; = [ \ #!  ,!j +!    1"
777,0x597F2D,0x597F2E,unknown,1,684,8 N i    E   • z E!° 5!@!i n q F!i       4 (! i Z x   B a       3  =!]  I!J!K!L!
778,0x5981E8,0x5981E8,binary,0,8,Zi
779,0x5981F1,0x5981F1,binary,0,8,a
780,0x5981FE,0x5981FE,binary,0,5,
781,0x598208,0x598208,binary,0,8,i
782,0x598211,0x598211,binary,0,8,a
783,0x59821D,0x59821D,binary,0,7,
784,0x598228,0x598228,binary,0,8,ei
785,0x598231,0x598231,binary,0,8,V
786,0x59823C,0x59823C,binary,0,9,
787,0x598248,0x598248,binary,0,17,avUUUUS\
788,0x59825B,0x59825B,binary,0,11,ai
789,0x598268,0x598268,binary,0,17,VaUaUeuda
790,0x59827A,0x59827A,binary,0,12,a|a
791,0x598289,0x598289,binary,0,15,aaUVae
792,0x59829A,0x59829A,binary,0,13,vSUa
793,0x5982A9,0x5982A9,binary,0,15,eVeUaS
794,0x5982B9,0x5982B9,binary,0,14,aaXU
795,0x5982C9,0x5982C9,binary,0,15,aUeaX
796,0x5982D9,0x5982D9,binary,0,15,VxU
797,0x5982EA,0x5982EA,binary,0,13,VUVS
798,0x5982F9,0x5982F9,binary,0,15,aUUXai
799,0x59830A,0x59830A,binary,0,13,aUi
800,0x598319,0x598319,binary,0,15,VeaU
801,0x59832B,0x59832B,binary,0,11,e
802,0x598338,0x598338,binary,0,17,VaaXef
803,0x59834B,0x59834B,binary,0,11,S
804,0x598358,0x598358,binary,0,17,ixUe
805,0x59836C,0x59836C,binary,0,9,
806,0x598378,0x598378,binary,0,17,iU
807,0x59838D,0x59838D,binary,0,7,
808,0x598398,0x598398,binary,0,8,a
809,0x5983A1,0x5983A1,binary,0,8,
810,0x5983AE,0x5983AE,binary,0,5,
811,0x5983B8,0x5983B8,binary,0,8,aa
812,0x5983C1,0x5983C1,binary,0,8,a
813,0x5983D8,0x5983D8,binary,0,8,Zi
814,0x5983E1,0x5983E1,binary,0,8,a
815,0x5983F8,0x5983F8,binary,0,8,i
816,0x598401,0x598401,binary,0,8,a
817,0x59840E,0x59840E,binary,0,5,
818,0x598418,0x598418,binary,0,8,ei
819,0x598421,0x598421,binary,0,8,V
820,0x59842D,0x59842D,binary,0,7,
821,0x598438,0x598438,binary,0,17,avUUUUS\
822,0x59844C,0x59844C,binary,0,9,
823,0x598458,0x598458,binary,0,17,VaUaUeuda
824,0x59846B,0x59846B,binary,0,11,ai
825,0x598479,0x598479,binary,0,15,aaUVae
826,0x59848A,0x59848A,binary,0,12,a|a
827,0x598499,0x598499,binary,0,15,eVeUaS
828,0x5984AA,0x5984AA,binary,0,13,vSUa
829,0x5984B9,0x5984B9,binary,0,15,aUeaX
830,0x5984C9,0x5984C9,binary,0,14,aaXU
831,0x5984DA,0x5984DA,binary,0,13,VUVS
832,0x5984E9,0x5984E9,binary,0,15,VxU
833,0x5984FA,0x5984FA,binary,0,13,aUi
834,0x598509,0x598509,binary,0,15,aUUXai
835,0x59851B,0x59851B,binary,0,11,e
836,0x598529,0x598529,binary,0,15,VeaU
837,0x59853B,0x59853B,binary,0,11,S
838,0x598548,0x598548,binary,0,17,VaaXef
839,0x59855C,0x59855C,binary,0,9,
840,0x598568,0x598568,binary,0,17,ixUe
841,0x59857D,0x59857D,binary,0,7,
842,0x598588,0x598588,binary,0,17,iU
843,0x59859E,0x59859E,binary,0,5,
844,0x5985A8,0x5985A8,binary,0,8,a
845,0x5985B1,0x5985B1,binary,0,8,
846,0x5985C8,0x5985C8,char_struct,0,8,aa
847,0x5985D1,0x5985D1,char_struct,0,93,"a        !""#$%'(    ""S   S ""S   ~ ""! :       `!:   : `!:   O `! i - i o Cloud"
848,0x59862E,0x598634,char_struct,6,13,Barret
849,0x59863B,0x598640,char_struct,5,10,Tifa
850,0x598645,0x59864C,char_struct,7,13,Aeris
851,0x598652,0x598658,char_struct,6,15,Red XIII
852,0x598661,0x598664,char_struct,3,10,Yuffie
853,0x59866B,0x598670,char_struct,5,15,Cait Sith
854,0x59867A,0x59867C,char_struct,2,10,Vincent
855,0x598684,0x598688,char_struct,4,8,Cid
856,0x59868C,0x598694,char_struct,8,14,Choco
857,0x59869A,0x5986A0,char_struct,6,7,
858,0x5986A1,0x5986AA,char_struct,9,10,
859,0x5986AB,0x5986B4,char_struct,9,10,
860,0x5986B5,0x5986BE,char_struct,9,14,Leer
861,0x5986C3,0x5986C8,char_struct,5,13,Loschen
862,0x5986D0,0x5986D2,char_struct,2,12,Auswahlen
863,0x5986DC,0x5986DC,char_struct,0,9,Standard
864,0x5986E5,0x5986E6,char_struct,1,11,Abbrechen
865,0x5986F0,0x5986F0,char_struct,0,90,"ABCDEFGHIJaKLMNOPQRSTUVWXYZ,.+-oabcdefghijaklmnopqrstUuvwxyz:;  u0123456789   Ra"
866,0x59874A,0x598750,char_struct,6,16,Freshmake
867,0x59875A,0x598760,char_struct,6,13,Square
868,0x598767,0x598770,char_struct,9,14,3Dfx
869,0x598775,0x598780,char_struct,11,17,Local
870,0x598786,0x598790,char_struct,10,15,Gold
871,0x598795,0x5987A0,char_struct,11,200,"eieiokmoqs+-/13uwy{}579;=aaac?ACEGo•____acegi!#%')uJLNPR_]^      aieinjlnpr*,.0"
872,0x598860,0x598864,char_struct,4,59,"!   ""   $   %   '   (        &4031&.      !iEx-SOLDIER"
873,0x59889C,0x59889E,char_struct,2,3,
874,0x59889F,0x5988A0,char_struct,1,2,
875,0x5988A1,0x5988A1,char_struct,0,24,X!         Z!Z!V V
876,0x5988BC,0x5988BC,char_struct,0,13,"a""  T   R"
877,0x598900,0x598900,char_struct,0,27,C   !!/-+)%-      !oBarret
878,0x598920,0x598920,char_struct,0,3,@
879,0x598923,0x598924,char_struct,1,2,
880,0x598925,0x598926,char_struct,1,24,!           / /
881,0x598940,0x598940,char_struct,0,5,*
882,0x598984,0x598988,char_struct,4,25,"""!+++*'.      !9Tifa"
883,0x5989A4,0x5989A4,char_struct,0,3,0
884,0x5989A7,0x5989A8,char_struct,1,2,
885,0x5989A9,0x5989AA,char_struct,1,24,!           0 0
886,0x5989C4,0x5989C4,char_struct,0,5,(
887,0x598A08,0x598A0C,char_struct,4,27,#!*+-.%.      !4Aerith
888,0x598A28,0x598A28,char_struct,0,3,^
889,0x598A2B,0x598A2C,char_struct,1,26,!           7 7
890,0x598A48,0x598A4C,char_struct,4,5,
891,0x598A8C,0x598A90,char_struct,4,24,"$!*,+**.      !aRed"
892,0x598AAC,0x598AAC,char_struct,0,3,P#
893,0x598AAF,0x598AB0,char_struct,1,2,
894,0x598AB1,0x598AB2,char_struct,1,24,!           1 1
895,0x598ACC,0x598ACC,char_struct,0,13,",   Q# 7#"
896,0x598AF0,0x598AF0,char_struct,0,5,E
897,0x598B10,0x598B14,char_struct,4,27,%!            !KYuffie
898,0x598B30,0x598B30,char_struct,0,3,w$
899,0x598B33,0x598B34,char_struct,1,2,
900,0x598B35,0x598B36,char_struct,1,24,!         a a % %
901,0x598B50,0x598B54,char_struct,4,9,GL!
902,0x598B94,0x598B98,char_struct,4,31,&!*+-+%/      ! Cait Seith
903,0x598BB4,0x598BB4,char_struct,0,3,a%
904,0x598BB7,0x598BB8,char_struct,1,2,
905,0x598BB9,0x598BBA,char_struct,1,24,!           2 2
906,0x598BD4,0x598BD4,char_struct,0,13,.   J   Zx;
907,0x598C18,0x598C1C,char_struct,4,28,'!)*++%.      !WVincent
908,0x598C38,0x598C38,char_struct,0,3,o%
909,0x598C3B,0x598C3C,char_struct,1,2,
910,0x598C3D,0x598C3E,char_struct,1,24,!           2 2
911,0x598C58,0x598C58,char_struct,0,5,0
912,0x598C9C,0x598CA0,char_struct,4,24,"(!,,+*&.      !_Cid"
913,0x598CBC,0x598CBC,char_struct,0,3,i&
914,0x598CBF,0x598CC0,char_struct,1,2,
915,0x598CC1,0x598CC2,char_struct,1,24,!           / /
916,0x598CDC,0x598CDC,char_struct,0,5,2
917,0x598D20,0x598D24,char_struct,4,21,")!,,+*&%      !"
918,0x598D40,0x598D41,char_struct,1,29,!  '!           $ $
919,0x598D60,0x598D60,char_struct,0,9,",   *"
920,0x598DA4,0x598DA4,char_struct,0,30,o   *RuhdfaN      ! Sephiroth
921,0x598DC4,0x598DC4,char_struct,0,5,u&(
922,0x598DC9,0x598DCA,char_struct,1,24,!          / /!!
923,0x598DE4,0x598DE4,char_struct,0,6,$ W
924,0x598DEC,0x598DEC,char_struct,0,2,U
925,0x598DF0,0x598DF0,char_struct,0,2,S
926,0x598DF4,0x598DF4,char_struct,0,2,7
927,0x598DF8,0x598DF8,char_struct,0,2,Q
928,0x598E08,0x598E08,char_struct,0,2,R
929,0x598E0C,0x598E0C,char_struct,0,2,7
930,0x598E10,0x598E10,char_struct,0,2,T
931,0x598E14,0x598E14,char_struct,0,2,7
932,0x598E28,0x598E28,char_struct,0,5,
933,0x598EB1,0x598ED0,unknown,31,926,"!   &   !   ""   &   !   #   &   !   $   &   !   %   &   !   &   &   !   '   &   "
934,0x59924F,0x599254,clean,5,20,Magic Materia!
935,0x599263,0x599268,clean,5,21,Summon Materia!
936,0x599278,0x59927C,clean,4,12,Command
937,0x599284,0x599290,clean,12,28,Zero - AW YEAH!
938,0x5992A0,0x5992A8,clean,8,14,Feuer
939,0x5992AE,0x5992B4,clean,6,12,Kalte
940,0x5992BA,0x5992C0,clean,6,12,Blitz
941,0x5992C6,0x5992CC,clean,6,11,Erde
942,0x5992D1,0x5992D8,clean,7,12,Gift
943,0x5992DD,0x5992E4,clean,7,19,Schwerkraft
944,0x5992F0,0x5992F0,clean,0,7,Wasser
945,0x5992F7,0x5992FC,clean,5,10,Wind
946,0x599301,0x599308,clean,7,14,Heilig
947,0x59930F,0x599318,clean,9,44,Soll das wirklich entfernt werden?
948,0x59933B,0x59933C,unknown,1,5,Ja!
949,0x599340,0x599360,clean,32,45,Einen Moment
950,0x59936D,0x599384,clean,23,37,Sephiroth
951,0x599392,0x5993A8,clean,22,27,Waf.
952,0x5993AD,0x5993C4,clean,23,28,Rus.
953,0x5993C9,0x5993E0,clean,23,39,Fahigkeitsliste
954,0x5993F0,0x5993FC,clean,12,27,Rustungseffekt
955,0x59940B,0x599418,clean,13,20,Prufen
956,0x59941F,0x599434,clean,21,28,Ordnen
957,0x59943B,0x599450,clean,21,45,Gespeicherte Zahl   /24
958,0x599468,0x59946C,clean,4,7,AP
959,0x59946F,0x599488,clean,25,43,Auf nachste Ebene
960,0x59949A,0x5994A4,clean,10,17,MASTER
961,0x5994AB,0x5994C0,clean,21,28,Ordnen
962,0x5994C7,0x5994DC,clean,21,30,Tauschen
963,0x5994E5,0x5994F8,clean,19,35,Alles entfernen
964,0x599508,0x599514,clean,12,22,Wegwerfen
965,0x59951E,0x599530,empty,18,19,
966,0x599531,0x59954C,clean,27,52,Geschwindigkeit   %HaHER
967,0x599565,0x599568,clean,3,19,Schutz   %HaHER
968,0x599578,0x599584,clean,12,33,Zauberkraft   %HaHER
969,0x599599,0x5995A0,clean,7,22,Gluck   %HaHER
970,0x5995AF,0x5995BC,clean,13,20,MASTER
971,0x5995C3,0x5995D8,clean,21,28,Starke
972,0x5995DF,0x5995F4,clean,21,31,Vitalitat
973,0x5995FE,0x599610,clean,18,25,Zauber
974,0x599617,0x59962C,clean,21,31,Zbrvertdg
975,0x599636,0x599648,clean,18,27,Geschick
976,0x599651,0x599664,clean,19,25,Gluck
977,0x59966A,0x599680,clean,22,28,MAXHP
978,0x599686,0x59969C,clean,22,28,MAXMP
979,0x5996A2,0x5996B8,clean,22,28,MAXHP
980,0x5996BE,0x5996D4,clean,22,28,MAXMP
981,0x5996DA,0x5996F0,clean,22,29,EXP.UP
982,0x5996F7,0x59970C,clean,21,28,Gil UP
983,0x599713,0x599728,clean,21,33,Treffen - %
984,0x599734,0x599744,clean,16,28,Treffen + %
985,0x599750,0x599760,clean,16,32,Chocobo treffen
986,0x599770,0x59977C,clean,12,28,Praventivm. + %
987,0x59978C,0x599798,clean,12,24,Fernangriff
988,0x5997A4,0x5997B4,clean,16,31,Alle angreifen
989,0x5997C3,0x5997D0,clean,13,26,Gegenangriff
990,0x5997DD,0x5997EC,clean,15,30,Alle angreifen
991,0x5997FB,0x599808,clean,13,31,Standiger Angriff
992,0x59981A,0x599824,clean,10,25,HP/MP-nderung
993,0x599833,0x599840,clean,13,20,Kaufen
994,0x599847,0x59985E,clean,23,33,Verkaufen
995,0x599868,0x59987C,clean,20,28,Beenden
996,0x599884,0x59989A,clean,22,29,Objekt
997,0x5998A1,0x5998B8,clean,23,31,Materia
998,0x5998C0,0x5998D8,clean,24,49,Kaufen Verkaufen Beenden
999,0x5998F1,0x5998F8,clean,7,11,Gil
1000,0x5998FC,0x599918,clean,28,35,Besitz
1001,0x59991F,0x599938,clean,25,37,Ausstattung
1002,0x599944,0x599958,clean,20,27,Gesamt
1003,0x59995F,0x599978,clean,25,33,Wieviel
1004,0x599980,0x599998,clean,24,42,Objekt    Materia
1005,0x5999AA,0x5999B8,clean,14,25,Ubrige Gil
1006,0x5999C3,0x5999D8,clean,21,38,Preis fur Master
1007,0x5999E9,0x5999F8,clean,15,30,Preis durch AP
1008,0x599A07,0x599A18,clean,17,22,Waf.
1009,0x599A1D,0x599A2E,clean,17,22,Rus.
1010,0x599A33,0x599A44,clean,17,22,Zub.
1011,0x599A49,0x599A5A,clean,17,22,Zub.
1012,0x599A5F,0x599A70,clean,17,24,Starke
1013,0x599A77,0x599A86,clean,15,24,Geschick
1014,0x599A8F,0x599A9C,clean,13,22,Vitalita
1015,0x599AA5,0x599AB2,clean,13,20,Zauber
1016,0x599AB9,0x599AC8,clean,15,21,Moral
1017,0x599ACE,0x599ADE,clean,16,22,Gluck
1018,0x599AE4,0x599AF4,clean,16,26,Angreifen
1019,0x599AFE,0x599B0A,clean,12,24,Angreifen %
1020,0x599B16,0x599B20,clean,10,22,Verteidigen
1021,0x599B2C,0x599B36,clean,10,24,Verteidigen %
1022,0x599B44,0x599B4C,clean,8,17,Zbrangrf
1023,0x599B55,0x599B62,clean,13,23,Zbrvertdg
1024,0x599B6C,0x599B78,clean,12,24,Zbrvertdg %
1025,0x599B84,0x599B8E,clean,10,19,Schlitz:
1026,0x599B97,0x599BA4,clean,13,26,Verstarkung:
1027,0x599BB1,0x599BBA,clean,9,15,Keine
1028,0x599BC0,0x599BD0,clean,16,23,Normal
1029,0x599BD7,0x599BE6,clean,15,23,Doppelt
1030,0x599BEE,0x599BFC,clean,14,23,Dreifach
1031,0x599C05,0x599C14,empty,15,17,A
1032,0x599C16,0x599C16,empty,0,2,V
1033,0x599C18,0x599C18,clean,0,12,Objektladen
1034,0x599C24,0x599C40,clean,28,43,Waffengeschaft
1035,0x599C4F,0x599C68,clean,25,37,Objektladen
1036,0x599C74,0x599C90,clean,28,42,Materia-Laden
1037,0x599C9E,0x599CB8,clean,26,40,Gemischtwaren
1038,0x599CC6,0x599CE0,clean,26,38,Gemuseladen
1039,0x599CEC,0x599D08,clean,28,41,Zubehorladen
1040,0x599D15,0x599D30,clean,27,41,Werkzeugladen
1041,0x599D3E,0x599D58,clean,26,41,Souvenierladen
1042,0x599D67,0x599D80,clean,25,37,Willkommen!
1043,0x599D8C,0x599DAE,clean,34,58,Was mochtest du kaufen?
1044,0x599DC6,0x599DDC,clean,22,49,Wie viele willst du davon?
1045,0x599DF7,0x599E0A,clean,19,46,Was mochtest du verkaufen?
1046,0x599E25,0x599E38,clean,19,50,Wie viele willst du verkaufen?
1047,0x599E57,0x599E66,clean,15,22,Danke!
1048,0x599E6D,0x599E94,clean,39,46,Danke!
1049,0x599E9B,0x599EC2,clean,39,65,Du hast nicht genug Geld!
1050,0x599EDC,0x599EF0,empty,20,21,
1051,0x599EF1,0x599F4C,clean,91,102,Guten Tag!
1052,0x599F57,0x599F7A,clean,35,65,Wie kann ich behilflich sein?
1053,0x599F98,0x599FA8,clean,16,43,Wie viele willst du davon?
1054,0x599FC3,0x599FD6,clean,19,45,Hast du was zu verkaufen?
1055,0x599FF0,0x59A004,clean,20,41,Wie viele willst du?
1056,0x59A019,0x59A032,clean,25,38,Vielen Dank!
1057,0x59A03F,0x59A060,clean,33,68,Ihr werdet doch alle zuruckkommen!
1058,0x59A083,0x59A08E,clean,11,56,Soll das ein Witz sein? Das ist nicht genug!
1059,0x59A0BB,0x59A0BC,empty,1,2,
1060,0x59A0BD,0x59A118,unknown,91,8092,! #     !!             4                                                        
1061,0x59C158,0x59C158,unknown,0,181,`?  `?  @n  @n  Z  !   !   !   !   !   !   !   !   !   !   !   #  !   !   !   ! 
1062,0x59C218,0x59C218,unknown,0,173,"!   x""  x""  %  x""  ""  %  +  +  n7  3  0G  %  `?  0G      @n  n7          HC  !  "
1063,0x59C359,0x59C35C,empty,3,4,
1064,0x59C360,0x59C364,unknown,4,262,"!S   S ""S   ~ !   M!""           U ""S !~    O u PS   S ""! ! t g!}  v   S ""~    ""S"
1065,0x59C466,0x59C488,clean,34,69,Wahlen Sie eine Speicherdatei aus.
1066,0x59C4AB,0x59C4B0,clean,5,41,Wahlen Sie einen Speicherblock aus.
1067,0x59C4D4,0x59C4D8,clean,4,17,STECKPLATZ 1
1068,0x59C4E5,0x59C500,clean,27,40,STECKPLATZ 2
1069,0x59C50D,0x59C528,clean,27,37,Wirklich?
1070,0x59C532,0x59C550,clean,30,58,Bin am Laden. Bitte warten
1071,0x59C56C,0x59C578,clean,12,42,Bin am Sichern. Bitte warten
1072,0x59C596,0x59C5A0,clean,10,15,LEER
1073,0x59C5A5,0x59C5C8,clean,35,41,BLOCK
1074,0x59C5CE,0x59C5F0,clean,34,42,Weiter?
1075,0x59C5F8,0x59C618,unknown,32,36,/15
1076,0x59C61C,0x59C640,clean,36,64,Uberprufe Spielstandsdatei
1077,0x59C65C,0x59C668,empty,12,15,01
1078,0x59C66B,0x59C690,empty,37,40,02
1079,0x59C693,0x59C6B8,empty,37,40,03
1080,0x59C6BB,0x59C6E0,empty,37,40,04
1081,0x59C6E3,0x59C708,empty,37,40,05
1082,0x59C70B,0x59C730,empty,37,40,06
1083,0x59C733,0x59C758,empty,37,40,07
1084,0x59C75B,0x59C780,empty,37,40,08
1085,0x59C783,0x59C7A8,empty,37,40,09
1086,0x59C7AB,0x59C7D0,empty,37,40,10
1087,0x59C7D3,0x59C7F8,empty,37,40,11
1088,0x59C7FB,0x59C820,empty,37,40,12
1089,0x59C823,0x59C848,empty,37,40,13
1090,0x59C84B,0x59C870,empty,37,40,14
1091,0x59C873,0x59C898,empty,37,40,15
1092,0x59C89B,0x59C8C0,clean,37,50,Gespeichert.
1093,0x59C8CD,0x59C8E8,clean,27,52,Speichern nicht moglich.
1094,0x59C901,0x59C910,clean,15,36,Laden nicht moglich.
1095,0x59C925,0x59C938,clean,19,40,Daten sind zerstort.
1096,0x59C94D,0x59C960,clean,19,31,NEUES SPIEL
1097,0x59C96C,0x59C988,clean,28,48,Wirklich speichern?
1098,0x59C99C,0x59C9B0,clean,20,23,Ja
1099,0x59C9B3,0x59C9D8,clean,37,42,Nein
1100,0x59C9DD,0x59CA00,clean,35,44,Beendet.
1101,0x59CA09,0x59CA42,empty,57,58,
1102,0x59CA43,0x59CA84,empty,65,66,
1103,0x59CA85,0x59CAC6,clean,65,76,Formatiert
1104,0x59CAD1,0x59CB08,clean,55,82,Formatierung nicht moglich
1105,0x59CB23,0x59CB4A,clean,39,56,Nicht formatiert
1106,0x59CB5B,0x59CB8C,clean,49,68,Jetzt formatieren?
1107,0x59CB9F,0x59CBCE,clean,47,73,Memory Card wird gepruft.
1108,0x59CBE8,0x59CC10,clean,40,64,Keine Spielstandsdatei.
1109,0x59CC28,0x59CC52,clean,42,108,Diese Memory Card ist beschadigt und kann nicht verwendet werden.
1110,0x59CC94,0x59CC94,clean,0,29,Andere Memory Card einlegen.
1111,0x59CCB1,0x59CCD6,clean,37,86,Nicht genug Platz in der Spielstandsdatei ubrig.
1112,0x59CD07,0x59CD18,clean,17,65,Bitte benutzen Sie eine andere Spielstandsdatei
1113,0x59CD48,0x59CD5A,clean,18,62,oder loschen Sie 1 Block gesicherter Daten.
1114,0x59CD86,0x59CD9C,empty,22,23,
1115,0x59CD9D,0x59CDDE,empty,65,66,
1116,0x59CDDF,0x59CE20,clean,65,86,Lesen nicht moglich.
1117,0x59CE35,0x59CE62,clean,45,61,Spiel beginnen?
1118,0x59CE72,0x59CEA4,empty,50,53,
1119,0x59CEA7,0x59CEE6,empty,63,66,
1120,0x59CEE9,0x59CF28,empty,63,66,
1121,0x59CF2B,0x59CF6A,empty,63,64,
1122,0x59CF6B,0x59CFB0,clean,69,126,Kann Speicherpuffer der Spielstandsdatei nicht zuordnen!
1123,0x59CFE9,0x59CFEC,clean,3,31,Ungultige Spielstandsdatei!
1124,0x59D008,0x59D028,clean,32,48,Spielstand 1
1125,0x59D038,0x59D03C,clean,4,20,Spielstand 2
1126,0x59D04C,0x59D050,clean,4,20,Spielstand 3
1127,0x59D060,0x59D064,clean,4,20,Spielstand 4
1128,0x59D074,0x59D078,clean,4,20,Spielstand 5
1129,0x59D088,0x59D08C,clean,4,20,Spielstand 6
1130,0x59D09C,0x59D0A0,clean,4,20,Spielstand 7
1131,0x59D0B0,0x59D0B4,clean,4,20,Spielstand 8
1132,0x59D0C4,0x59D0C8,clean,4,20,Spielstand 9
1133,0x59D0D8,0x59D0DC,clean,4,18,Spielstand 10
1134,0x59D0EA,0x59D0F0,unknown,6,92,"!)  m t!v L!S     ""  % j G  K  :     `!e +! e e   [!  c V C v r  m"
1135,0x59D14C,0x59D14C,empty,0,2,
1136,0x59D150,0x59D150,clean,0,6,Level
1137,0x59D156,0x59D158,developer,2,139,p  @  cZ|ffW|ooa|iai|gaoiai|iiaaiaiNann cZ|ffW|ooa|iai|gaoiai|iiaaiaiNann Eooa°a
1138,0x59D1E1,0x59D1F0,unknown,15,136,oooo                  _ni•     aio             oei             oai             a
1139,0x59D26A,0x59D26A,clean,0,9,UeA/
1140,0x59D273,0x59D273,unknown,0,38,"_      _($((($(( $,( $,("
1141,0x59D299,0x59D299,empty,0,10,u
1142,0x59D2A4,0x59D2A4,clean,0,17,Uo-`
1143,0x59D2B6,0x59D2B6,unknown,0,229,"-`Vc,9_      _#aPSn         !4 AM }J aJ aN       %aoaiR       ""0 Q oR J uR uR uR"
1144,0x59D39C,0x59D39C,unknown,0,276,u^ ^ ^ ^ ^ ^ ^ ^ ^ ._ 3_ I_ N_ j_ z_ i_ ss_ _ _ _ _ _ _ .` B` b` g` a` U` ` ` ` 
1145,0x59D4B6,0x59D4B6,unknown,0,1703,u      0        4    =    :    ;    ?    3    A    .    -    /    0    %   PS > 
1146,0x59DB5D,0x59DB5D,empty,0,24,
1147,0x59DB75,0x59DB75,empty,0,84,
1148,0x59DBC9,0x59DBC9,empty,0,16,
1149,0x59DBD9,0x59DBD9,empty,0,36,
