index,offset,category,size,hex_preview,decoded_preview
32,0x590671,fragment,49,0000000000000000000000000000000000000000,
56,0x590B82,binary_data,57,0000000000000000000000000000000000000000,
57,0x590BBC,binary_data,7,0000bac5b8b8c1,
58,0x590BC4,binary_data,4,b5bfc8b8,
86,0x590FDB,binary_data,7,0000000000c0c3,
87,0x590FE3,binary_data,7,0000000000bfc9,
113,0x594C3E,fragment,2,0000,
115,0x594C4E,binary_data,67,0000a4c5f300a8c5f300acc5f300b0c5f3007e00,"ß  Z!!\ ì   Xx£ <L\ x""  \   * "
116,0x594C92,fragment,13,00000000000000000000000064,ã
126,0x594D21,fragment,10,00000000000000000064,ã
127,0x594D2C,fragment,13,00000000000000000000000064,ã
128,0x594D3A,fragment,13,00000000000000000000000064,ã
131,0x594D68,fragment,9,000000000000000064,ã
132,0x594D72,fragment,13,00000000000000000000000064,ã
136,0x594DAF,fragment,8,0000000000000064,ã
137,0x594DB8,fragment,13,00000000000000000000000064,ã
142,0x594E07,fragment,4,00000064,ã
143,0x594E0C,fragment,13,00000000000000000000000064,ã
144,0x594E1A,fragment,13,00000000000000000000000064,ã
145,0x594E28,fragment,13,00000000000000000000000064,ã
146,0x594E36,fragment,13,00000000000000000000000064,ã
147,0x594E44,binary_data,95,0000000000000000000000000400000000000000,$             `  `   Rrò `hpx9
171,0x595295,binary_data,27,0000000000000000000000000000000000000000,Gift
185,0x595457,fragment,21,0000000000000000000000000000000000000000,
186,0x59546E,fragment,2,0000,
187,0x595472,fragment,2,0000,
188,0x595476,fragment,2,0000,
189,0x59547A,binary_data,150,00000000000014000000a0000000780000000200,"4      £   ""   !   &   &   !  "
190,0x595514,fragment,4,0f000000,/
207,0x5957A8,fragment,10,00000000000000000000,
208,0x5957B3,fragment,21,0000000000000000000000000000000000000000,
209,0x5957C9,fragment,21,0000000000000000000000000000000000000000,
227,0x595960,fragment,12,000000000000000000000000,
242,0x595B75,fragment,23,0000000000000000000000000000000000000000,
243,0x595B8E,fragment,1,00,
244,0x595B90,fragment,2,0000,
245,0x595B94,ui_table,8,3200320013001130,R R 3 1P
246,0x595BA4,fragment,2,0000,
247,0x595BAA,fragment,1,00,
248,0x595BAC,fragment,2,0000,
249,0x595BB0,ui_table,8,3400340013011134,T T 3!1T
250,0x595BB9,fragment,1,3f,_
251,0x595BBC,fragment,6,000000020000,""""
252,0x595BC6,fragment,1,00,
253,0x595BC8,fragment,2,0000,
254,0x595BCC,ui_table,8,3300330013021138,"S S 3""1X"
255,0x595BD6,fragment,2,1a7a,:ö
256,0x595BDC,binary_data,3,0000bf,
257,0x595BE2,fragment,1,00,
258,0x595BE4,fragment,2,0000,
259,0x595BE8,ui_table,8,3500350013031146,U U 3#1f
260,0x595BF8,fragment,2,0000,
261,0x595BFE,fragment,1,00,
262,0x595C00,fragment,2,0000,
263,0x595C04,ui_table,8,360036009704111a,V V $1:
264,0x595C0E,fragment,2,0006,&
265,0x595C14,fragment,2,0000,
266,0x595C1A,fragment,1,00,
267,0x595C1C,fragment,2,0000,
268,0x595C20,ui_table,8,3900390017051100,Y Y 7%1
269,0x595C29,ui_table,9,3f1878010000000000,_8£!
270,0x595C36,fragment,1,00,
271,0x595C38,fragment,2,0000,
272,0x595C3C,ui_table,8,3b003c009706110c,"[ \ &1,"
273,0x595C46,fragment,2,000f,/
274,0x595C4C,fragment,2,0000,
275,0x595C4F,binary_data,1,df,
276,0x595C52,fragment,1,00,
277,0x595C54,fragment,2,0000,
278,0x595C58,ui_table,8,4600460013071134,f f 3'1T
279,0x595C68,fragment,2,0000,
280,0x595C6E,fragment,1,00,
281,0x595C70,fragment,2,0000,
282,0x595C74,ui_table,8,4800480017081136,h h 7(1V
283,0x595C84,fragment,2,0000,
284,0x595C8A,fragment,1,00,
285,0x595C8C,fragment,2,0000,
286,0x595C90,ui_table,8,4900490013092320,i i 3)C@
287,0x595CA0,binary_data,3,2000fe,@
288,0x595CA6,fragment,1,00,
289,0x595CA8,fragment,2,0000,
290,0x595CAC,ui_table,8,4b004b00130a1100,k k 3*1
291,0x595CB5,fragment,1,3f,_
292,0x595CB8,fragment,6,010000000000,!
293,0x595CC2,fragment,1,00,
294,0x595CC4,fragment,2,0000,
295,0x595CC8,ui_table,8,4d004d00170b1123,m m 7+1C
296,0x595CD8,fragment,2,0000,
297,0x595CDB,binary_data,1,df,
298,0x595CDE,fragment,1,00,
299,0x595CE0,fragment,2,0000,
300,0x595CE4,ui_table,8,4e004e00970c1108,"n n ,1("
301,0x595CEE,ui_table,2,0012,2
302,0x595CF4,fragment,2,0000,
303,0x595CFA,fragment,1,00,
304,0x595CFC,fragment,2,0000,
305,0x595D00,ui_table,8,4f004f00970d1114,o o -14
306,0x595D0A,fragment,2,000a,*
307,0x595D10,fragment,2,0000,
308,0x595D16,fragment,1,00,
309,0x595D18,fragment,2,0000,
310,0x595D1C,ui_table,8,5a005a00150e2410,z z 5.D0
311,0x595D2C,fragment,2,0002,""""
312,0x595D32,fragment,1,00,
313,0x595D34,fragment,2,0000,
314,0x595D38,ui_table,8,5b005b00170f2200,{ { 7/B
315,0x595D41,fragment,1,3f,_
316,0x595D44,binary_data,6,800400000000,$
317,0x595D4E,fragment,1,00,
318,0x595D50,fragment,2,0000,
319,0x595D54,ui_table,8,5e005e0015102200,~ ~ 50B
320,0x595D5D,fragment,1,7f,ü
321,0x595D60,binary_data,6,fc7e80360000,ßV
322,0x595D6A,fragment,1,00,
323,0x595D6C,fragment,2,0000,
324,0x595D70,ui_table,7,62006200151100,à à 51
325,0x595D7A,ui_table,1,14,4
326,0x595D80,binary_data,2,0080,
327,0x595D86,fragment,1,00,
328,0x595D88,fragment,2,0000,
329,0x595D8C,ui_table,8,6000600015122200,52B
330,0x595D95,fragment,1,3f,_
331,0x595D98,fragment,6,000000010000,!
332,0x595DA2,fragment,1,00,
333,0x595DA4,fragment,2,0000,
334,0x595DA8,ui_table,8,6100610015130820,á á 53(@
335,0x595DB1,fragment,1,7f,ü
337,0x595DBB,binary_data,1,f7,
338,0x595DBE,fragment,1,00,
339,0x595DC0,fragment,2,0000,
340,0x595DC4,ui_table,8,6300630015140820,â â 54(@
341,0x595DCD,fragment,1,3f,_
343,0x595DDA,fragment,1,00,
344,0x595DDC,fragment,2,0000,
345,0x595DE0,binary_data,8,3e003e009715b114,^ ^ 54
346,0x595DEA,ui_table,1,13,3
347,0x595DF0,fragment,2,0000,
348,0x595DF6,fragment,1,00,
349,0x595DF8,fragment,2,0000,
350,0x595DFC,binary_data,8,420042009715b116,b b 56
351,0x595E06,ui_table,1,13,3
352,0x595E0C,fragment,2,0000,
353,0x595E12,fragment,1,00,
354,0x595E14,fragment,2,0000,
355,0x595E18,binary_data,8,400040009715b118,` ` 58
356,0x595E22,ui_table,1,13,3
357,0x595E28,fragment,2,0000,
358,0x595E2E,fragment,1,00,
359,0x595E30,fragment,2,0000,
360,0x595E34,binary_data,8,410041009715b11a,a a 5:
361,0x595E3E,ui_table,1,13,3
362,0x595E44,fragment,2,0000,
363,0x595E4A,fragment,1,00,
364,0x595E4C,fragment,2,0000,
365,0x595E50,binary_data,8,430043009715b11c,c c 5<
366,0x595E5A,ui_table,1,13,3
367,0x595E60,fragment,2,0000,
368,0x595E66,fragment,1,00,
369,0x595E68,fragment,2,0000,
370,0x595E6C,binary_data,8,440044009715b11e,d d 5>
371,0x595E76,ui_table,1,13,3
372,0x595E7C,fragment,2,0000,
373,0x595E82,fragment,1,00,
374,0x595E84,fragment,2,0000,
375,0x595E88,binary_data,8,450045009715b12a,e e 5J
376,0x595E92,ui_table,1,13,3
377,0x595E98,fragment,2,0000,
378,0x595E9E,fragment,1,00,
379,0x595EA0,fragment,2,0000,
380,0x595EA4,ui_table,8,64006400131c1134,ã ã 3<1T
381,0x595EB4,fragment,2,0000,
382,0x595EBA,fragment,1,00,
383,0x595EBC,fragment,2,0000,
384,0x595EC0,ui_table,8,65006500131d1114,å å 3=14
385,0x595ED0,binary_data,3,0000cf,
386,0x595ED6,fragment,1,00,
387,0x595ED8,fragment,2,0000,
388,0x595EDC,ui_table,8,67006700171e1138,ç ç 7>1X
389,0x595EE5,fragment,1,05,%
390,0x595EE8,fragment,6,010000000000,!
391,0x595EF2,fragment,1,00,
392,0x595EF4,fragment,2,0000,
393,0x595EF8,ui_table,8,68006800171f1124,é é 7?1D
394,0x595F08,fragment,2,0000,
395,0x595F0E,fragment,1,00,
396,0x595F10,fragment,2,0000,
397,0x595F14,ui_table,8,6a006a0097201117,ä ä @17
399,0x595F2A,fragment,1,00,
400,0x595F2C,fragment,2,0000,
401,0x595F30,ui_table,8,6c006c0097211112,í í A12
402,0x595F3A,fragment,2,0008,(
403,0x595F40,fragment,2,0000,
404,0x595F46,fragment,1,00,
405,0x595F48,fragment,2,0000,
406,0x595F4C,ui_table,8,6d006d009722110b,ì ì B1+
407,0x595F56,ui_table,2,0012,2
408,0x595F5C,fragment,2,0000,
409,0x595F61,fragment,2,2700,G
410,0x595F64,ui_table,12,000023005000500013231130,C p p 3C1P
411,0x595F78,fragment,2,0000,
412,0x595F7E,fragment,1,00,
413,0x595F80,fragment,2,0000,
414,0x595F84,ui_table,8,5100510000242200,q q  DB
415,0x595F8D,binary_data,9,3f17a0000180000000,_7 !
416,0x595F9A,fragment,1,00,
417,0x595F9C,fragment,2,0000,
418,0x595FA0,ui_table,8,5300530013251114,s s 3E14
419,0x595FB0,binary_data,3,0000cf,
420,0x595FB6,fragment,1,00,
421,0x595FB8,fragment,2,0000,
422,0x595FBC,ui_table,8,550055009726110a,u u F1*
423,0x595FC6,fragment,2,000a,*
424,0x595FCC,fragment,2,0000,
425,0x595FD2,fragment,1,00,
426,0x595FD4,fragment,2,0000,
427,0x595FD8,ui_table,8,5600560015272200,v v 5GB
428,0x595FE1,ui_table,9,3f1696000100000000,_6 !
429,0x595FEE,fragment,1,00,
430,0x595FF0,fragment,2,0000,
431,0x595FF4,ui_table,8,580058009728111e,x x H1>
432,0x595FFE,fragment,2,0005,%
433,0x596004,fragment,2,0000,
434,0x59600A,fragment,1,00,
435,0x59600C,fragment,2,0000,
436,0x596010,ui_table,8,590059001729117d,y y 7I1
437,0x596020,fragment,2,0000,
438,0x596026,fragment,1,00,
439,0x596028,fragment,2,0000,
440,0x59602C,ui_table,7,78007800132a68,£ £ 3Jé
441,0x59603C,fragment,2,0000,
442,0x596042,fragment,1,00,
443,0x596044,fragment,2,0000,
444,0x596048,ui_table,7,79007900134611,3f1
445,0x596052,fragment,1,08,(
446,0x596058,fragment,2,0000,
447,0x59605E,fragment,1,00,
448,0x596060,fragment,2,0000,
449,0x596064,ui_table,7,7a007a00172c00,ö ö 7L
450,0x59606E,fragment,1,0f,/
451,0x596074,fragment,2,0000,
452,0x59607A,fragment,1,00,
453,0x59607C,fragment,2,0000,
454,0x596080,binary_data,7,82008200002d00,M
455,0x59608A,fragment,2,0300,#
456,0x596090,fragment,2,0000,
457,0x596096,fragment,1,00,
458,0x596098,fragment,2,0000,
459,0x59609C,binary_data,7,84008400002e00,N
460,0x5960A6,fragment,2,0301,#!
461,0x5960AC,fragment,2,0000,
462,0x5960B2,fragment,1,00,
463,0x5960B4,fragment,2,0000,
464,0x5960B8,binary_data,7,86008600002f00,O
465,0x5960C2,fragment,2,0302,"#"""
466,0x5960C8,fragment,2,0000,
467,0x5960CE,fragment,1,00,
468,0x5960D0,fragment,2,0000,
469,0x5960D4,binary_data,7,88008800003000,P
470,0x5960DE,fragment,2,0303,##
471,0x5960E4,fragment,2,0000,
472,0x5960EA,fragment,1,00,
473,0x5960EC,fragment,2,0000,
474,0x5960F0,ui_table,8,6e006e0013311132,î î 3Q1R
475,0x596100,fragment,2,0000,
476,0x596106,fragment,1,00,
477,0x596108,fragment,2,0000,
478,0x59610C,ui_table,8,7300730015322410,ô ô 5RD0
479,0x59611C,fragment,2,0002,""""
480,0x596122,fragment,1,00,
481,0x596124,fragment,2,0000,
482,0x596128,ui_table,8,7100710017331130,ó ó 7S1P
483,0x596138,fragment,2,0800,(
484,0x59613E,fragment,1,00,
485,0x596140,fragment,2,0000,
486,0x596144,ui_table,8,720072009734110a,ò ò T1*
487,0x59614E,fragment,2,000a,*
488,0x596154,fragment,2,0000,
489,0x59615A,fragment,1,00,
490,0x59615C,fragment,2,0000,
491,0x596160,ui_table,8,740074001735111c,õ õ 7U1<
492,0x596170,fragment,2,0000,
493,0x596173,binary_data,1,db,
494,0x596176,fragment,1,00,
495,0x596178,fragment,2,0000,
496,0x59617C,ui_table,8,760076009736110a,° ° V1*
497,0x596186,fragment,2,000f,/
498,0x59618C,fragment,2,0000,
499,0x596192,fragment,1,00,
500,0x596194,fragment,2,0000,
501,0x596198,ui_table,8,7700770017371180,• • 7W1
502,0x5961A8,fragment,2,0000,
503,0x5961AE,fragment,1,00,
504,0x5961B0,fragment,2,0000,
505,0x5961B4,ui_table,8,7e007e0015382200,ß ß 5XB
506,0x5961BE,ui_table,1,10,0
507,0x5961C4,fragment,2,0000,
508,0x5961CA,fragment,1,00,
509,0x5961CC,fragment,2,0000,
510,0x5961D0,ui_table,8,7b007b0015390820,5Y(@
511,0x5961E0,fragment,2,0002,""""
512,0x5961E6,fragment,1,00,
513,0x5961E8,fragment,2,0000,
514,0x5961EC,ui_table,8,7c007c00173a1150,7Z1p
515,0x5961FC,fragment,2,0000,
516,0x596202,fragment,1,00,
517,0x596204,fragment,2,0000,
518,0x596208,ui_table,8,7d007d00153b2200,5[B
519,0x596211,fragment,1,3f,_
520,0x596214,fragment,6,000000400000,`
521,0x59621E,fragment,1,00,
522,0x596220,fragment,2,0000,
523,0x596224,binary_data,8,80008000153c2200,5\B
524,0x59622D,fragment,1,3f,_
526,0x59623A,fragment,1,00,
527,0x59623C,fragment,2,0000,
528,0x596240,binary_data,8,81008100173d2200,7]B
529,0x596249,fragment,1,3f,_
531,0x596254,fragment,3,782500,£E
532,0x596258,ui_table,9,000023007f007f0013,C ü ü 3
533,0x596262,ui_table,2,1118,18
534,0x59626C,fragment,2,0000,
535,0x596270,fragment,1,64,ã
536,0x596272,fragment,1,00,
537,0x596274,fragment,2,0000,
538,0x596278,binary_data,8,83008300173f223c,7_B\
539,0x596288,fragment,2,0100,!
540,0x59628C,fragment,3,782c00,£L
541,0x596290,binary_data,9,000014008a008a0013,4   3
542,0x59629A,ui_table,2,112a,1J
543,0x5962A4,fragment,2,0000,
544,0x5962A8,fragment,1,64,ã
545,0x5962AA,fragment,1,00,
546,0x5962AC,fragment,2,0000,
547,0x5962B0,binary_data,8,8500850017412246,7aBf
548,0x5962C0,fragment,2,0400,$
549,0x5962C4,fragment,3,782300,£C
550,0x5962C8,binary_data,9,0000e2008b008b0013,3
551,0x5962D2,ui_table,2,1108,1(
552,0x5962D6,fragment,2,0005,%
553,0x5962DC,fragment,2,0000,
554,0x5962E0,fragment,1,64,ã
555,0x5962E2,fragment,1,00,
556,0x5962E4,fragment,2,0000,
557,0x5962E8,binary_data,8,8700870013432200,3cB
558,0x5962F1,fragment,1,3f,_
559,0x5962F4,binary_data,6,cc1800000000,8
560,0x5962FC,ui_table,3,781900,£9
561,0x596300,binary_data,9,0000a3019300930017,!  7
562,0x59630A,ui_table,2,1128,1H
563,0x596314,fragment,2,0000,
564,0x596318,fragment,1,64,ã
565,0x59631A,fragment,1,00,
566,0x59631C,fragment,2,0000,
567,0x596320,binary_data,8,8900890017452200,7eB
568,0x596329,ui_table,9,071879010000000000,'8!
569,0x596338,fragment,2,0000,
570,0x596340,ui_table,4,174d1132,7m1R
571,0x59634C,fragment,2,0000,
572,0x596350,fragment,1,64,ã
573,0x596354,fragment,2,0000,
574,0x59635C,ui_table,4,174e225a,7nBz
575,0x596368,fragment,2,0000,
576,0x596370,fragment,2,0000,
577,0x596378,ui_table,4,164f1110,6o10
578,0x596384,fragment,2,0040,`
579,0x59698D,fragment,3,000000,
610,0x596BD7,fragment,13,00000000000000000000000000,
625,0x596D2A,fragment,13,00000000000000000000000000,
626,0x596D38,fragment,24,0000000000000000000000000000000000000000,
627,0x596D51,fragment,24,0000000000000000000000000000000000000000,
668,0x59716D,fragment,13,00000000000000000000000000,
669,0x59717B,binary_data,106,0000000000000000000000000000000000000000,"""£   £ ""S    !ï   !!! !  ]!   "
696,0x597456,fragment,18,000000000000000000000000000000000000,
733,0x597915,fragment,11,0000000000000000000000,
739,0x59799E,fragment,6,000000000000,
778,0x5981E8,binary_data,7,cf3aa6aa6cc6e9,Zí
779,0x5981F1,binary_data,7,ef6acaaacca3fc,ä
780,0x5981FE,binary_data,4,efaaaafe,
781,0x598208,binary_data,7,bf6cc6cbaccae9,í
782,0x598211,binary_data,7,ef6acaccbcccfb,ä
783,0x59821D,binary_data,6,aeccccccccea,
784,0x598228,binary_data,7,cf6bb6cc6c8aab,ëí
785,0x598231,binary_data,7,af36bacbbcbbfc,V
786,0x59823C,binary_data,8,aeccaccbaacaccea,
787,0x598248,binary_data,16,afaba663cb5666666666333ccababcfa,âvÜÜÜÜS\
788,0x59825B,binary_data,10,aecc6abbccac6ca6ccfa,äí
789,0x598268,binary_data,16,efcb3663ba66a6cc6a6668554463bcfe,VâÜäÜéudâ
790,0x59827A,binary_data,11,efca6aa3cbaabc5c63a6ac,ä|â
791,0x598289,binary_data,14,ba6a63663663caac83a68645a3ab,äâÜVâe
792,0x59829A,binary_data,12,aeac5633c5ccac66a663cafa,vSÜâ
793,0x5982A9,binary_data,14,beaca6688336b66b66638a33caeb,éVëÜâS
794,0x5982B9,binary_data,13,efca6a6338a5caacaaaa66a6ac,äâXÜ
795,0x5982C9,binary_data,14,afcb6a8a66c3ba6bca6338a3bcfa,äÜëâX
796,0x5982D9,binary_data,14,afac36a658a3ccacaacacc66cafa,VxÜ
797,0x5982EA,binary_data,12,baac863666caabac3633caab,VÜVS
798,0x5982F9,binary_data,14,ce6a666638caaacaaa6acc6ca6ec,äÜÜXäí
799,0x59830A,binary_data,12,afcb6a66caacacc66ca6bcfa,äÜí
800,0x598319,binary_data,14,ca36aa8668ac63a6cc86a6ac66ac,VéâÜ
801,0x59832B,binary_data,10,baacc6ccca6ba6aabcab,ë
802,0x598338,binary_data,16,efac36ba6a63aaaaaacc38866846cafe,VäâXéf
803,0x59834B,binary_data,10,afbbacaab6ab33c6bbfa,S
804,0x598358,binary_data,16,6facbbccccac9a99c98c58866645c3fa,ïxÜe
805,0x59836C,binary_data,8,aebbccaaaaccbbea,
806,0x598378,binary_data,16,af6ccbacacaaa9eeeeae8a66c3aac3fa,íÜ
807,0x59838D,binary_data,6,aebbccccbbea,
808,0x598398,binary_data,7,cf6abacacccae9,ä
809,0x5983A1,binary_data,7,ef8ccaa5aba4fc,
810,0x5983AE,binary_data,4,efcaccea,
811,0x5983B8,binary_data,7,cf6ac6ac6ac6e9,ää
812,0x5983C1,binary_data,7,ef6acaacaca3fc,ä
813,0x5983D8,binary_data,7,cf3aa6aa6cc6e9,Zí
814,0x5983E1,binary_data,7,ef6acaaacca3fc,ä
815,0x5983F8,binary_data,7,bf6cc6cbaccae9,í
816,0x598401,binary_data,7,ef6acaccbcccfb,ä
817,0x59840E,binary_data,4,efaaaafe,
818,0x598418,binary_data,7,cf6bb6cc6c8aab,ëí
819,0x598421,binary_data,7,af36bacbbcbbfc,V
820,0x59842D,binary_data,6,aeccccccccea,
821,0x598438,binary_data,16,afaba663cb5666666666333ccababcfa,âvÜÜÜÜS\
822,0x59844C,binary_data,8,aeccaccbaacaccea,
823,0x598458,binary_data,16,efcb3663ba66a6cc6a6668554463bcfe,VâÜäÜéudâ
824,0x59846B,binary_data,10,aecc6abbccac6ca6ccfa,äí
825,0x598479,binary_data,14,ba6a63663663caac83a68645a3ab,äâÜVâe
826,0x59848A,binary_data,11,efca6aa3cbaabc5c63a6ac,ä|â
827,0x598499,binary_data,14,beaca6688336b66b66638a33caeb,éVëÜâS
828,0x5984AA,binary_data,12,aeac5633c5ccac66a663cafa,vSÜâ
829,0x5984B9,binary_data,14,afcb6a8a66c3ba6bca6338a3bcfa,äÜëâX
830,0x5984C9,binary_data,13,efca6a6338a5caacaaaa66a6ac,äâXÜ
831,0x5984DA,binary_data,12,baac863666caabac3633caab,VÜVS
832,0x5984E9,binary_data,14,afac36a658a3ccacaacacc66cafa,VxÜ
833,0x5984FA,binary_data,12,afcb6a66caacacc66ca6bcfa,äÜí
834,0x598509,binary_data,14,ce6a666638caaacaaa6acc6ca6ec,äÜÜXäí
835,0x59851B,binary_data,10,baacc6ccca6ba6aabcab,ë
836,0x598529,binary_data,14,ca36aa8668ac63a6cc86a6ac66ac,VéâÜ
837,0x59853B,binary_data,10,afbbacaab6ab33c6bbfa,S
838,0x598548,binary_data,16,efac36ba6a63aaaaaacc38866846cafe,VäâXéf
839,0x59855C,binary_data,8,aebbccaaaaccbbea,
840,0x598568,binary_data,16,6facbbccccac9a99c98c58866645c3fa,ïxÜe
841,0x59857D,binary_data,6,aebbccccbcea,
842,0x598588,binary_data,16,af6ccbacacaaa9eeeeae8a66c3aac3fa,íÜ
843,0x59859E,binary_data,4,efaaaaea,
844,0x5985A8,binary_data,7,cf6abacacccae9,ä
845,0x5985B1,binary_data,7,ef8ccaa5aba4fc,
846,0x5985C8,binary_data,7,cf6ac6ac6ac6e9,ää
857,0x59869A,fragment,6,000000000000,
858,0x5986A1,fragment,9,000000000000000000,
859,0x5986AB,fragment,9,000000000000000000,
871,0x598795,binary_data,199,00000000000000000000006b6d696f71a5a7a9ab,ëìèïókmoqs+-/13uwy{}579;=áâåç
873,0x59889C,fragment,2,0000,
874,0x59889F,fragment,1,00,
878,0x598920,fragment,2,2000,@
879,0x598923,fragment,1,00,
880,0x598925,binary_data,23,0001000000000000000000de00de000f000f0000,!           / /
881,0x598940,fragment,4,0a000000,*
883,0x5989A4,fragment,2,1000,0
884,0x5989A7,fragment,1,00,
885,0x5989A9,binary_data,23,0001000000000000000000db00db001000100000,!           0 0
886,0x5989C4,fragment,4,08000000,(
888,0x598A28,fragment,2,3e00,^
889,0x598A2B,binary_data,25,00fe0001000000000000000000b100b100170017,!           7 7
890,0x598A48,fragment,4,00000000,
892,0x598AAC,fragment,2,3003,P#
893,0x598AAF,fragment,1,00,
894,0x598AB1,binary_data,23,0001000000000000000000dd00dd001100110000,!           1 1
896,0x598AF0,fragment,4,25000000,E
898,0x598B30,fragment,2,5704,w$
899,0x598B33,fragment,1,00,
903,0x598BB4,fragment,2,6505,å%
904,0x598BB7,fragment,1,00,
905,0x598BB9,binary_data,23,0001000000000000000000e000e0001200120000,!           2 2
908,0x598C38,fragment,2,7205,ò%
909,0x598C3B,fragment,1,00,
910,0x598C3D,binary_data,23,0001000000000000000000b200b2001200120000,!           2 2
911,0x598C58,fragment,4,10000000,0
913,0x598CBC,fragment,2,4906,i&
914,0x598CBF,fragment,1,00,
915,0x598CC1,binary_data,23,0001000000000000000000df00df000f000f0000,!           / /
916,0x598CDC,fragment,4,12000000,2
918,0x598D40,binary_data,28,00010000fe07010000000000000000008c008c00,!  '!           $ $
923,0x598DE4,binary_data,5,b6e3040037,$ W
924,0x598DEC,fragment,1,35,U
925,0x598DF0,fragment,1,33,S
926,0x598DF4,fragment,1,17,7
927,0x598DF8,fragment,1,31,Q
928,0x598E08,fragment,1,32,R
929,0x598E0C,fragment,1,17,7
930,0x598E10,fragment,1,34,T
931,0x598E14,fragment,1,17,7
932,0x598E28,binary_data,4,aae80000,
965,0x59951E,fragment,18,000000000000000000000000000000000000,
1031,0x599C05,fragment,16,00000000000000000000000000000021,A
1032,0x599C16,fragment,1,36,V
1050,0x599EDC,fragment,20,0000000000000000000000000000000000000000,
1059,0x59A0BB,fragment,1,00,
1063,0x59C359,fragment,3,000000,
1077,0x59C65C,fragment,14,0000000000000000000000001011,01
1078,0x59C66B,fragment,39,0000000000000000000000000000000000000000,02
1079,0x59C693,fragment,39,0000000000000000000000000000000000000000,03
1080,0x59C6BB,fragment,39,0000000000000000000000000000000000000000,04
1081,0x59C6E3,fragment,39,0000000000000000000000000000000000000000,05
1082,0x59C70B,fragment,39,0000000000000000000000000000000000000000,06
1083,0x59C733,fragment,39,0000000000000000000000000000000000000000,07
1084,0x59C75B,fragment,39,0000000000000000000000000000000000000000,08
1085,0x59C783,fragment,39,0000000000000000000000000000000000000000,09
1086,0x59C7AB,fragment,39,0000000000000000000000000000000000000000,10
1087,0x59C7D3,fragment,39,0000000000000000000000000000000000000000,11
1088,0x59C7FB,fragment,39,0000000000000000000000000000000000000000,12
1089,0x59C823,fragment,39,0000000000000000000000000000000000000000,13
1090,0x59C84B,fragment,39,0000000000000000000000000000000000000000,14
1091,0x59C873,fragment,39,0000000000000000000000000000000000000000,15
1101,0x59CA09,fragment,57,0000000000000000000000000000000000000000,
1102,0x59CA43,fragment,65,0000000000000000000000000000000000000000,
1114,0x59CD86,fragment,22,0000000000000000000000000000000000000000,
1115,0x59CD9D,fragment,65,0000000000000000000000000000000000000000,
1118,0x59CE72,binary_data,52,0000000000000000000000000000000000000000,
1119,0x59CEA7,binary_data,65,0000000000000000000000000000000000000000,
1120,0x59CEE9,binary_data,65,0000000000000000000000000000000000000000,
1121,0x59CF2B,fragment,63,0000000000000000000000000000000000000000,
1134,0x59D0EA,binary_data,91,000000000000dc010900a4004d00540156002c01,"!)  m t!v L!S     ""  % j G  K "
1135,0x59D14C,binary_data,1,fe,
1139,0x59D26A,binary_data,8,35c26821a2da0fc9,UéA/
1141,0x59D299,binary_data,9,7f0000000000000080,ü
1142,0x59D2A4,binary_data,16,dca7d7b9856671b10d40000000000000,Üó-`
1145,0x59D4B6,binary_data,1702,ef7f000000000000100000000000000000801400,ü      0        4    =    :   
1146,0x59DB5D,binary_data,23,d7c900f3dccd00fed9cc00edded000f1ded000fe,
1147,0x59DB75,binary_data,83,dfd800dbe0cc00dee1da00e1e1cc00e4e4d300ec,
1148,0x59DBC9,binary_data,15,e6e100f3ece300fee9e300f1eee900,
1149,0x59DBD9,binary_data,35,ede900eff0ef00f1f0e600f3f1ed00fcf1ec00f3,
