offset,name,header_hex,name_hex
0x598628,CLOUD,0000000040011a0000001a0040011a0000002f004001c1006e000d0049007200,234c4f5544ff
0x598634,BARRET,40011a0000002f004001c1006e000d0049007200234c4f5544ff000000000000,224152524554ff
0x598640,TIFA,6e000d0049007200234c4f5544ff000000000000224152524554ff0000000000,34494641ff
0x59864C,AERIS,44ff000000000000224152524554ff000000000034494641ff00000000000000,2145524953ff
0x598658,RED,4554ff000000000034494641ff000000000000002145524953ff000000000000,3245440038292929ff
0x598664,YUFFIE,ff000000000000002145524953ff0000000000003245440038292929ff000000,395546464945ff
0x598670,CAIT,53ff0000000000003245440038292929ff000000395546464945ff0000000000,234149540033495448ff
0x59867C,VINCENT,38292929ff000000395546464945ff0000000000234149540033495448ff0000,36494e43454e54ff
0x598688,CID,4945ff0000000000234149540033495448ff000036494e43454e54ff00000000,234944ff
