offset_hex,length,hex_bytes,decoded_text,region
0x51965A,4,400031FF,` Q,menu_items
0x519660,6,5A0156001BFF,z!v ;,menu_items
0x519688,6,3509400031FF,U)` Q,menu_items
0x519A45,4,015202FF,"!r""",menu_items
0x519A65,4,055902FF,"%y""",menu_items
0x519D11,24,01000000002E0500020100000000060003000000000000FF,"!    N% ""!    & #",menu_items
0x519D42,4,150038FF,5 X,menu_items
0x519D4A,4,10002CFF,0 L,menu_items
0x519FF0,148,16171D0017181E001E181F0018201F0020181900191A2000201A21001A1B2100211B2200231D24001C1D2300251D1E001D2524001E1F2500251F26001F20260026202700202127002721280021292800292122002A242B00242A230024252B002B252C002D252600252D2C002E262700262E2D002F272800272F2E003028290028302F000100100000091C0100000000000029FF,67= 78> >8? 8@? @89 9:@ @:A :;A A;B C=D <=C E=> =ED >?E E?F ?@F F@G @AG GAH AIH IAB JDK DJC DEK KEL MEF EML NFG FNM OGH GON PHI HPO ! 0  )<!      I,menu_items
0x51A0B6,4,150059FF,5 y,menu_items
0x51A0BE,4,0D0046FF,- f,menu_items
0x51A364,148,16171E00171F1E001F17180018201F00201819001921200021191A001A222100221A1B001C242300241C1D00251D1E001D2524001E1F26001E2625001F272600271F2000202827002820210021292800292122002A242B00242A2300242C2B002C242500252D2C002D252600262E2D002E262700272F2E002F27280028302F0030282900010010000006550100000000000033FF,67> 7?> ?78 8@? @89 9A@ A9: :BA B:; <DC D<= E=> =ED >?F >FE ?GF G?@ @HG H@A AIH IAB JDK DJC DLK LDE EML MEF FNM NFG GON OGH HPO PHI ! 0  &u!      S,menu_items
0x51A3F9,10,010000000064040002FF,"!    Ä$ """,menu_items
0x51A432,4,110064FF,1 Ä,menu_items
0x51A6D8,148,1E1617001E181F00181E170018201F002018190021201A001A2019001A222100221A1B00231D24001C1D230025241E001E241D00261E1F001E2625002726200020261F00282720002820210021222800282229002A242B0023242A002C242500242C2B002C262D0025262C002E262700262E2D0027282E002E282F0028302F00302829000100200000091C0100000000000029FF,>67 >8? 8>7 8@? @89 A@: :@9 :BA B:; C=D <=C ED> >D= F>? >FE GF@ @F? HG@ H@A ABH HBI JDK CDJ LDE DLK LFM EFL NFG FNM GHN NHO HPO PHI ! @  )<!      I,menu_items
0x51A79E,4,2A0059FF,J y,menu_items
0x51A7A6,4,200046FF,@ f,menu_items
0x51AA4C,148,1D171E00181E17001E181F00191F18001F1920001A201900201A2100211B22001B211A00231D24001D231C001E241D00241E25001F251E00251F26001F272600271F2000212720002721280028222900222821002A242B00242A23002B252C0024252B002C262D00262C2500262E2D002E2627002E282F0027282E0028302F0030282900010020000006550100000000000033FF,=7> 8>7 >8? 9?8 ?9@ :@9 @:A A;B ;A: C=D =C< >D= D>E ?E> E?F ?GF G?@ AG@ GAH HBI BHA JDK DJC KEL DEK LFM FLE FNM NFG NHO GHN HPO PHI ! @  &u!      S,menu_items
0x51AB1A,4,280064FF,H Ä,menu_items
0x51ADC0,148,171D16001F171800171F1E001F19200018191F001921200021191A001A222100221A1B001C242300241C1D001D1E2400241E2500251F26001E1F25001F20260026202700202127002721280021292800292122002A242B00242A230024252B002B252C002D252600252D2C0026272D002D272E00272F2E002F27280028302F0030282900010020000006550100000000000033FF,7=6 ?78 7?> ?9@ 89? 9A@ A9: :BA B:; <DC D<= =>D D>E E?F >?E ?@F F@G @AG GAH AIH IAB JDK DJC DEK KEL MEF EML FGM MGN GON OGH HPO PHI ! @  &u!      S,menu_items
0x51AE8E,4,2A006FFF,J [6F],menu_items
0x51AE96,4,2A0064FF,J Ä,menu_items
0x51B1C9,24,01000000002E0500020000000000060003000000000000FF,"!    N% ""     & #",menu_items
0x51B1FA,4,300038FF,P X,menu_items
0x51B202,4,2F002CFF,O L,menu_items
0x51B4A8,148,161E1D00171F1E001F17180018191F001F1920001A201900201A21001A222100221A1B00231D24001D231C00251D1E001D2524001E262500261E1F001F20260026202700202127002721280021292800292122002A242B00242A23002C242500242C2B00252D2C002D25260026272D002D272E00272F2E002F2728003028290028302F000100300000091C0100000000000029FF,6>= 7?> ?78 89? ?9@ :@9 @:A :BA B:; C=D =C< E=> =ED >FE F>? ?@F F@G @AG GAH AIH IAB JDK DJC LDE DLK EML MEF FGM MGN GON OGH PHI HPO ! P  )<!      I,menu_items
0x51B56E,4,400059FF,` y,menu_items
0x51B576,4,400046FF,` f,menu_items
0x51B81C,148,16171E00171F1E001F171800191F18001F1920001A201900201A2100211B22001A1B21001C242300241C1D00251D1E001D252400261E1F001E26250020261F0026202700212720002721280028222900222821002A242B00242A2300242C2B002C242500252D2C002D2526002D272E0026272D002E282F00282E270028302F0030282900010030000006550100000000000033FF,67> 7?> ?78 9?8 ?9@ :@9 @:A A;B :;A <DC D<= E=> =ED F>? >FE @F? F@G AG@ GAH HBI BHA JDK DJC DLK LDE EML MEF MGN FGM NHO HNG HPO PHI ! P  &u!      S,menu_items
0x51B8EA,4,560064FF,v Ä,menu_items
0x51BB90,148,16171D0017181E001E181F00191F18001F1920001A201900201A21001B211A00211B22001C242300241C1D001D1E2400241E25001F251E00251F260020261F0026202700212720002721280021222800282229002A242B00242A2300242C2B002C2425002D2C2600262C25002E262700262E2D002F272800272F2E003028290028302F00010030000006550100000000000033FF,67= 78> >8? 9?8 ?9@ :@9 @:A ;A: A;B <DC D<= =>D D>E ?E> E?F @F? F@G AG@ GAH ABH HBI JDK DJC DLK LDE MLF FLE NFG FNM OGH GON PHI HPO ! P  &u!      S,menu_items
0x51BFD2,4,370064FF,W Ä,menu_items
0x51C312,3,6404FF,Ä$,menu_items
0x51C346,4,260064FF,F Ä,menu_items
0x51C5EC,148,16171D0017181E001E181F00191F18001F1920001A201900201A21001B211A00211B22001C242300241C1D001D1E2400241E25001F251E00251F260020261F0026202700212720002721280021222800282229002A242B00242A2300242C2B002C2425002D2C2600262C25002E262700262E2D002F272800272F2E003028290028302F00010040000006550100000000000033FF,67= 78> >8? 9?8 ?9@ :@9 @:A ;A: A;B <DC D<= =>D D>E ?E> E?F @F? F@G AG@ GAH ABH HBI JDK DJC DLK LDE MLF FLE NFG FNM OGH GON PHI HPO ! `  &u!      S,menu_items
0x51C6BA,4,550064FF,u Ä,menu_items
0x51C960,148,161E1D00171F1E001F1718002018190018201F0021191A00192120001A222100221A1B001C242300241C1D001D252400251D1E001E262500261E1F001F272600271F2000202827002820210021292800292122002A242B00242A23002C242500242C2B002D252600252D2C002E262700262E2D002F272800272F2E003028290028302F00010040000006550100000000000033FF,6>= 7?> ?78 @89 8@? A9: 9A@ :BA B:; <DC D<= =ED E=> >FE F>? ?GF G?@ @HG H@A AIH IAB JDK DJC LDE DLK MEF EML NFG FNM OGH GON PHI HPO ! `  &u!      S,menu_items
0x51C9F5,14,01020000006404000200000000FF,"!""   Ä$ """,menu_items
0x51CA2E,4,650064FF,ß Ä,menu_items
0x51CCD4,148,1E161700171F1E001F17180018201F0020181900201A21001A201900211B22001B211A001C242300241C1D001D252400251D1E001E262500261E1F001F272600271F2000202827002820210021292800292122002A242B00242A2300242C2B002C2425002C262D00262C2500262E2D002E262700272F2E002F2728002829300028302F00010040000006550100000000000033FF,>67 7?> ?78 8@? @89 @:A :@9 A;B ;A: <DC D<= =ED E=> >FE F>? ?GF G?@ @HG H@A AIH IAB JDK DJC DLK LDE LFM FLE FNM NFG GON OGH HIP HPO ! `  &u!      S,menu_items
0x51CDA2,4,5E0064FF,~ Ä,menu_items
0x51D048,148,1E161700171F1E001F17180018201F00201819001921200021191A001A222100221A1B001C1D24001C2423001D1E25001D2524001E1F26001E2625001F2726001F2027002021280020282700212229002129280023242A002A242B002C242500242C2B00252D2C002D252600262E2D002E262700272F2E002F27280028302F0028293000010060000003000200000000000020FF,">67 7?> ?78 8@? @89 9A@ A9: :BA B:; <=D <DC =>E =ED >?F >FE ?GF ?@G @AH @HG ABI AIH CDJ JDK LDE DLK EML MEF FNM NFG GON OGH HPO HIP ! Ü  # ""      @",menu_items
0x51D146,4,0A013AFF,*!Z,menu_items
0x51D3BC,148,161E1D001F171800171F1E002018190018201F0021191A0019212000221A1B001A2221001C242300241C1D00251D1E001D2524001E262500261E1F001F272600271F200020282700282021002129280029212200242A23002A242B00242C2B002C242500252D2C002D252600262E2D002E262700272F2E002F27280028302F0030282900010060000003000200000000000020FF,"6>= ?78 7?> @89 8@? A9: 9A@ B:; :BA <DC D<= E=> =ED >FE F>? ?GF G?@ @HG H@A AIH IAB DJC JDK DLK LDE EML MEF FNM NFG GON OGH HPO PHI ! Ü  # ""      @",menu_items
0x51D471,3,0560FF,%Ü,menu_items
0x51D4BA,4,04013AFF,$!Z,menu_items
0x51D730,148,16171E00171F1E0017181F001819200018201F0019212000191A21001A1B22001A2221001C2423001C1D24001D1E25001D2524001E2625001E1F26001F2027001F272600202827002021280021222900212928002A242B00242A230024252C00242C2B00252D2C0025262D0026272E00262E2D00272F2E0027282F003028290028302F00010060000003000200000000000020FF,"67> 7?> 78? 89@ 8@? 9A@ 9:A :;B :BA <DC <=D =>E =ED >FE >?F ?@G ?GF @HG @AH ABI AIH JDK DJC DEL DLK EML EFM FGN FNM GON GHO PHI HPO ! Ü  # ""      @",menu_items
0x51E5E4,6,0404190021FF,$$9 A,menu_items
0x51E5EC,6,040515002CFF,$%5 L,menu_items
0x51E5F4,6,0406150038FF,$&5 X,menu_items
0x51E950,6,0803150021FF,(#5 A,menu_items
0x51E958,6,07040D0034FF,'$- T,menu_items
0x51E960,6,0605100046FF,&%0 f,menu_items
0x51E968,6,0606150059FF,&&5 y,menu_items
0x51ECBC,6,0902110021FF,")""1 A",menu_items
0x51ECC4,6,0803110038FF,(#1 X,menu_items
0x51ECCC,6,070411004EFF,'$1 n,menu_items
0x51ECD4,6,0605110064FF,&%1 Ä,menu_items
0x51F030,6,080223000FFF,"(""C /",menu_items
0x51F038,6,08032A0021FF,(#J A,menu_items
0x51F040,6,0704250034FF,'$E T,menu_items
0x51F048,6,0605230046FF,&%C f,menu_items
0x51F050,6,06062A0059FF,&&J y,menu_items
0x51F394,6,08002A0038FF,( J X,menu_items
0x51F39E,4,2A0043FF,J c,menu_items
0x51F3A4,6,07012A004EFF,'!J n,menu_items
0x51F3B4,6,06022A0064FF,"&""J Ä",menu_items
0x52016C,6,0501360000FF,%!V,menu_battle
0x520174,6,05023A000BFF,"%""Z +",menu_battle
0x520184,6,0404400021FF,$$` A,menu_battle
0x52018C,6,040539002CFF,$%Y L,menu_battle
0x520194,6,0406300038FF,$&P X,menu_battle
0x5204E8,6,080247000FFF,"(""g /",menu_battle
0x5204F0,6,0803430021FF,(#c A,menu_battle
0x5204F8,6,0704470034FF,'$g T,menu_battle
0x520500,6,0605400046FF,&%` f,menu_battle
0x520508,6,0606400059FF,&&` y,menu_battle
0x52085C,6,09023B0021FF,")""[ A",menu_battle
0x520864,6,08033B0038FF,(#[ X,menu_battle
0x52086C,6,07043B004EFF,'$[ n,menu_battle
0x520874,6,06053B0064FF,&%[ Ä,menu_battle
0x520BC8,6,0A0127000BFF,*!G +,menu_battle
0x520BD0,6,0902450021FF,")""e A",menu_battle
0x520BD8,6,08034A0038FF,(#j X,menu_battle
0x520BE0,6,070459004EFF,'$y n,menu_battle
0x520BE8,6,0605560064FF,&%v Ä,menu_battle
0x520F54,6,07041D014EFF,'$=!n,menu_battle
0x520F5C,6,0605300164FF,&%P!Ä,menu_battle
0x5212C8,6,07040B014EFF,'$+!n,menu_battle
0x5212D0,6,06051F0164FF,&%?!Ä,menu_battle
0x521624,6,0501490000FF,%!i,menu_battle
0x52162C,6,050266000BFF,"%""é +",menu_battle
0x52163C,6,0404600021FF,$$Ü A,menu_battle
0x521644,6,04054C002CFF,$%l L,menu_battle
0x52164C,6,0406500038FF,$&p X,menu_battle
0x521998,6,0A0155000BFF,*!u +,menu_battle
0x5219A0,6,0902550021FF,")""u A",menu_battle
0x5219A8,6,0803550038FF,(#u X,menu_battle
0x5219B0,6,070455004EFF,'$u n,menu_battle
0x5219B8,6,0605550064FF,&%u Ä,menu_battle
0x522414,6,04056C002CFF,$%[6C] L,menu_battle
0x522AB5,8,02360100000000FF,"""V!",menu_battle
0x5231B5,13,06000000006A010000000000FF,&    [6A]!,menu_battle
0x52389D,13,06000000006A0100002A0001FF,&    [6A]!  J !,menu_battle
0x5238AD,5,012A0001FF,!J !,menu_battle
0x5238B5,5,02210001FF,"""A !",menu_battle
0x5238BD,5,032A0001FF,#J !,menu_battle
0x5238C5,5,04210001FF,$A !,menu_battle
0x5238CD,5,052A0001FF,%J !,menu_battle
0x5238D5,5,062A0001FF,&J !,menu_battle
0x523F8E,4,2A0001FF,J !,menu_battle
0x523F94,6,40012A0001FF,`!J !,menu_battle
0x523F9C,6,2002210001FF,"@""A !",menu_battle
0x52466D,13,03000000001E0100002A0001FF,#    >!  J !,menu_battle
0x524685,5,01210001FF,!A !,menu_battle
0x524A18,5,25033D00FF,E#],menu_battle
0x524AA0,5,4D006600FF,m é,menu_battle
0x524AB0,5,4D026600FF,"m""é",menu_battle
0x524AB8,5,4D036600FF,m#é,menu_battle
0x5250C9,13,06000000006A010000550000FF,&    [6A]!  u,menu_battle
0x5250D9,5,01550000FF,!u,menu_battle
0x5250E1,5,02430000FF,"""c",menu_battle
0x5250E9,5,03550000FF,#u,menu_battle
0x5250F1,5,04470000FF,$g,menu_battle
0x5250F9,5,05470000FF,%g,menu_battle
0x525101,5,06550000FF,&u,menu_battle
0x525B25,13,060000000069010000670008FF,&    [69]!  è (,menu_battle
0x525B35,5,01670008FF,!è (,menu_battle
0x525B3D,5,025A000EFF,"""z .",menu_battle
0x525B4D,5,0465000DFF,$ß -,menu_battle
0x525B55,5,0565000DFF,%ß -,menu_battle
0x525B5D,5,06670008FF,&è (,menu_battle
0x526838,149,171D16001F171800171F1E001F192000191F18001921200021191A00211B22001B211A001C2423001C1D2400241E25001D1E24001E2625001E1F26001F20260026202700202827002021280028222900212228002B2A2400242A23002B252C00252B24002D252600252D2C002D272E00272D26002F272800272F2E002930280028302F0000001000000000000000000000000000FF,7=6 ?78 7?> ?9@ 9?8 9A@ A9: A;B ;A: <DC <=D D>E =>D >FE >?F ?@F F@G @HG @AH HBI ABH KJD DJC KEL EKD MEF EML MGN GMF OGH GON IPH HPO   0,menu_battle
0x526904,6,43010D0001FF,c!- !,menu_battle
0x52690C,6,2102160001FF,"A""6 !",menu_battle
0x526934,3,6001FF,Ü!,menu_battle
0x526C78,6,40002A0001FF,` J !,menu_battle
0x526C82,4,210001FF,A !,menu_battle
0x526C9F,7,0160032A0001FF,!Ü#J !,menu_battle
0x526FEC,6,33012A0001FF,S!J !,menu_battle
0x526FF4,6,4902210001FF,"i""A !",menu_battle
0x526FFA,8,4C0060032A0001FF,l Ü#J !,menu_battle
0x527369,5,022A0000FF,"""J",menu_battle
0x527379,5,032A0000FF,#J,menu_battle
0x527389,5,052A0000FF,%J,menu_battle
0x5276DD,5,026A0000FF,"""[6A]",menu_battle
0x5276ED,5,056A0000FF,%[6A],menu_battle
0x527A16,3,3303FF,S#,menu_battle
0x527A48,6,1802480000FF,"8""h",menu_battle
0x527AD8,5,6D050000FF,[6D]%,menu_battle
0x527B20,4,330354FF,S#t,menu_battle
0x527B30,4,090453FF,)$s,menu_battle
0x527B48,4,6D0553FF,[6D]%s,menu_battle
0x527DB6,4,490009FF,i ),menu_battle
0x527DBE,4,420009FF,b ),menu_battle
0x527DCD,5,03420009FF,#b ),menu_battle
0x527DD4,6,1204350009FF,2$U ),menu_battle
0x527DDC,6,2405420009FF,D%b ),menu_battle
0x527DE2,8,5C013706490009FF,|!W&i ),menu_battle
0x528121,13,0C0000000038020000420009FF,",    X""  b )",menu_battle
0x528131,5,02420009FF,"""b )",menu_battle
0x528139,5,04420009FF,$b ),menu_battle
0x528141,5,06420009FF,&b ),menu_battle
0x528149,5,08420009FF,(b ),menu_battle
0x528151,5,0A420009FF,*b ),menu_battle
0x528159,5,0C420009FF,",b )",menu_battle
0x5284A4,6,4102640009FF,"a""Ä )",menu_battle
0x5284AC,6,2004420009FF,@$b ),menu_battle
0x528809,13,0C000000004F020000420009FF,",    o""  b )",menu_battle
0x5295F9,5,03340000FF,#T,menu_battle
0x529600,6,2F04400000FF,O$`,menu_battle
0x529608,6,3D053A0000FF,]%Z,menu_battle
0x529610,6,3F06260000FF,_&F,menu_battle
0x529898,149,17181F0018191F001F192000191A2000201A21001A1B2100211B22001C1D24001C2423001D1E25001D2524001E1F26001E2625001F2026002620270020212700272128002122280028222900242A23002A242B00242C2B0024252C00252D2C0025262D0026272D002D272E0027282E002E282F002829300028302F00000030000000000000000000000000000002000000000000FF,"78? 89? ?9@ 9:@ @:A :;A A;B <=D <DC =>E =ED >?F >FE ?@F F@G @AG GAH ABH HBI DJC JDK DLK DEL EML EFM FGM MGN GHN NHO HIP HPO   P              """,menu_battle
0x52995D,5,02270200FF,"""G""",menu_battle
0x52996D,5,06270200FF,"&G""",menu_battle
0x52997D,5,0A270200FF,"*G""",menu_battle
0x52AA58,7,2B6B00004562FF,K[6B]  eÖ,menu_battle
0x52AAB0,3,6E6FFF,[6E][6F],menu_battle
0x52AAC8,3,2E66FF,Né,menu_battle
0x52AAD4,3,6260FF,ÖÜ,menu_battle
0x52AB40,3,0C57FF,",w",menu_battle
0x52AB4C,3,275AFF,Gz,menu_battle
0x52AB58,3,265AFF,Fz,menu_battle
0x52AB64,3,0B57FF,+w,menu_battle
0x52AB88,3,5B48FF,{h,menu_battle
0x52ABA0,3,1E44FF,>d,menu_battle
0x52ABAC,3,1D44FF,=d,menu_battle
0x52ABC4,3,5848FF,xh,menu_battle
0x52AC00,3,5748FF,wh,menu_battle
0x52AC0C,3,2242FF,Bb,menu_battle
0x52AC24,3,573CFF,w\,menu_battle
0x52AC48,3,553CFF,u\,menu_battle
0x52AC60,3,6444FF,Äd,menu_battle
0x52AC84,3,6344FF,äd,menu_battle
0x52ACA8,3,0233FF,"""S",menu_battle
0x52ACCC,3,6624FF,éD,menu_battle
0x52ACF0,3,4619FF,f9,menu_battle
0x52AD50,3,6F18FF,[6F]8,menu_battle
0x52AD98,3,5007FF,p',menu_battle
0x52ADBC,3,250EFF,E.,menu_battle
0x52ADC8,3,6312FF,ä2,menu_battle
0x52ADE0,3,2E18FF,N8,menu_battle
0x52ADF8,3,6D1CFF,[6D]<,menu_battle
0x52AE04,3,6E1CFF,[6E]<,menu_battle
0x52AE1C,3,3218FF,R8,menu_battle
0x52AE34,3,6612FF,é2,menu_battle
0x52AE40,3,280EFF,H.,menu_battle
0x52AE64,3,6E01FF,[6E]!,menu_battle
0x52AF88,3,5D6EFF,}[6E],menu_battle
0x52AF94,3,1F6AFF,?[6A],menu_battle
0x52AFB8,3,655DFF,ß},menu_battle
0x52AFC4,3,2759FF,Gy,menu_battle
0x52B00C,3,513EFF,q^,menu_battle
0x52B024,3,1F36FF,?V,menu_battle
0x52B030,3,0632FF,&R,menu_battle
0x52B084,3,5715FF,w5,menu_battle
0x52B09C,3,250DFF,E-,menu_battle
0x52BEF4,3,5708FF,w(,menu_battle
0x52BF48,3,0625FF,&E,menu_battle
0x52BF54,3,1F29FF,?I,menu_battle
0x52BF60,3,572FFF,wO,menu_battle
0x52BF90,3,4F40FF,o`,menu_battle
0x52BF9C,3,2B43FF,Kc,menu_battle
0x52BFA8,3,2D46FF,Mf,menu_battle
0x52BFB4,3,2F49FF,Oi,menu_battle
0x52BFCC,3,354CFF,Ul,menu_battle
0x52BFD8,3,624CFF,Öl,menu_battle
0x52BFF0,3,0848FF,(h,menu_battle
0x52BFFC,3,4043FF,`c,menu_battle
0x52C014,3,0E41FF,.a,menu_battle
0x52C020,3,0F41FF,/a,menu_battle
0x52C068,3,1629FF,6I,menu_battle
0x52C074,3,0D25FF,-E,menu_battle
0x52C0A4,3,4B29FF,kI,menu_battle
0x52C0B0,3,352CFF,UL,menu_battle
0x52C0C8,3,5333FF,sS,menu_battle
0x52C0D4,3,5433FF,tS,menu_battle
0x52C0EC,3,192FFF,9O,menu_battle
0x52C128,3,2312FF,C2,menu_battle
0x52C164,3,2212FF,B2,menu_battle
0x52C188,3,6322FF,äB,menu_battle
0x52C194,3,6C26FF,[6C]F,menu_battle
0x52C1AC,3,4D2AFF,mJ,menu_battle
0x52C1DC,3,5234FF,rT,menu_battle
0x52C1F4,3,6D37FF,[6D]W,menu_battle
0x52C248,3,1864FF,8Ä,menu_battle
0x52C254,3,4969FF,i[69],menu_battle
0x52CDF8,4,2D0100FF,M!,menu_battle
0x52DD70,148,1D171E0017181E001E181F0018201F001819200019212000191A2100211B22001A1B2100241C1D001C2423001D1E25001D2524001E1F2500251F26001F2027001F27260020212700272128002822290022282100242A23002A242B00242C2B002C242500262C25002C262D00262E2D002E262700282E27002E282F003028290028302F000100100000091C0100000000000029FF,=7> 78> >8? 8@? 89@ 9A@ 9:A A;B :;A D<= <DC =>E =ED >?E E?F ?@G ?GF @AG GAH HBI BHA DJC JDK DLK LDE FLE LFM FNM NFG HNG NHO PHI HPO ! 0  )<!      I,menu_battle
0x52E1AA,4,140038FF,4 X,menu_battle
0x52E1B2,4,19002CFF,9 L,menu_battle
0x52E458,148,16171D001F171800171F1E0018191F001F1920001921200021191A001A222100221A1B00231D24001C1D2300251D1E001D2524001F251E00251F2600271F20001F272600202827002021280021222800282229002A242B00242A230024252B002B252C0025262C002C262D002E262700262E2D002F272800272F2E003028290028302F00010020000006550100000000000033FF,67= ?78 7?> 89? ?9@ 9A@ A9: :BA B:; C=D <=C E=> =ED ?E> E?F G?@ ?GF @HG @AH ABH HBI JDK DJC DEK KEL EFL LFM NFG FNM OGH GON PHI HPO ! @  &u!      S,menu_battle
0x530000,140,1E181F00191F18001F1920001A201900201A21001B211A00211B22001C242300241C1D001D1E2400241E25001F251E00251F260020261F0026202700212720002721280021222800282229002A242B00242A2300242C2B002C2425002D2C2600262C25002E262700262E2D002F272800272F2E003028290028302F00010040000006550100000000000033FF,>8? 9?8 ?9@ :@9 @:A ;A: A;B <DC D<= =>D D>E ?E> E?F @F? F@G AG@ GAH ABH HBI JDK DJC DLK LDE MLF FLE NFG FNM OGH GON PHI HPO ! `  &u!      S,menu_materia
0x5326C0,6,05012A0000FF,%!J,menu_materia
0x5326C8,6,05022B000BFF,"%""K +",menu_materia
0x5326D0,6,05032A0016FF,%#J 6,menu_materia
0x5326D8,6,04042B0021FF,$$K A,menu_materia
0x5326E0,6,04052A002CFF,$%J L,menu_materia
0x5326E8,6,0406140038FF,$&4 X,menu_materia
0x5326F8,5,16013700FF,6!W,menu_materia
0x538330,149,171D16001F171800171F1E001F192000191F18001921200021191A00211B22001B211A001C2423001C1D2400241E25001D1E24001E2625001E1F26001F20260026202700202827002021280028222900212228002B2A23002B2324002B252C00252B24002D252600252D2C002D272E00272D26002F272800272F2E0029302F00292F280000001000000000000000000000000000FF,7=6 ?78 7?> ?9@ 9?8 9A@ A9: A;B ;A: <DC <=D D>E =>D >FE >?F ?@F F@G @HG @AH HBI ABH KJC KCD KEL EKD MEF EML MGN GMF OGH GON IPO IOH   0,menu_materia
0x53AA84,3,1367FF,3è,menu_materia
0x53AA90,3,3A66FF,Zé,menu_materia
0x53AAD8,3,0B4BFF,+k,menu_materia
0x53AAE4,3,2747FF,Gg,menu_materia
0x53AB44,3,2624FF,FD,menu_materia
0x53AB50,3,4D23FF,mC,menu_materia
0x53AB5C,3,2424FF,DD,menu_materia
0x53AB80,3,3020FF,P@,menu_materia
0x53ABB0,3,361FFF,V?,menu_materia
0x53ABE8,7,641700002B0DFF,Ä7  K-,menu_materia
0x53ACAC,3,2305FF,C%,menu_materia
0x53ACD8,7,2E030000220AFF,N#  B*,menu_materia
0x53ACE4,7,0A0700004D0BFF,*'  m+,menu_materia
0x53AD00,3,5212FF,r2,menu_materia
0x53AD08,7,661200004814FF,é2  h4,menu_materia
0x53AD48,3,531AFF,s:,menu_materia
0x53AD60,3,2526FF,EF,menu_materia
0x53AD68,7,052D00000E2CFF,%M  .L,menu_materia
0x53AD84,3,5F33FF,üS,menu_materia
0x53AD90,3,5632FF,vR,menu_materia
0x53AD98,7,603E00004D31FF,Ü^  mQ,menu_materia
0x53ADA4,7,494400004430FF,id  dP,menu_materia
0x53ADBC,7,164E00003C32FF,6n  \R,menu_materia
0x53ADCC,3,5335FF,sU,menu_materia
0x53AE04,7,036600001F41FF,#é  ?a,menu_materia
0x53AE44,3,1A2DFF,:M,menu_materia
0x53AE68,3,5A28FF,zH,menu_materia
0x53AE80,3,621DFF,Ö=,menu_materia
0x53AEA4,3,610FFF,ö/,menu_materia
0x53AED4,3,6506FF,ß&,menu_materia
0x53AEF8,3,6509FF,ß),menu_materia
0x53AFA8,7,5C0101006509FF,|!! ß),menu_materia
0x53AFB4,7,270701006509FF,G'! ß),menu_materia
0x53AFE4,7,531E01006509FF,s>! ß),menu_materia
0x53AFEC,11,3A2901001E2401006509FF,ZI! >D! ß),menu_materia
0x53B01C,11,6E2F01004A3B01006509FF,[6E]O! j[! ß),menu_materia
0x53B02C,7,154101006509FF,5a! ß),menu_materia
0x53B058,11,2F370100415801006509FF,OW! ax! ß),menu_materia
0x53B068,7,0C5E01006509FF,",~! ß)",menu_materia
0x53B088,11,633D01006D6F01006509FF,ä]! [6D][6F]! ß),menu_materia
0x53B1B4,11,28640100400002006506FF,"HÄ! ` "" ß&",menu_materia
0x53B1C4,7,3A0602006506FF,"Z&"" ß&",menu_materia
0x53B1D0,7,3A0C02006506FF,"Z,"" ß&",menu_materia
0x53B1DC,7,3A1202006506FF,"Z2"" ß&",menu_materia
0x53B1E8,7,3A1802006506FF,"Z8"" ß&",menu_materia
0x53B754,7,3E0701004469FF,^'! d[69],menu_materia
0x53B76C,7,3C1001001667FF,\0! 6è,menu_materia
0x53B784,7,3A1901004069FF,Z9! `[69],menu_materia
0x53B8BC,7,685B0100656EFF,[68]{! ß[6E],menu_materia
0x53B8D8,3,136EFF,3[6E],menu_materia
0x53B9C8,3,2B6CFF,K[6C],menu_materia
0x53B9F8,3,4C56FF,lv,menu_materia
0x53BA10,3,0C51FF,",q",menu_materia
0x53BA28,3,4E51FF,nq,menu_materia
0x53BA40,3,2451FF,Dq,menu_materia
0x53BA4C,3,1B4FFF,;o,menu_materia
0x53BA58,3,6A4AFF,[6A]j,menu_materia
0x53BA88,3,4C35FF,lU,menu_materia
0x53BAA0,3,3E2DFF,^M,menu_materia
0x53BAAC,3,272AFF,GJ,menu_materia
0x53BAB8,3,4328FF,cH,menu_materia
0x53BAD0,3,4528FF,eH,menu_materia
0x53BADC,3,2B2AFF,KJ,menu_materia
0x53BAE8,3,442DFF,dM,menu_materia
0x53BB30,3,6F48FF,[6F]h,menu_materia
0x53BB3C,3,3C4AFF,\j,menu_materia
0x53BBA8,3,544CFF,tl,menu_materia
0x53BBB4,3,214EFF,An,menu_materia
0x53BBCC,3,5854FF,xt,menu_materia
0x53BBD8,3,5059FF,py,menu_materia
0x53BC08,3,1C6EFF,<[6E],menu_materia
0x5495AA,71,20002000040004000400040040004000400004004000040000000400000000004000400000000000000040004000400000000000000000000000000000000000004500000000FF,@ @ $ $ $ $ ` ` ` $ ` $   $     ` `       ` ` `                  e,menu_shop
0x54B77A,8,6E00000000006DFF,[6E]     [6D],menu_shop
0x54B81E,4,260240FF,"F""`",menu_shop
0x54B892,4,580140FF,x!`,menu_shop
0x54BB96,4,58001AFF,x :,menu_shop
0x54BFD2,4,5F012BFF,ü!K,menu_shop
0x54C164,4,460047FF,f g,menu_shop
0x54C1F0,12,5502000000000000000061FF,"u""        ö",menu_shop
0x54C3E0,4,410012FF,a 2,menu_shop
0x54C456,6,2201000044FF,B!  d,menu_shop
0x54C5B2,6,1000470058FF,0 g x,menu_shop
0x54C5F9,3,022EFF,"""N",menu_shop
0x54C648,4,6B0033FF,[6B] S,menu_shop
0x54C7C0,7,650000005C00FF,ß   |,menu_shop
0x54CA84,6,2B00460320FF,K f#@,menu_shop
0x54CAAC,8,1600000032015EFF,6   R!~,menu_shop
0x54CAFE,4,280163FF,H!ä,menu_shop
0x54CBF2,6,6D01000010FF,[6D]!  0,menu_shop
0x54CCDE,8,4401470230004AFF,"d!g""P j",menu_shop
0x54D20A,8,67030000000036FF,è#    V,menu_shop
0x54D232,6,2B0039025BFF,"K Y""{",menu_shop
0x54D5DA,4,06004AFF,& j,menu_shop
0x54D5DE,14,010000000000000000001D0048FF,!         = h,menu_shop
0x54D6B4,6,3300000053FF,S   s,menu_shop
0x54DC20,4,55006AFF,u [6A],menu_shop
0x54DCF0,4,040043FF,$ c,menu_shop
0x54DDCE,4,080047FF,( g,menu_shop
0x54DDD2,10,620100000000060013FF,Ö!    & 3,menu_shop
0x54DECC,4,380163FF,X!ä,menu_shop
0x54DEEE,12,08001A0000000000000025FF,( :       E,menu_shop
0x54DF64,10,45000000000000005DFF,e       },menu_shop
0x54DFE2,6,0B0145012EFF,+!e!N,menu_shop
0x54E02A,4,550017FF,u 7,menu_shop
0x54E188,10,14001703000000002AFF,4 7#    J,menu_shop
0x54E1FC,10,61014F030000000000FF,ö!o#,menu_shop
0x54E28E,16,630046010000000000001200650013FF,ä f!      2 ß 3,menu_shop
0x54E2CE,10,4601000000002F0049FF,f!    O i,menu_shop
0x54E3BC,4,480057FF,h w,menu_shop
0x54E4CC,6,0500140052FF,% 4 r,menu_shop
0x54E4D2,12,11002A010000000000005DFF,1 J!      },menu_shop
0x54E534,12,560100000000000019022DFF,"v!      9""M",menu_shop
0x54E546,18,30000E0100000000000000000000000046FF,P .!            f,menu_shop
0x54E56A,4,240031FF,D Q,menu_shop
0x54E7CA,8,45010000000053FF,e!    s,menu_shop
0x54E7E0,10,16004E01000000005CFF,6 n!    |,menu_shop
0x54E868,4,19022DFF,"9""M",menu_shop
0x54EAA6,4,5A004AFF,z j,menu_shop
0x54EB26,4,1B0032FF,; R,menu_shop
0x54EC06,4,4B0104FF,k!$,menu_shop
0x54ECA6,4,020122FF,"""!B",menu_shop
0x54ECBC,4,090058FF,) x,menu_shop
0x54ED1E,8,4003000000006CFF,`#    [6C],menu_shop
0x54F1D4,8,2A011C0028004AFF,J!< H j,menu_shop
0x54F226,4,350026FF,U F,menu_shop
0x54F5D5,3,0359FF,#y,menu_shop
0x54F9D0,3,2401FF,D!,menu_shop
0x54FAA4,6,0C004C0154FF,", l!t",menu_shop
0x54FBB0,4,48002BFF,h K,menu_shop
0x54FCD8,4,040057FF,$ w,menu_shop
0x54FF3C,4,16022EFF,"6""N",menu_shop
0x54FF6A,6,5D00000064FF,}   Ä,menu_shop
0x54FFF0,4,670027FF,è G,menu_shop
0x550030,4,1A0029FF,: I,menu_misc
0x550070,4,050327FF,%#G,menu_misc
0x55011C,10,420219010000000021FF,"b""9!    A",menu_misc
0x550160,12,1A01000000000000560033FF,:!      v S,menu_misc
0x5501DC,4,58015DFF,x!},menu_misc
0x55043E,11,1B004701000000000000FF,; g!,menu_misc
0x5504EA,6,6D00000064FF,[6D]   Ä,menu_misc
0x550A80,8,4E01000000005CFF,n!    |,menu_misc
0x550F24,6,070104005FFF,'!$ ü,menu_misc
0x551130,4,570132FF,w!R,menu_misc
0x55113C,4,510114FF,q!4,menu_misc
0x551186,4,6D0138FF,[6D]!X,menu_misc
0x5511F0,4,4C0049FF,l i,menu_misc
0x551268,12,4400000000002E004B0051FF,d     N k q,menu_misc
0x5512F0,4,4B0059FF,k y,menu_misc
0x55139C,10,3E0219010000000022FF,"^""9!    B",menu_misc
0x5513B0,4,6B004DFF,[6B] m,menu_misc
0x5513EC,4,250053FF,E s,menu_misc
0x55146C,4,250054FF,E t,menu_misc
0x5515EC,4,250057FF,E w,menu_misc
0x551848,10,420200000000000027FF,"b""      G",menu_misc
0x55185A,16,3A01590061001E0100000000000009FF,Z!y ö >!      ),menu_misc
0x5519B0,4,340027FF,T G,menu_misc
0x551A04,4,2D002FFF,M O,menu_misc
0x551A1E,8,0B02000000002AFF,"+""    J",menu_misc
0x551ED2,8,4B010000000002FF,"k!    """,menu_misc
0x551FE8,6,50001E0221FF,"p >""A",menu_misc
0x5520B6,4,2A0017FF,J 7,menu_misc
0x5520F2,4,2C0017FF,L 7,menu_misc
0x552528,4,400427FF,`$G,menu_misc
0x55259D,3,0327FF,#G,menu_misc
0x552A30,14,180100000000000000002C0016FF,8!        L 6,menu_misc
0x552AA4,14,180100000000000000004E0016FF,8!        n 6,menu_misc
0x552BFA,4,350013FF,U 3,menu_misc
0x552E8A,4,41003AFF,a Z,menu_misc
0x552E98,10,5C022D030000000036FF,"|""M#    V",menu_misc
0x552EAC,10,260422010000000009FF,F$B!    ),menu_misc
0x553676,4,010138FF,!!X,menu_misc
0x5538F4,6,6E010C0169FF,"[6E]!,![69]",menu_misc
0x553BA6,10,2900000000003C0062FF,I     \ Ö,menu_misc
0x553BD6,20,560158002F0064010000000000000000130152FF,v!x O Ä!        3!r,menu_misc
0x553C40,4,260010FF,F 0,menu_misc
0x553CB8,6,2E0130013AFF,N!P!Z,menu_misc
0x553F5C,10,0A024203000000002CFF,"*""b#    L",menu_misc
0x553F86,4,490116FF,i!6,menu_misc
0x55402E,8,09020000000046FF,")""    f",menu_misc
0x554288,10,100148030000000021FF,0!h#    A,menu_misc
0x5544F8,4,040236FF,"$""V",menu_misc
0x5545E2,6,3B02630365FF,"[""ä#ß",menu_misc
0x555362,13,244400003C42000000400000FF,Dd  \b   `,menu_misc
0x555D88,12,40004000400000000A0A56FF,` ` `   **v,menu_misc
0x555F8C,8,600000000C0A56FF,"Ü   ,*v",menu_misc
0x5563BC,23,5C4E6D00000000000000000000000000000000000008FF,|n[6D]                  (,menu_misc
0x556603,8,38000000000010FF,X     0,menu_misc
0x556B0C,16,34006F034000200000000000000031FF,T [6F]#` @       Q,menu_misc
0x556B80,4,250A1FFF,E*?,menu_misc
0x556F02,5,39122201FF,Y2B!,menu_misc
0x556F98,4,391229FF,Y2I,menu_misc
0x5572B1,3,1225FF,2E,menu_misc
0x5583B1,3,6014FF,Ü4,menu_misc
0x5583BD,3,5013FF,p3,menu_misc
0x558988,3,305BFF,P{,menu_misc
0x56065B,54,2F00000000010120201F20102F00000000010120202F20202F00000000020120203F20302F00000000020120204F20402F00000000FF,"O    !!@@?@0O    !!@@O@@O    ""!@@_@PO    ""!@@o@`O",menu_misc
0x560691,12,02080838003F0F01000000FF,"""((X _/!",menu_misc
0x56069D,12,0208083000370F01000000FF,"""((P W/!",menu_misc
0x560D08,6,450011006DFF,e 1 [6D],menu_misc
0x566BE0,3,2626FF,FF,menu_misc
0x566BFC,3,3737FF,WW,menu_misc
0x566C00,3,5555FF,uu,menu_misc
0x566C44,3,4D4DFF,mm,menu_misc
0x566C4C,3,4848FF,hh,menu_misc
0x566C6C,3,6666FF,éé,menu_misc
0x566CB4,3,5353FF,ss,menu_misc
0x566CB8,3,4444FF,dd,menu_misc
0x566D1C,3,2F2FFF,OO,menu_misc
0x566D20,3,3939FF,YY,menu_misc
0x566D44,3,5757FF,ww,menu_misc
0x5670A0,3,4F4FFF,oo,menu_misc
0x56720C,3,6464FF,ÄÄ,menu_misc
0x567404,3,3535FF,UU,menu_misc
0x56FA65,148,01070109000501140014000C000A000401070106010701000000000F00000008001E000A000A00140014001200050108001E001700050015000A0016000A00170005000B000A010C000A000D000A0009000A01050105011700050009000000170005010800140115000A0016000A00140014010B0005010C0005000D00050014001401335052494E5453434855484500000000FF,"!'!) %!4 4 , * $!'!&!'!    /   ( > * * 4 4 2 %!( > 7 % 5 * 6 * 7 % + *!, * - * ) *!%!%!7 % )   7 %!( 4!5 * 6 * 4 4!+ %!, % - % 4 4!Sprintschuhe",menu_misc
0x56FB0A,17,3A4155424552414E4752494646000000FF,Zauberangriff,menu_misc
0x56FB1B,17,37455254564F4C4C4500354852000000FF,Wertvolle Uhr,menu_misc
0x56FB2C,17,2B41545A454E474C4F434B4500000000FF,Katzenglocke,menu_misc
0x56FB3D,17,2645494E440057454700000000000000FF,Feind weg,menu_misc
0x56FB4E,17,3343484C45494348414E475249464600FF,Schleichangriff,menu_misc
0x56FB5F,17,23484F434F0D21524D42414E44000000FF,Choco-Armband,menu_misc
0x56FB70,17,60544845520000000000000000000000FF,Üther,menu_misc
0x56FB81,17,254C4958494552000000000000000000FF,Elixier,menu_misc
0x56FB92,17,28454C44454E5452414E4B0000000000FF,Heldentrank,menu_misc
0x56FBA3,17,224C49545A53545241484C5241554348FF,Blitzstrahlrauch,menu_misc
0x56FBB4,17,26455545525A41484E00000000000000FF,Feuerzahn,menu_misc
0x56FBC5,17,214E5441524B540E0037494E44000000FF,Antarkt. Wind,menu_misc
0x56FBD6,17,3343484E454C4C424C49545A00000000FF,Schnellblitz,menu_misc
0x56FBE7,17,26455545525343484C45494552000000FF,Feuerschleier,menu_misc
0x56FBF8,17,2549534B52495354414C4C0000000000FF,Eiskristall,menu_misc
0x56FC09,17,2D4547414C4958494552000000000000FF,Megalixier,menu_misc
0x56FC1A,17,345552424F0D60544845520000000000FF,Turbo-Üther,menu_misc
0x56FC2B,17,3452414E4B0000000000000000000000FF,Trank,menu_misc
0x56FC4D,17,28595045520000000000000000000000FF,Hyper,menu_misc
0x56FC5E,17,22455255484947554E47534D0E000000FF,Beruhigungsm.,menu_misc
0x56FC6F,17,28490D3452414E4B0000000000000000FF,Hi-Trank,menu_misc
0x56FD88,8,2B212900000000FF,KAI,menu_misc
0x56FD90,8,28252C252E2500FF,HELENE,menu_misc
0x56FD98,8,35372500000000FF,UWE,menu_misc
0x56FDA0,8,342F2D00000000FF,TOM,menu_misc
0x56FDA8,8,32212C26000000FF,RALF,menu_misc
0x56FDB0,8,30253425320000FF,PETER,menu_misc
0x56FDB8,8,2D292B25000000FF,MIKE,menu_misc
0x56FDC0,8,33212E24390000FF,SANDY,menu_misc
0x56FDC8,8,2A352C29210000FF,JULIA,menu_misc
0x56FDD0,8,2D2F2E29000000FF,MONI,menu_misc
0x56FDD8,8,27253228213224FF,GERHARD,menu_misc
0x56FDE0,8,25242429000000FF,EDDI,menu_misc
0x56FDE8,8,2A212E00000000FF,JAN,menu_misc
0x56FDF0,8,32292328213224FF,RICHARD,menu_misc
0x56FDF8,8,24212E29252C00FF,DANIEL,menu_misc
0x56FE00,8,32353428000000FF,RUTH,menu_misc
0x56FE08,8,2632212E2B0000FF,FRANK,menu_misc
0x56FE10,8,3021343229232BFF,PATRICK,menu_misc
0x56FE18,8,2225322E240000FF,BERND,menu_misc
0x56FE20,8,28212E33000000FF,HANS,menu_misc
0x56FE28,8,2A252E2E390000FF,JENNY,menu_misc
0x56FE30,8,322F22292E0000FF,ROBIN,menu_misc
0x56FE38,8,2D2132292F0000FF,MARIO,menu_misc
0x56FE40,8,2B21322C000000FF,KARL,menu_misc
0x56FE48,8,33213221280000FF,SARAH,menu_misc
0x56FE50,8,2D213229250000FF,MARIE,menu_misc
0x56FE58,8,33212D2D390000FF,SAMMY,menu_misc
0x56FE60,8,30292100000000FF,PIA,menu_misc
0x56FE68,8,24213629240000FF,DAVID,menu_misc
0x56FE70,8,3021352C210000FF,PAULA,menu_misc
0x56FE78,8,3021352C000000FF,PAUL,menu_misc
0x56FE88,8,23283229330000FF,CHRIS,menu_misc
0x56FE90,8,342F2E29000000FF,TONI,menu_misc
0x56FE98,8,212E2439000000FF,ANDY,menu_misc
0x56FEA0,8,212E2E21000000FF,ANNA,menu_misc
0x56FEA8,8,34292D00000000FF,TIM,menu_misc
0x56FEB0,8,322F2225323400FF,ROBERT,menu_misc
0x56FEB8,8,27252F32270000FF,GEORG,menu_misc
0x56FEC0,8,352C2C29000000FF,ULLI,menu_misc
0x56FEC8,8,322F3321000000FF,ROSA,menu_misc
0x57A378,34,010000000000000010000000040000000002000000020000100000000000000056FF,"!       0   $    ""   ""  0       v",menu_misc
0x57C4CD,12,1000003500000000000000FF,0  U,menu_misc
0x58FBB8,11,3349450026494E414C00FF,Sie Final,menu_config
0x58FBCE,26,26414E5441535900362929005645524C415353454E00554E44FF,Fantasy VII verlassen und,menu_config
0x58FC10,3,2A41FF,Ja,menu_config
0x58FC15,5,2E45494EFF,Nein,menu_config
0x5900F0,13,26454E535445524641524245FF,Fensterfarbe,menu_config
0x590126,6,334F554E44FF,Sound,menu_config
0x59015C,11,2B4F4E54524F4C4C4552FF,Kontroller,menu_config
0x590192,7,235552534F52FF,Cursor,menu_config
0x5901C8,4,213422FF,ATB,menu_config
0x5901FE,11,2B414D504654454D504FFF,Kampftempo,menu_config
0x590234,13,2B414D50464D454C44554E47FF,Kampfmeldung,menu_config
0x59026A,12,26454C444D454C44554E47FF,Feldmeldung,menu_config
0x5902A0,13,2B414D45524157494E4B454CFF,Kamerawinkel,menu_config
0x5902D6,10,215553576A484C454EFF,Ausw[6A]hlen,menu_config
0x59030C,10,21424252454348454EFF,Abbrechen,menu_config
0x590378,12,26454E5354455200213533FF,Fenster AUS,menu_config
0x5903AE,6,3041555345FF,Pause,menu_config
0x5903E4,14,3343484C4143485448494C4645FF,Schlachthilfe,menu_config
0x59041A,5,2D4F4E4FFF,Mono,menu_config
0x590450,7,33544552454FFF,Stereo,menu_config
0x590486,6,2252454954FF,Breit,menu_config
0x5904BC,7,2E4F524D414CFF,Normal,menu_config
0x5904F2,18,22454E55545A4552444546494E49455254FF,Benutzerdefiniert,menu_config
0x590528,7,214E46414E47FF,Anfang,menu_config
0x59055E,9,3350454943484552FF,Speicher,menu_config
0x590594,6,214B544956FF,Aktiv,menu_config
0x5905CA,10,254D50464F484C454EFF,Empfohlen,menu_config
0x590600,7,37415254454EFF,Warten,menu_config
0x590636,5,2155544FFF,Auto,menu_config
0x59066C,5,26455354FF,Fest,menu_config
0x5906D8,7,2C414E47530EFF,Langs.,menu_config
0x59070E,6,3343484E0EFF,Schn.,menu_config
0x590744,4,322F34FF,ROT,menu_config
0x59077A,5,2732662EFF,GRéN,menu_config
0x5907B0,5,222C2135FF,BLAU,menu_config
0x5907E6,12,3A4155424552464F4C4745FF,Zauberfolge,menu_config
0x59081C,8,2845494C554E47FF,Heilung,menu_config
0x590852,8,214E4752494646FF,Angriff,menu_config
0x590888,9,294E444952454B54FF,Indirekt,menu_config
0x5908BE,9,364552424F54454EFF,Verboten,menu_config
0x5908F4,4,345950FF,Typ,menu_config
0x59092A,7,4C494E4B5312FF,links2,menu_config
0x590960,8,52454348545312FF,rechts2,menu_config
0x590996,7,4C494E4B5311FF,links1,menu_config
0x5909CC,8,52454348545311FF,rechts1,menu_config
0x590AA4,4,253834FF,EXT,menu_config
0x590ADA,6,28494C4645FF,Hilfe,menu_config
0x590BD0,26,344F4E0D00554E44002D5553494B45494E5354454C4C554E47FF,Ton- und Musikeinstellung,menu_config
0x590C68,7,2F424A454B54FF,Objekt,menu_config
0x590C7C,7,3A4155424552FF,Zauber,menu_config
0x590C90,8,2D415445524941FF,Materia,menu_config
0x590CB8,6,3745525445FF,Werte,menu_config
0x590CCC,6,3245494845FF,Reihe,menu_config
0x590CE0,6,2C494D4954FF,Limit,menu_config
0x590CF4,7,2B4F4E464947FF,Konfig,menu_config
0x590D08,4,302833FF,PHS,menu_config
0x590D1C,10,33504549434845524EFF,Speichern,menu_config
0x590D30,10,3645524C415353454EFF,Verlassen,menu_config
0x590D44,9,214E466A4E474552FF,Anf[6A]nger,menu_config
0x590D58,11,36455257454E44554E47FF,Verwendung,menu_config
0x590D80,5,3A454954FF,Zeit,menu_config
0x590D94,4,27494CFF,Gil,menu_config
0x590DA8,11,2E6A434853540E002C56FF,N[6A]chst. Lv,menu_config
0x590DBC,12,2C494D49540D3354554645FF,Limit-Stufe,menu_config
0x590DD0,10,214E4C454954554E47FF,Anleitung,menu_config
0x590DE4,6,354E544552FF,Unter,menu_config
0x590DF8,5,2C360B11FF,LV+1,menu_config
0x590E0C,5,3A4F524EFF,Zorn,menu_config
0x590E20,10,345241555249474B0EFF,Traurigk.,menu_config
0x591004,109,01000000020000000400000005000000060000000700000008000000540000005354415254204F46204D454E552053595354454D2121210A00000000454E44204F46204D454E552053595354454D2121210A00002D4954003B21222232252328252E3D004245454E44454E0EFF,"!   ""   $   %   &   '   (   t   start@of@menu@systemAAA*    end@of@menu@systemAAA*  Mit [ABBRECHEN] beenden.",menu_config
0x59109C,22,33494500415546003B2F0E2B0E3D00554D00444945FF,Sie auf [O.K.] um die,menu_config
0x5910D0,33,34415354454E42454C4547554E47005A55004B4F4E4649475552494552454E0EFF,Tastenbelegung zu konfigurieren.,menu_config
0x591148,7,3B2F0E2B0E3DFF,[O.K.],menu_config
0x591184,12,3B21222232252328252E3DFF,[ABBRECHEN],menu_config
0x5911C0,7,3B2D252E663DFF,[MENé],menu_config
0x5911FC,13,3B352D332328212C34252E3DFF,[UMSCHALTEN],menu_config
0x591238,12,3B22292C2400282F23283DFF,[BILD HOCH],menu_config
0x591274,16,3B22292C2400282532352E3425323DFF,[BILD HERUNTER],menu_config
0x5912B0,9,3B2B212D2532213DFF,[KAMERA],menu_config
0x5912EC,7,3B3A29252C3DFF,[ZIEL],menu_config
0x591328,8,3B28292C26253DFF,[HILFE],menu_config
0x591364,8,3B33342132343DFF,[START],menu_config
0x5913A0,9,3B2825322135263DFF,[HERAUF],menu_config
0x5913DC,8,3B352E34252E3DFF,[UNTEN],menu_config
0x591418,8,3B2C292E2B333DFF,[LINKS],menu_config
0x591454,8,3B32252328343DFF,[RECHT],menu_config
0x591490,9,3421333421343532FF,TASTATUR,menu_config
0x5914CC,9,2A2F39333429232BFF,JOYSTICK,menu_config
0x594CAC,7,3343484C4146FF,Schlaf,menu_config
0x594CBA,5,27494654FF,Gift,menu_config
0x594CC8,12,345241555249474B454954FF,Traurigkeit,menu_config
0x594CE4,11,36455257495252554E47FF,Verwirrung,menu_config
0x594CF2,10,3354554D4D48454954FF,Stummheit,menu_config
0x594D00,8,3343484E454C4CFF,Schnell,menu_config
0x594D0E,8,2C414E4753414DFF,Langsam,menu_config
0x594D1C,5,33544F50FF,Stop,menu_config
0x594D54,14,364552535445494E4552554E47FF,Versteinerung,menu_config
0x594D62,6,524547454EFF,regen,menu_config
0x594D8C,13,3245464C454B54494552454EFF,Reflektieren,menu_config
0x594D9A,7,244F5050454CFF,Doppel,menu_config
0x594DA8,7,334348494C44FF,Schild,menu_config
0x594DD2,5,344F4C4CFF,Toll,menu_config
0x594DE0,12,25494E5A49474152544947FF,Einzigartig,menu_config
0x594DEE,8,2C6A484D554E47FF,L[6A]hmung,menu_config
0x594DFC,11,24554E4B454C48454954FF,Dunkelheit,menu_config
0x594E7C,40,4048505819293900000000003749455649454C0057494C4C535400445500415553474542454E1FFF,`hpx9IY     Wieviel willst du ausgeben?,menu_config
0x594EA8,5,2E414348FF,Nach,menu_config
0x594EB0,17,27494C00415546004445520028414E44FF,Gil auf der Hand,menu_config
0x594FF0,144,010100020200010101010101010101010101010002020000010101010101010100000000000000000000000000000000010101000002000200010101010101010101010100000200020000010101010100000000000000000000000000000000010101010000000200000000010101010203040506070908090908000D0A0B09000000000000010C3745495445521FFF,"!! """" !!!!!!!!!!!!! """"  !!!!!!!!                !!!  "" "" !!!!!!!!!!!  "" ""  !!!!!                !!!!   ""    !!!!""#$%&')())( -*+)      !,Weiter?",menu_config
0x595080,12,2A4100000000002E45494EFF,Ja     Nein,menu_config
0x595090,26,364F5248414E44454E45003343484C4143485450554E4B5445FF,Vorhandene Schlachtpunkte,menu_config
0x5950AA,14,3343484C49545A535441525401FF,Schlitzstart!,menu_config
0x5950C4,7,342F2C2C0101FF,TOLL!!,menu_config
0x5950DE,25,2745574F4E4E454E45003343484C4143485450554E4B5445FF,Gewonnene Schlachtpunkte,menu_config
0x5950F8,14,2F4B0C0044414E4E004C4F5301FF,"Ok, dann los!",menu_config
0x595400,35,2245534F52475400554D0044494500414E444552454E002D4954474C49454445521FFF,Besorgt um die anderen Mitglieder?,menu_config
0x595446,17,254947454E544C494348004E49434854FF,Eigentlich nicht,menu_config
0x5954FC,21,640000000A000000010000000700000040000000FF,Ä   *   !   '   `,menu_config
0x5955BE,12,330033504549434845524EFF,S Speichern,menu_config
0x595630,12,3245464F524D494552454EFF,Reformieren,menu_config
0x595656,37,2D4954474C494544454E00494E005A574549002752555050454E004155465445494C454EFF,Mitglieden in zwei Gruppen aufteilen,menu_config
0x59567C,37,2D4954474C494544455200494E0044524549002752555050454E004155465445494C454EFF,Mitglieder in drei Gruppen aufteilen,menu_config
0x5956A2,32,27525550504500415553005A57454900304552534F4E454E0042494C44454EFF,Gruppe aus zwei Personen bilden,menu_config
0x5956C8,32,27525550504500415553004452454900304552534F4E454E0042494C44454EFF,Gruppe aus drei Personen bilden,menu_config
0x5956EE,28,215553576A484C454E004D4954003B33342132343D0D3441535445FF,Ausw[6A]hlen mit [START]-Taste,menu_config
0x595718,8,254C454D454E54FF,Element,menu_config
0x59572E,7,254646454B54FF,Effekt,menu_config
0x595744,10,214E4752454946454EFF,Angreifen,menu_config
0x59575A,12,364552544549444947454EFF,Verteidigen,menu_config
0x595770,10,28414C42494552454EFF,Halbieren,menu_config
0x59579C,12,2142534F5242494552454EFF,Absorbieren,menu_config
0x5957F4,7,33546A524B45FF,St[6A]rke,menu_config
0x59580A,9,274553434849434BFF,Geschick,menu_config
0x595820,10,364954414C49546A54FF,Vitalit[6A]t,menu_config
0x59584C,6,2D4F52414CFF,Moral,menu_config
0x59588E,12,214E4752454946454E0005FF,Angreifen %,menu_config
0x5958BA,14,364552544549444947454E0005FF,Verteidigen %,menu_config
0x5958D0,9,3A4252414E475246FF,Zbrangrf,menu_config
0x5958E6,10,3A4252564552544447FF,Zbrvertdg,menu_config
0x5958FC,12,3A42525645525444470005FF,Zbrvertdg %,menu_config
0x595912,5,3741460EFF,Waf.,menu_config
0x59593E,5,2143430EFF,Acc.,menu_config
0x595954,12,2C494D49540D2542454E45FF,Limit-Ebene,menu_config
0x5959C8,8,33343526250011FF,STUFE 1,menu_config
0x5959E8,8,33343526250012FF,STUFE 2,menu_config
0x595A08,8,33343526250013FF,STUFE 3,menu_config
0x595A28,8,33343526250014FF,STUFE 4,menu_config
0x595A48,24,2C292D29340D33343526250045494E5249434854454E0EFF,LIMIT-STUFE einrichten.,menu_config
0x595A68,11,25494E5249434854454EFF,Einrichten,menu_config
0x595AA8,23,22454900604E444552554E4700444552003334352625FF,Bei Ünderung der STUFE,menu_config
0x595AC8,26,224547494E4E00424549002C494D49540D30554E4B5400100EFF,Beginn bei Limit-Punkt 0.,menu_config
0x595AE8,14,3334352625006A4E4445524E1FFF,STUFE [6A]ndern?,menu_config
0x595B48,15,2C494D4954004745576A484C5401FF,Limit gew[6A]hlt!,menu_config
0x595B68,13,333435262500576A484C454EFF,STUFE w[6A]hlen,menu_config
0x595B94,9,3200320013001130FF,R R 3 1P,menu_config
0x595BB0,9,3400340013011134FF,T T 3!1T,menu_config
0x595BCC,9,3300330013021138FF,"S S 3""1X",menu_config
0x595BE8,9,3500350013031146FF,U U 3#1f,menu_config
0x595C20,9,3900390017051100FF,Y Y 7%1,menu_config
0x595C58,9,4600460013071134FF,f f 3'1T,menu_config
0x595C74,9,4800480017081136FF,h h 7(1V,menu_config
0x595C90,9,4900490013092320FF,i i 3)C@,menu_config
0x595CAC,9,4B004B00130A1100FF,k k 3*1,menu_config
0x595CC8,9,4D004D00170B1123FF,m m 7+1C,menu_config
0x595D1C,9,5A005A00150E2410FF,z z 5.D0,menu_config
0x595D38,9,5B005B00170F2200FF,{ { 7/B,menu_config
0x595D54,9,5E005E0015102200FF,~ ~ 50B,menu_config
0x595D70,8,62006200151100FF,Ö Ö 51,menu_config
0x595D8C,9,6000600015122200FF,Ü Ü 52B,menu_config
0x595DA8,9,6100610015130820FF,ö ö 53(@,menu_config
0x595DC4,9,6300630015140820FF,ä ä 54(@,menu_config
0x595EA4,9,64006400131C1134FF,Ä Ä 3<1T,menu_config
0x595EC0,9,65006500131D1114FF,ß ß 3=14,menu_config
0x595EDC,9,67006700171E1138FF,è è 7>1X,menu_config
0x595EF8,9,68006800171F1124FF,[68] [68] 7?1D,menu_config
0x595F66,11,23005000500013231130FF,C p p 3C1P,menu_config
0x595F84,9,5100510000242200FF,q q  DB,menu_config
0x595FA0,9,5300530013251114FF,s s 3E14,menu_config
0x595FD8,9,5600560015272200FF,v v 5GB,menu_config
0x596030,4,132A68FF,3J[68],menu_config
0x59604C,4,134611FF,3f1,menu_config
0x596068,4,172C00FF,7L,menu_config
0x5960F0,9,6E006E0013311132FF,[6E] [6E] 3Q1R,menu_config
0x596110,5,15322410FF,5RD0,menu_config
0x59612C,5,17331130FF,7S1P,menu_config
0x596164,5,1735111CFF,7U1<,menu_config
0x5961B8,5,15382200FF,5XB,menu_config
0x5961D4,5,15390820FF,5Y(@,menu_config
0x5961F0,5,173A1150FF,7Z1p,menu_config
0x59620C,5,153B2200FF,5[B,menu_config
0x596228,5,153C2200FF,5\B,menu_config
0x596244,5,173D2200FF,7]B,menu_config
0x59627C,5,173F223CFF,7_B\,menu_config
0x59629A,3,112AFF,1J,menu_config
0x5962B4,5,17412246FF,7aBf,menu_config
0x5962EC,5,13432200FF,3cB,menu_config
0x59630A,3,1128FF,1H,menu_config
0x596324,5,17452200FF,7eB,menu_config
0x596340,5,174D1132FF,7m1R,menu_config
0x59635C,5,174E225AFF,7nBz,menu_config
0x596378,5,164F1110FF,6o10,menu_config
0x5969F8,6,2849545A45FF,Hitze,menu_config
0x596A04,6,2B6A4C5445FF,K[6A]lte,menu_config
0x596A10,9,2745574954544552FF,Gewitter,menu_config
0x596A1C,5,25524445FF,Erde,menu_config
0x596A34,12,3343485745524B52414654FF,Schwerkraft,menu_config
0x596A40,7,374153534552FF,Wasser,menu_config
0x596A4C,5,37494E44FF,Wind,menu_config
0x596A58,7,2845494C4947FF,Heilig,menu_config
0x596A68,4,344F44FF,Tod,menu_config
0x596A7C,7,274546414852FF,Gefahr,menu_config
0x596AB8,7,345241554552FF,Trauer,menu_config
0x596AE0,7,30535943484FFF,Psycho,menu_config
0x596AF4,10,33434857454947454EFF,Schweigen,menu_config
0x596B08,5,28415354FF,Hast,menu_config
0x596B1C,7,27454D414348FF,Gemach,menu_config
0x596B44,7,26524F534348FF,Frosch,menu_config
0x596B58,6,3A57455247FF,Zwerg,menu_config
0x596B6C,15,214C4C4D0E364552535445494E0EFF,Allm.Verstein.,menu_config
0x596B80,10,364552535445494E0EFF,Verstein.,menu_config
0x596BA8,9,2241525249455245FF,Barriere,menu_config
0x596BBC,7,3A224152520EFF,ZBarr.,menu_config
0x596C0C,12,344F44455355525445494CFF,Todesurteil,menu_config
0x596C20,9,2D414E4950554C0EFF,Manipul.,menu_config
0x596C34,9,344F425355434854FF,Tobsucht,menu_config
0x596C48,13,354E56455257554E44424152FF,Unverwundbar,menu_config
0x596C70,6,224C494E44FF,Blind,menu_config
0x596C88,21,254C454D454E540F2E4542454E5749524B554E47FF,Element/Nebenwirkung,menu_config
0x596CA1,14,3A555341545A5749524B554E47FF,Zusatzwirkung,menu_config
0x596CD3,13,364552544549444947554E47FF,Verteidigung,menu_config
0x596D05,10,354E5749524B53414DFF,Unwirksam,menu_config
0x596E31,10,214E47524946460005FF,Angriff %,menu_config
0x596E63,15,364552544549444947554E470005FF,Verteidigung %,menu_config
0x596E95,13,3A4155424552414257454852FF,Zauberabwehr,menu_config
0x596EAE,13,3A41554245524142570E0005FF,Zauberabw. %,menu_config
0x596F7C,9,37003C003741460EFF,W \ Waf.,menu_config
0x596FC2,5,3A55420EFF,Zub.,menu_config
0x597004,9,364954414C49546AFF,Vitalit[6A],menu_config
0x5970F6,9,26415353554E471AFF,Fassung:,menu_config
0x59710C,10,374143485354554D1AFF,Wachstum:,menu_config
0x597122,6,2B45494E45FF,Keine,menu_config
0x59714E,8,244F5050454C54FF,Doppelt,menu_config
0x597164,9,2452454946414348FF,Dreifach,menu_config
0x5971E0,6,2645554552FF,Feuer,menu_config
0x5971F8,6,224C49545AFF,Blitz,menu_config
0x597250,35,334F4C4C00444153005749524B4C49434800454E544645524E540057455244454E1FFF,Soll das wirklich entfernt werden?,menu_config
0x597274,4,2A4101FF,Ja!,menu_config
0x597298,13,25494E454E002D4F4D454E54FF,Einen Moment,menu_config
0x597318,16,266A4849474B454954534C49535445FF,F[6A]higkeitsliste,menu_config
0x59736C,7,2F52444E454EFF,Ordnen,menu_config
0x597388,24,274553504549434845525445003A41484C0000000F1214FF,Gespeicherte Zahl   /24,menu_config
0x5973A4,3,2130FF,AP,menu_config
0x5973C0,18,215546004E6A4348535445002542454E45FF,Auf n[6A]chste Ebene,menu_config
0x5973DC,7,2D2133342532FF,MASTER,menu_config
0x597414,9,344155534348454EFF,Tauschen,menu_config
0x597430,16,214C4C455300454E544645524E454EFF,Alles entfernen,menu_config
0x59744C,10,37454757455246454EFF,Wegwerfen,menu_config
0x597484,25,274553434857494E4449474B454954000000052865282532FF,Geschwindigkeit   %HßHER,menu_config
0x5974A0,16,33434855545A000000052865282532FF,Schutz   %HßHER,menu_config
0x5974BC,21,3A41554245524B52414654000000052865282532FF,Zauberkraft   %HßHER,menu_config
0x5974E0,7,052865282532FF,%HßHER,menu_config
0x5975B8,6,2D21382830FF,MAXHP,menu_config
0x5975D4,6,2D21382D30FF,MAXMP,menu_config
0x597628,7,2538300E3530FF,EXP.UP,menu_config
0x597644,7,27494C003530FF,Gil UP,menu_config
0x597660,12,3452454646454E000D0005FF,Treffen - %,menu_config
0x59767C,12,3452454646454E000B0005FF,Treffen + %,menu_config
0x597698,16,23484F434F424F005452454646454EFF,Chocobo treffen,menu_config
0x5976B4,16,30526A56454E5449564D0E000B0005FF,Pr[6A]ventivm. + %,menu_config
0x5976D0,12,2645524E414E4752494646FF,Fernangriff,menu_config
0x5976EC,15,214C4C4500414E4752454946454EFF,Alle angreifen,menu_config
0x597708,13,274547454E414E4752494646FF,Gegenangriff,menu_config
0x597740,18,33546A4E444947455200214E4752494646FF,St[6A]ndiger Angriff,menu_config
0x59775C,15,28300F2D300D604E444552554E47FF,HP/MP-Ünderung,menu_config
0x59789C,13,2645494E44544543484E494BFF,Feindtechnik,menu_config
0x5978B2,22,3A55536A545A4C4943484500266A4849474B454954FF,Zus[6A]tzliche F[6A]higkeit,menu_config
0x5978C8,5,214C4C45FF,Alle,menu_config
0x5978DE,8,14580D3A424552FF,4x-Zber,menu_config
0x5978F4,11,2D30004142534F52420EFF,MP absorb.,menu_config
0x59790A,11,2830004142534F52420EFF,HP absorb.,menu_config
0x597936,12,2155434800535445484C0EFF,Auch stehl.,menu_config
0x59794C,7,3343484C4147FF,Schlag,menu_config
0x597962,9,345552424F0D2D30FF,Turbo-MP,menu_config
0x597978,7,2E4943485453FF,Nichts,menu_config
0x59798E,16,2E494348540047454E5547002D300EFF,Nicht genug MP.,menu_config
0x597A04,14,4A001A0036455257454E44454EFF,j : Verwenden,menu_config
0x597A3E,7,214C4C45494EFF,Allein,menu_config
0x597A50,5,26454C44FF,Feld,menu_config
0x597A62,9,3343484C41434854FF,Schlacht,menu_config
0x597A74,7,37455246454EFF,Werfen,menu_config
0x597A98,5,2E414D45FF,Name,menu_config
0x597AAA,5,2D41580EFF,Max.,menu_config
0x597ABC,5,2D494E0EFF,Min.,menu_config
0x597AD0,10,2F2B01002B4C415201FF,OK! Klar!,menu_config
0x597B20,14,295354004D4952004547414C0EFF,Ist mir egal.,menu_config
0x597B48,10,284548010028454801FF,Heh! Heh!,menu_config
0x597B70,25,360D560D56455244414D4D5401002D45494E002B4F504601FF,V-v-verdammt! Mein Kopf!,menu_config
0x597B98,27,284154004E4943485453004D4954004D4952005A550054554E01FF,Hat nichts mit mir zu tun!,menu_config
0x597BC0,21,284D4D0C0044415300576A52075300414C534F0EFF,"Hmm, das w[6A]r's also.",menu_config
0x597C10,37,29434800484142004449450046414C5343484500304552534F4E0045525749534348540EFF,Ich hab die falsche Person erwischt.,menu_config
0x597C38,20,24415300534F4C4C5445004F4B005345494E0EFF,Das sollte ok sein.,menu_config
0x597C60,24,2E4F4348004E494348540047414E5A004245524549540EFF,Noch nicht ganz bereit.,menu_config
0x597C88,24,2E45494E0C004943480042494E004553004E494348540EFF,"Nein, ich bin es nicht.",menu_config
0x597CB0,10,2F4B0C004B4C415201FF,"Ok, klar!",menu_config
0x597CD8,18,2B415049455200494348004E494348540EFF,Kapier ich nicht.,menu_config
0x597D00,27,284154004E4943485453004D4954004D4952005A550054554E0EFF,Hat nichts mit mir zu tun.,menu_config
0x597D28,26,234F4F4C010024415300534F4C4C5445004F4B005345494E01FF,Cool! Das sollte ok sein!,menu_config
0x597D50,23,2E454501002B415049455200494348004E4943485401FF,Nee! Kapier ich nicht!,menu_config
0x597D78,33,2D414E4E0C00494348005441505000544F54414C00494D0024554E4B454C4E01FF,"Mann, ich tapp total im Dunkeln!",menu_config
0x597DC8,27,2943480042494E004E4F4348004E49434854004245524549540EFF,Ich bin noch nicht bereit.,menu_config
0x597DF0,30,255300484154004E4943485453004D4954004D4952005A550054554E0EFF,Es hat nichts mit mir zu tun.,menu_config
0x597E18,28,244153004745466A4C4C54004D495201002845520044414D495401FF,Das gef[6A]llt mir! Her damit!,menu_config
0x597E68,33,2E49434854004943480100274942004553004A454D414E4400414E4445525301FF,Nicht ich! Gib es jemand anders!,menu_config
0x598628,6,234C4F5544FF,Cloud,menu_config
0x598634,7,224152524554FF,Barret,menu_config
0x598640,5,34494641FF,Tifa,menu_config
0x59864C,6,2145524953FF,Aeris,menu_config
0x598658,9,3245440038292929FF,Red XIII,menu_config
0x598664,7,395546464945FF,Yuffie,menu_config
0x598670,10,234149540033495448FF,Cait Sith,menu_config
0x59867C,8,36494E43454E54FF,Vincent,menu_config
0x598688,4,234944FF,Cid,menu_config
0x598694,6,23484F434FFF,Choco,menu_config
0x5986BE,5,2C454552FF,Leer,menu_config
0x5986DC,9,3354414E44415244FF,Standard,menu_config
0x598740,10,324147494E2C494F4EFF,RaginLion,menu_config
0x598750,10,26524553484D414B45FF,Freshmake,menu_config
0x598760,7,335155415245FF,Square,menu_config
0x598770,5,13244658FF,3Dfx,menu_config
0x598780,6,2C4F43414CFF,Local,menu_config
0x598790,5,274F4C44FF,Gold,menu_config
0x598864,55,01000000020000000400000005000000070000000800000000000000000614101311060E000000000000016E25580D332F2C24292532FF,"!   ""   $   %   '   (        &4031&.      ![6E]Ex-SOLDIER",menu_config
0x5988A1,24,38010000000000000000003A013A013600360000000000FF,X!         Z!Z!V V,menu_config
0x5988BC,13,620200003400000032000000FF,"Ö""  T   R",menu_config
0x598988,21,02010B0B0B0A070E000000000000011934494641FF,"""!+++*'.      !9Tifa",menu_config
0x598A0C,23,03010A0B0D0E050E0000000000000114214552495448FF,#!*+-.%.      !4Aerith,menu_config
0x598A90,20,04010A0C0B0A0A0E000000000000016A324544FF,"$!*,+**.      ![6A]Red",menu_config
0x598AAC,3,3003FF,P#,menu_config
0x598B14,23,0501000000000000000000000000012B395546464945FF,%!            !KYuffie,menu_config
0x598B30,3,5704FF,w$,menu_config
0x598B36,23,01000000000000000000640064000500050000000000FF,!         Ä Ä % %,menu_config
0x598B54,5,272C0100FF,GL!,menu_config
0x598B98,27,06010A0B0D0B050F000000000000010023414954003345495448FF,&!*+-+%/      ! Cait Seith,menu_config
0x598BB4,3,6505FF,ß%,menu_config
0x598BD4,13,0E0000002A0000003A581B00FF,.   J   Zx;,menu_config
0x598C1C,24,0701090A0B0B050E000000000000013736494E43454E54FF,'!)*++%.      !WVincent,menu_config
0x598CA0,20,08010C0C0B0A060E000000000000013F234944FF,"(!,,+*&.      !_Cid",menu_config
0x598CBC,3,4906FF,i&,menu_config
0x598DA8,26,0A3255484446412E00000000000001003345504849524F5448FF,*RuhdfaN      ! Sephiroth,menu_config
0x5991BC,147,410000004400000045000000460000004700000048000000000000004A0000004B0000004C0000004D0000004E0000004F0000005000000051000000520000005300000054000000550000005600000057000000580000005900000024000000250000002700000028000000290000002A0000002B00000000000000510000005500000026554C4C002551554950454E5401FF,a   d   e   f   g   h       j   k   l   m   n   o   p   q   r   s   t   u   v   w   x   y   D   E   G   H   I   J   K       q   u   Full Equipent!,menu_config
0x599254,15,2D41474943002D41544552494101FF,Magic Materia!,menu_config
0x599268,16,33554D4D4F4E002D41544552494101FF,Summon Materia!,menu_config
0x59927C,8,234F4D4D414E44FF,Command,menu_config
0x599290,16,3A45524F000D002137003925212801FF,Zero - AW YEAH!,menu_config
0x599840,7,2B415546454EFF,Kaufen,menu_config
0x59985E,10,3645524B415546454EFF,Verkaufen,menu_config
0x59987C,8,2245454E44454EFF,Beenden,menu_config
0x5998D8,25,2B415546454E003645524B415546454E002245454E44454EFF,Kaufen Verkaufen Beenden,menu_config
0x599918,7,22455349545AFF,Besitz,menu_config
0x599938,12,2155535354415454554E47FF,Ausstattung,menu_config
0x599958,7,274553414D54FF,Gesamt,menu_config
0x599978,8,3749455649454CFF,Wieviel,menu_config
0x599998,18,2F424A454B54000000002D415445524941FF,Objekt    Materia,menu_config
0x5999B8,11,6642524947450027494CFF,ébrige Gil,menu_config
0x5999E2,7,2D4153544552FF,Master,menu_config
0x5999F8,15,3052454953004455524348002130FF,Preis durch AP,menu_config
0x599B8E,9,3343484C49545A1AFF,Schlitz:,menu_config
0x599BA4,13,36455253546A524B554E471AFF,Verst[6A]rkung:,menu_config
0x599C18,12,2F424A454B544C4144454EFF,Objektladen,menu_config
0x599C40,15,37414646454E47455343486A4654FF,Waffengesch[6A]ft,menu_config
0x599C90,14,2D4154455249410D2C4144454EFF,Materia-Laden,menu_config
0x599CB8,14,27454D4953434854574152454EFF,Gemischtwaren,menu_config
0x599D30,14,3745524B5A4555474C4144454EFF,Werkzeugladen,menu_config
0x599D58,15,334F5556454E4945524C4144454EFF,Souvenierladen,menu_config
0x599D80,12,37494C4C4B4F4D4D454E01FF,Willkommen!,menu_config
0x599DBB,11,4455004B415546454E1FFF,du kaufen?,menu_config
0x599DDC,27,374945005649454C450057494C4C5354004455004441564F4E1FFF,Wie viele willst du davon?,menu_config
0x599E17,14,4455005645524B415546454E1FFF,du verkaufen?,menu_config
0x599E38,31,374945005649454C450057494C4C5354004455005645524B415546454E1FFF,Wie viele willst du verkaufen?,menu_config
0x599E66,7,24414E4B4501FF,Danke!,menu_config
0x599EC2,26,24550048415354004E494348540047454E55470027454C4401FF,Du hast nicht genug Geld!,menu_config
0x599F4C,11,275554454E0034414701FF,Guten Tag!,menu_config
0x599F7A,30,374945004B414E4E0049434800424548494C464C494348005345494E1FFF,Wie kann ich behilflich sein?,menu_config
0x599FD6,26,2841535400445500574153005A55005645524B415546454E1FFF,Hast du was zu verkaufen?,menu_config
0x59A004,21,374945005649454C450057494C4C53540044551FFF,Wie viele willst du?,menu_config
0x59A032,13,3649454C454E0024414E4B01FF,Vielen Dank!,menu_config
0x59A08E,45,334F4C4C004441530045494E003749545A005345494E1F0024415300495354004E494348540047454E554701FF,Soll das ein Witz sein? Das ist nicht genug!,menu_config
0x59C04C,13,102700000200000002000000FF,"0G  ""   """,menu_config
0x59C1F0,29,10270000102700000100000010270000102700000100000001000000FF,0G  0G  !   0G  0G  !   !,menu_config
0x59C268,93,2823000001000000010000000100000001000000010000000100000001000000010000000100000001000000010000000100000001000000010000000100000001000000010000000100000001000000010000000100000001000000FF,HC  !   !   !   !   !   !   !   !   !   !   !   !   !   !   !   !   !   !   !   !   !   !,menu_config
0x59C45E,8,1A002C4144454EFF,: Laden,menu_config
0x59C488,35,376A484C454E003349450045494E450033504549434845524441544549004155530EFF,W[6A]hlen Sie eine Speicherdatei aus.,menu_config
0x59C4B0,36,376A484C454E003349450045494E454E003350454943484552424C4F434B004155530EFF,W[6A]hlen Sie einen Speicherblock aus.,menu_config
0x59C4D8,13,333425232B302C21343A0011FF,STECKPLATZ 1,menu_config
0x59C500,13,333425232B302C21343A0012FF,STECKPLATZ 2,menu_config
0x59C528,10,3749524B4C4943481FFF,Wirklich?,menu_config
0x59C5A0,5,2C252532FF,LEER,menu_config
0x59C5C8,6,222C2F232BFF,BLOCK,menu_config
0x59C5F0,8,3745495445521FFF,Weiter?,menu_config
0x59C8C0,13,27455350454943484552540EFF,Gespeichert.,menu_config
0x59C960,12,2E2535253300333029252CFF,NEUES SPIEL,menu_config
0x59C988,20,3749524B4C4943480053504549434845524E1FFF,Wirklich speichern?,menu_config
0x59CA00,9,2245454E4445540EFF,Beendet.,menu_config
0x59CAC6,11,264F524D415449455254FF,Formatiert,menu_config
0x59CB4A,17,2E4943485400464F524D415449455254FF,Nicht formatiert,menu_config
0x59CB8C,19,2A45545A5400464F524D4154494552454E1FFF,Jetzt formatieren?,menu_config
0x59CC10,24,2B45494E4500335049454C5354414E445344415445490EFF,Keine Spielstandsdatei.,menu_config
0x59CC52,66,2449455345002D454D4F52590023415244004953540042455343486A4449475400554E44004B414E4E004E494348540056455257454E4445540057455244454E0EFF,Diese Memory Card ist besch[6A]digt und kann nicht verwendet werden.,menu_config
0x59CC94,29,214E44455245002D454D4F525900234152440045494E4C4547454E0EFF,Andere Memory Card einlegen.,menu_config
0x59CD18,48,22495454450042454E55545A454E003349450045494E4500414E4445524500335049454C5354414E44534441544549FF,Bitte benutzen Sie eine andere Spielstandsdatei,menu_config
0x59CD67,31,334945001100224C4F434B00474553494348455254455200244154454E0EFF,Sie 1 Block gesicherter Daten.,menu_config
0x59CE62,16,335049454C00424547494E4E454E1FFF,Spiel beginnen?,menu_config
0x59CFB0,57,2B414E4E0033504549434845525055464645520044455200335049454C5354414E44534441544549004E49434854005A554F52444E454E01FF,Kann Speicherpuffer der Spielstandsdatei nicht zuordnen!,menu_config
0x59CFF6,18,335049454C5354414E4453444154454901FF,Spielstandsdatei!,menu_config
0x59D028,16,335049454C5354414E440011000000FF,Spielstand 1,menu_config
0x59D03C,16,335049454C5354414E440012000000FF,Spielstand 2,menu_config
0x59D050,16,335049454C5354414E440013000000FF,Spielstand 3,menu_config
0x59D064,16,335049454C5354414E440014000000FF,Spielstand 4,menu_config
0x59D078,16,335049454C5354414E440015000000FF,Spielstand 5,menu_config
0x59D08C,16,335049454C5354414E440016000000FF,Spielstand 6,menu_config
0x59D0A0,16,335049454C5354414E440017000000FF,Spielstand 7,menu_config
0x59D0B4,16,335049454C5354414E440018000000FF,Spielstand 8,menu_config
0x59D0C8,16,335049454C5354414E440019000000FF,Spielstand 9,menu_config
0x59D0DC,14,335049454C5354414E44001110FF,Spielstand 10,menu_config
0x59D150,6,2C4556454CFF,Level,menu_config
