index,offset,text,length,confidence,reason
0,0x58FBB0,Möchten Sie Final,17,95,contains German indicator word
1,0x58FBCE,Fantasy VII verlassen und,25,95,contains German indicator word
2,0x58FBEC,zu Windows zurückkehren?,24,95,contains German indicator word
3,0x58FC10,Ja,2,85,"german_ratio=100.00%, ff7_valid=100.00%"
4,0x58FC15,Nein,4,85,"german_ratio=100.00%, ff7_valid=100.00%"
6,0x590126,Sound,5,85,"german_ratio=100.00%, ff7_valid=100.00%"
7,0x59015C,Kontroller,10,95,contains German indicator word
8,0x590192,Cursor,6,95,contains German indicator word
9,0x5901C8,ATB,3,85,"german_ratio=100.00%, ff7_valid=100.00%"
10,0x5901FE,Kampftempo,10,95,contains German indicator word
11,0x590234,Kampfmeldung,12,95,contains German indicator word
12,0x59026A,Feldmeldung,11,85,"german_ratio=100.00%, ff7_valid=100.00%"
13,0x5902A0,Kamerawinkel,12,95,contains German indicator word
14,0x5902D6,Auswählen,9,95,contains German indicator word
15,0x59030C,Abbrechen,9,85,"german_ratio=100.00%, ff7_valid=100.00%"
16,0x590342,Menü,4,85,"german_ratio=100.00%, ff7_valid=100.00%"
17,0x590378,Fenster AUS,11,95,contains German indicator word
18,0x5903AE,Pause,5,85,"german_ratio=100.00%, ff7_valid=100.00%"
19,0x5903E4,Schlachthilfe,13,85,"german_ratio=100.00%, ff7_valid=100.00%"
20,0x59041A,Mono,4,85,"german_ratio=100.00%, ff7_valid=100.00%"
21,0x590450,Stereo,6,85,"german_ratio=100.00%, ff7_valid=100.00%"
22,0x590486,Breit,5,85,"german_ratio=100.00%, ff7_valid=100.00%"
23,0x5904BC,Normal,6,85,"german_ratio=100.00%, ff7_valid=100.00%"
24,0x5904F2,Benutzerdefiniert,17,85,"german_ratio=100.00%, ff7_valid=100.00%"
25,0x590528,Anfang,6,85,"german_ratio=100.00%, ff7_valid=100.00%"
26,0x59055E,Speicher,8,95,contains German indicator word
27,0x590594,Aktiv,5,85,"german_ratio=100.00%, ff7_valid=100.00%"
28,0x5905CA,Empfohlen,9,85,"german_ratio=100.00%, ff7_valid=100.00%"
29,0x590600,Warten,6,85,"german_ratio=100.00%, ff7_valid=100.00%"
30,0x590636,Auto,4,85,"german_ratio=100.00%, ff7_valid=100.00%"
31,0x59066C,Fest,4,85,"german_ratio=100.00%, ff7_valid=100.00%"
33,0x5906D8,Langs.,6,85,"german_ratio=83.33%, ff7_valid=100.00%"
34,0x59070E,Schn.,5,85,"german_ratio=80.00%, ff7_valid=100.00%"
35,0x590744,ROT,3,85,"german_ratio=100.00%, ff7_valid=100.00%"
36,0x59077A,GRÜN,4,85,"german_ratio=100.00%, ff7_valid=100.00%"
37,0x5907B0,BLAU,4,85,"german_ratio=100.00%, ff7_valid=100.00%"
38,0x5907E6,Zauberfolge,11,95,contains German indicator word
39,0x59081C,Heilung,7,85,"german_ratio=100.00%, ff7_valid=100.00%"
40,0x590852,Angriff,7,95,contains German indicator word
41,0x590888,Indirekt,8,85,"german_ratio=100.00%, ff7_valid=100.00%"
42,0x5908BE,Verboten,8,85,"german_ratio=100.00%, ff7_valid=100.00%"
43,0x5908F4,Typ,3,85,"german_ratio=100.00%, ff7_valid=100.00%"
44,0x59092A,links2,6,85,"german_ratio=83.33%, ff7_valid=100.00%"
45,0x590960,rechts2,7,85,"german_ratio=85.71%, ff7_valid=100.00%"
46,0x590996,links1,6,85,"german_ratio=83.33%, ff7_valid=100.00%"
47,0x5909CC,rechts1,7,85,"german_ratio=85.71%, ff7_valid=100.00%"
48,0x590A02,Menü,4,85,"german_ratio=100.00%, ff7_valid=100.00%"
49,0x590A38,Auswählen,9,95,contains German indicator word
50,0x590A6E,Abbrechen,9,85,"german_ratio=100.00%, ff7_valid=100.00%"
51,0x590AA4,EXT,3,85,"german_ratio=100.00%, ff7_valid=100.00%"
52,0x590ADA,Hilfe,5,95,contains German indicator word
53,0x590B10,Zum Einrichten START drücken.,29,95,contains German indicator word
54,0x590B46,Zum Beenden Richtungstaste Links oder Rechts drücken.,53,95,contains German indicator word
55,0x590B7C,Pause,5,85,"german_ratio=100.00%, ff7_valid=100.00%"
59,0x590BD0,Ton- und Musikeinstellung,25,85,"german_ratio=88.00%, ff7_valid=100.00%"
60,0x590BFD,Nicht unterstützt,17,95,contains German indicator word
62,0x590C68,Objekt,6,95,contains German indicator word
63,0x590C7C,Zauber,6,95,contains German indicator word
64,0x590C90,Materia,7,95,contains German indicator word
65,0x590CA4,Ausrüsten,9,95,contains German indicator word
66,0x590CB8,Werte,5,95,contains German indicator word
67,0x590CCC,Reihe,5,95,contains German indicator word
68,0x590CE0,Limit,5,95,contains German indicator word
69,0x590CF4,Konfig,6,95,contains German indicator word
70,0x590D08,PHS,3,85,"german_ratio=100.00%, ff7_valid=100.00%"
71,0x590D1C,Speichern,9,95,contains German indicator word
72,0x590D30,Verlassen,9,95,contains German indicator word
73,0x590D44,Anfänger,8,85,"german_ratio=100.00%, ff7_valid=100.00%"
74,0x590D58,Verwendung,10,85,"german_ratio=100.00%, ff7_valid=100.00%"
75,0x590D6C,Verwendung,10,85,"german_ratio=100.00%, ff7_valid=100.00%"
76,0x590D80,Zeit,4,85,"german_ratio=100.00%, ff7_valid=100.00%"
77,0x590D94,Gil,3,85,"german_ratio=100.00%, ff7_valid=100.00%"
78,0x590DA8,Nächst. Lv,10,85,"german_ratio=80.00%, ff7_valid=100.00%"
79,0x590DBC,Limit-Stufe,11,95,contains German indicator word
80,0x590DD0,Anleitung,9,85,"german_ratio=100.00%, ff7_valid=100.00%"
81,0x590DE4,Unter,5,85,"german_ratio=100.00%, ff7_valid=100.00%"
82,0x590DF8,LV+1,4,75,"german_ratio=50.00%, ff7_valid=100.00%"
83,0x590E0C,Zorn,4,95,contains German indicator word
84,0x590E20,Traurigk.,9,85,"german_ratio=88.89%, ff7_valid=100.00%"
89,0x591094,Drücken Sie auf [O.K.] um die,29,85,"german_ratio=68.97%, ff7_valid=100.00%"
90,0x5910D0,Tastenbelegung zu konfigurieren.,32,95,contains German indicator word
91,0x59110C,Bitte neue Taste drücken,24,95,contains German indicator word
96,0x591238,[BILD HOCH],11,85,"german_ratio=72.73%, ff7_valid=100.00%"
97,0x591274,[BILD HERUNTER],15,85,"german_ratio=80.00%, ff7_valid=100.00%"
106,0x591490,TASTATUR,8,85,"german_ratio=100.00%, ff7_valid=100.00%"
107,0x5914CC,JOYSTICK,8,85,"german_ratio=100.00%, ff7_valid=100.00%"
114,0x594C48,Pause,5,85,"german_ratio=100.00%, ff7_valid=100.00%"
117,0x594CAC,Schlaf,6,95,contains German indicator word
118,0x594CBA,Gift,4,95,contains German indicator word
119,0x594CC8,Traurigkeit,11,85,"german_ratio=100.00%, ff7_valid=100.00%"
120,0x594CD6,Zorn,4,95,contains German indicator word
121,0x594CE4,Verwirrung,10,85,"german_ratio=100.00%, ff7_valid=100.00%"
122,0x594CF2,Stummheit,9,85,"german_ratio=100.00%, ff7_valid=100.00%"
123,0x594D00,Schnell,7,85,"german_ratio=100.00%, ff7_valid=100.00%"
124,0x594D0E,Langsam,7,85,"german_ratio=100.00%, ff7_valid=100.00%"
125,0x594D1C,Stop,4,85,"german_ratio=100.00%, ff7_valid=100.00%"
129,0x594D54,Versteinerung,13,85,"german_ratio=100.00%, ff7_valid=100.00%"
130,0x594D62,regen,5,85,"german_ratio=100.00%, ff7_valid=100.00%"
133,0x594D8C,Reflektieren,12,85,"german_ratio=100.00%, ff7_valid=100.00%"
134,0x594D9A,Doppel,6,85,"german_ratio=100.00%, ff7_valid=100.00%"
135,0x594DA8,Schild,6,85,"german_ratio=100.00%, ff7_valid=100.00%"
138,0x594DD2,Toll,4,85,"german_ratio=100.00%, ff7_valid=100.00%"
139,0x594DE0,Einzigartig,11,85,"german_ratio=100.00%, ff7_valid=100.00%"
140,0x594DEE,Lähmung,7,85,"german_ratio=100.00%, ff7_valid=100.00%"
141,0x594DFC,Dunkelheit,10,85,"german_ratio=100.00%, ff7_valid=100.00%"
148,0x594EA4,Gil,3,85,"german_ratio=100.00%, ff7_valid=100.00%"
149,0x594EA8,Nach,4,85,"german_ratio=100.00%, ff7_valid=100.00%"
150,0x594EB0,Gil auf der Hand,16,85,"german_ratio=81.25%, ff7_valid=100.00%"
152,0x595080,Ja     Nein,11,85,"german_ratio=54.55%, ff7_valid=100.00%"
153,0x595090,Vorhandene Schlachtpunkte,25,85,"german_ratio=96.00%, ff7_valid=100.00%"
154,0x5950AA,Schlitzstart!,13,85,"german_ratio=92.31%, ff7_valid=100.00%"
155,0x5950C4,TOLL!!,6,85,"german_ratio=66.67%, ff7_valid=100.00%"
156,0x5950DE,Gewonnene Schlachtpunkte,24,85,"german_ratio=95.83%, ff7_valid=100.00%"
157,0x5950F8,"Ok, dann los!",13,85,"german_ratio=69.23%, ff7_valid=100.00%"
158,0x595117,Zaubersubstanz kaputt.,22,95,contains German indicator word
159,0x595136,Aufrufsubstanz kaputt.,22,85,"german_ratio=90.91%, ff7_valid=91.30%"
160,0x595155,Support-Substanz kaputt.,24,85,"german_ratio=87.50%, ff7_valid=92.00%"
161,0x595174,Unabhängige Substanz kaputt.,28,85,"german_ratio=89.29%, ff7_valid=92.86%"
162,0x595193,Befehlssubstanz kaputt.,23,85,"german_ratio=91.30%, ff7_valid=91.67%"
163,0x5951B2,Alle Substanz kaputt.,21,85,"german_ratio=85.71%, ff7_valid=90.48%"
164,0x5951D1,Zubehör kaputt.,15,75,"german_ratio=86.67%, ff7_valid=87.50%"
165,0x5951F0,Objektbefehl ist versiegelt.,28,95,contains German indicator word
166,0x59520F,Rüstzeug kaputt.,16,75,"german_ratio=87.50%, ff7_valid=88.24%"
167,0x59522E,Waffe kaputt.,13,75,"german_ratio=84.62%, ff7_valid=85.71%"
168,0x59524D,1/2 Geschwindigkeit.,20,85,"german_ratio=75.00%, ff7_valid=90.48%"
169,0x59526C,1/2 Genauigkeit.,16,75,"german_ratio=68.75%, ff7_valid=88.24%"
173,0x5952E8,Zeit x30 Schaden.,17,75,"german_ratio=70.59%, ff7_valid=88.24%"
174,0x595307,5 Ebenen zurück.,16,95,contains German indicator word
175,0x595326,10 Ebenen zurück.,17,95,contains German indicator word
181,0x5953E0,HP wiederhergestellt.,21,85,"german_ratio=90.48%, ff7_valid=90.91%"
182,0x595400,Besorgt um die anderen Mitglieder?,34,85,"german_ratio=85.29%, ff7_valid=100.00%"
183,0x595423,"Ja, ein bichen",14,85,"german_ratio=78.57%, ff7_valid=92.31%"
184,0x595446,Eigentlich nicht,16,95,contains German indicator word
195,0x595656,Mitglieden in zwei Gruppen aufteilen,36,85,"german_ratio=88.89%, ff7_valid=100.00%"
196,0x59567C,Mitglieder in drei Gruppen aufteilen,36,85,"german_ratio=88.89%, ff7_valid=100.00%"
197,0x5956A2,Gruppe aus zwei Personen bilden,31,85,"german_ratio=87.10%, ff7_valid=100.00%"
198,0x5956C8,Gruppe aus drei Personen bilden,31,85,"german_ratio=87.10%, ff7_valid=100.00%"
200,0x595718,Element,7,95,contains German indicator word
201,0x59572E,Effekt,6,95,contains German indicator word
202,0x595744,Angreifen,9,85,"german_ratio=100.00%, ff7_valid=100.00%"
203,0x59575A,Verteidigen,11,95,contains German indicator word
204,0x595770,Halbieren,9,85,"german_ratio=100.00%, ff7_valid=100.00%"
205,0x595786,Ungültig,8,85,"german_ratio=100.00%, ff7_valid=100.00%"
206,0x59579C,Absorbieren,11,85,"german_ratio=100.00%, ff7_valid=100.00%"
210,0x5957F4,Stärke,6,95,contains German indicator word
211,0x59580A,Geschick,8,95,contains German indicator word
212,0x595820,Vitalität,9,95,contains German indicator word
213,0x595836,Zauber,6,95,contains German indicator word
214,0x59584C,Moral,5,95,contains German indicator word
215,0x595862,Glück,5,95,contains German indicator word
216,0x595878,Angreifen,9,85,"german_ratio=100.00%, ff7_valid=100.00%"
217,0x59588E,Angreifen %,11,85,"german_ratio=81.82%, ff7_valid=100.00%"
218,0x5958A4,Verteidigen,11,95,contains German indicator word
219,0x5958BA,Verteidigen %,13,95,contains German indicator word
220,0x5958D0,Zbrangrf,8,85,"german_ratio=100.00%, ff7_valid=100.00%"
221,0x5958E6,Zbrvertdg,9,85,"german_ratio=100.00%, ff7_valid=100.00%"
222,0x5958FC,Zbrvertdg %,11,85,"german_ratio=81.82%, ff7_valid=100.00%"
223,0x595912,Waf.,4,85,"german_ratio=75.00%, ff7_valid=100.00%"
224,0x595928,Rüs.,4,85,"german_ratio=75.00%, ff7_valid=100.00%"
225,0x59593E,Acc.,4,85,"german_ratio=75.00%, ff7_valid=100.00%"
226,0x595954,Limit-Ebene,11,95,contains German indicator word
229,0x5959E8,STUFE 2,7,95,contains German indicator word
230,0x595A08,STUFE 3,7,95,contains German indicator word
231,0x595A28,STUFE 4,7,95,contains German indicator word
232,0x595A48,LIMIT-STUFE einrichten.,23,95,contains German indicator word
233,0x595A68,Einrichten,10,85,"german_ratio=100.00%, ff7_valid=100.00%"
234,0x595A88,Prüfen,6,85,"german_ratio=100.00%, ff7_valid=100.00%"
235,0x595AA8,Bei nderung der STUFE,21,95,contains German indicator word
236,0x595AC8,Beginn bei Limit-Punkt 0.,25,95,contains German indicator word
237,0x595AE8,STUFE ändern?,13,95,contains German indicator word
238,0x595B08,Ja,2,85,"german_ratio=100.00%, ff7_valid=100.00%"
239,0x595B28,Nein,4,85,"german_ratio=100.00%, ff7_valid=100.00%"
240,0x595B48,Limit gewählt!,14,95,contains German indicator word
241,0x595B68,STUFE wählen,12,95,contains German indicator word
582,0x5969F8,Hitze,5,95,contains German indicator word
583,0x596A04,Kälte,5,95,contains German indicator word
584,0x596A10,Gewitter,8,95,contains German indicator word
585,0x596A1C,Erde,4,95,contains German indicator word
586,0x596A28,Gift,4,95,contains German indicator word
587,0x596A34,Schwerkraft,11,85,"german_ratio=100.00%, ff7_valid=100.00%"
588,0x596A40,Wasser,6,95,contains German indicator word
589,0x596A4C,Wind,4,95,contains German indicator word
590,0x596A58,Heilig,6,95,contains German indicator word
591,0x596A68,Tod,3,95,contains German indicator word
592,0x596A7C,Gefahr,6,95,contains German indicator word
593,0x596A90,Schlaf,6,95,contains German indicator word
594,0x596AA4,Gift,4,95,contains German indicator word
595,0x596AB8,Trauer,6,95,contains German indicator word
596,0x596ACC,Zorn,4,95,contains German indicator word
597,0x596AE0,Psycho,6,85,"german_ratio=100.00%, ff7_valid=100.00%"
598,0x596AF4,Schweigen,9,85,"german_ratio=100.00%, ff7_valid=100.00%"
599,0x596B08,Hast,4,85,"german_ratio=100.00%, ff7_valid=100.00%"
600,0x596B1C,Gemach,6,85,"german_ratio=100.00%, ff7_valid=100.00%"
601,0x596B30,Stop,4,85,"german_ratio=100.00%, ff7_valid=100.00%"
602,0x596B44,Frosch,6,85,"german_ratio=100.00%, ff7_valid=100.00%"
603,0x596B58,Zwerg,5,85,"german_ratio=100.00%, ff7_valid=100.00%"
604,0x596B6C,Allm.Verstein.,14,85,"german_ratio=85.71%, ff7_valid=100.00%"
605,0x596B80,Verstein.,9,85,"german_ratio=88.89%, ff7_valid=100.00%"
606,0x596B94,Heilung,7,85,"german_ratio=100.00%, ff7_valid=100.00%"
607,0x596BA8,Barriere,8,85,"german_ratio=100.00%, ff7_valid=100.00%"
608,0x596BBC,ZBarr.,6,85,"german_ratio=83.33%, ff7_valid=100.00%"
609,0x596BD0,Wasser,6,95,contains German indicator word
611,0x596BF8,Schild,6,85,"german_ratio=100.00%, ff7_valid=100.00%"
612,0x596C0C,Todesurteil,11,95,contains German indicator word
613,0x596C20,Manipul.,8,85,"german_ratio=87.50%, ff7_valid=100.00%"
614,0x596C34,Tobsucht,8,85,"german_ratio=100.00%, ff7_valid=100.00%"
615,0x596C48,Unverwundbar,12,85,"german_ratio=100.00%, ff7_valid=100.00%"
616,0x596C5C,Lähmung,7,85,"german_ratio=100.00%, ff7_valid=100.00%"
617,0x596C70,Blind,5,85,"german_ratio=100.00%, ff7_valid=100.00%"
618,0x596C88,Element/Nebenwirkung,20,95,contains German indicator word
619,0x596CA1,Zusatzwirkung,13,85,"german_ratio=100.00%, ff7_valid=100.00%"
620,0x596CBA,Angriff,7,95,contains German indicator word
621,0x596CD3,Verteidigung,12,95,contains German indicator word
622,0x596CEC,Halbieren,9,85,"german_ratio=100.00%, ff7_valid=100.00%"
623,0x596D05,Unwirksam,9,85,"german_ratio=100.00%, ff7_valid=100.00%"
624,0x596D1E,Absorbieren,11,85,"german_ratio=100.00%, ff7_valid=100.00%"
628,0x596D82,Stärke,6,95,contains German indicator word
629,0x596D9B,Geschick,8,95,contains German indicator word
630,0x596DB4,Vitalität,9,95,contains German indicator word
631,0x596DCD,Zauber,6,95,contains German indicator word
632,0x596DE6,Gemüt,5,85,"german_ratio=100.00%, ff7_valid=100.00%"
633,0x596DFF,Glück,5,95,contains German indicator word
634,0x596E18,Angriff,7,95,contains German indicator word
635,0x596E31,Angriff %,9,95,contains German indicator word
636,0x596E4A,Verteidigung,12,95,contains German indicator word
637,0x596E63,Verteidigung %,14,95,contains German indicator word
638,0x596E7C,Zauber,6,95,contains German indicator word
639,0x596E95,Zauberabwehr,12,95,contains German indicator word
640,0x596EAE,Zauberabw. %,12,95,contains German indicator word
641,0x596EC7,Waf.,4,85,"german_ratio=75.00%, ff7_valid=100.00%"
642,0x596EE0,Rüs.,4,85,"german_ratio=75.00%, ff7_valid=100.00%"
643,0x596EF9,Acc.,4,85,"german_ratio=75.00%, ff7_valid=100.00%"
644,0x596F12,Limit-Stufe,11,95,contains German indicator word
646,0x596F96,Rüs.,4,85,"german_ratio=75.00%, ff7_valid=100.00%"
647,0x596FAC,Acc.,4,85,"german_ratio=75.00%, ff7_valid=100.00%"
648,0x596FC2,Zub.,4,85,"german_ratio=75.00%, ff7_valid=100.00%"
649,0x596FD8,Stärke,6,95,contains German indicator word
650,0x596FEE,Geschick,8,95,contains German indicator word
651,0x597004,Vitalitä,8,85,"german_ratio=100.00%, ff7_valid=100.00%"
652,0x59701A,Zauber,6,95,contains German indicator word
653,0x597030,Moral,5,95,contains German indicator word
654,0x597046,Glück,5,95,contains German indicator word
655,0x59705C,Angriff,7,95,contains German indicator word
656,0x597072,Angriff %,9,95,contains German indicator word
657,0x597088,Verteidigung,12,95,contains German indicator word
658,0x59709E,Verteidigung %,14,95,contains German indicator word
659,0x5970B4,Zauber,6,95,contains German indicator word
660,0x5970CA,Zauberabwehr,12,95,contains German indicator word
661,0x5970E0,Zauberabw. %,12,95,contains German indicator word
662,0x5970F6,Fassung:,8,85,"german_ratio=87.50%, ff7_valid=100.00%"
663,0x59710C,Wachstum:,9,85,"german_ratio=88.89%, ff7_valid=100.00%"
664,0x597122,Keine,5,85,"german_ratio=100.00%, ff7_valid=100.00%"
665,0x597138,Normal,6,85,"german_ratio=100.00%, ff7_valid=100.00%"
666,0x59714E,Doppelt,7,85,"german_ratio=100.00%, ff7_valid=100.00%"
667,0x597164,Dreifach,8,85,"german_ratio=100.00%, ff7_valid=100.00%"
670,0x5971EC,Kälte,5,95,contains German indicator word
671,0x5971F8,Blitz,5,85,"german_ratio=100.00%, ff7_valid=100.00%"
672,0x597204,Erde,4,95,contains German indicator word
673,0x597210,Gift,4,95,contains German indicator word
674,0x59721C,Schwerkraft,11,85,"german_ratio=100.00%, ff7_valid=100.00%"
675,0x597228,Wasser,6,95,contains German indicator word
676,0x597234,Wind,4,95,contains German indicator word
677,0x597240,Heilig,6,95,contains German indicator word
678,0x597250,Soll das wirklich entfernt werden?,34,85,"german_ratio=85.29%, ff7_valid=100.00%"
679,0x597274,Ja!,3,85,"german_ratio=66.67%, ff7_valid=100.00%"
680,0x597298,Einen Moment,12,85,"german_ratio=91.67%, ff7_valid=100.00%"
682,0x5972E0,Waf.,4,85,"german_ratio=75.00%, ff7_valid=100.00%"
683,0x5972FC,Rüs.,4,85,"german_ratio=75.00%, ff7_valid=100.00%"
684,0x597318,Fähigkeitsliste,15,85,"german_ratio=100.00%, ff7_valid=100.00%"
685,0x597334,Rüstungseffekt,14,85,"german_ratio=100.00%, ff7_valid=100.00%"
686,0x597350,Prüfen,6,85,"german_ratio=100.00%, ff7_valid=100.00%"
687,0x59736C,Ordnen,6,85,"german_ratio=100.00%, ff7_valid=100.00%"
688,0x597388,Gespeicherte Zahl   /24,23,85,"german_ratio=69.57%, ff7_valid=100.00%"
689,0x5973A4,AP,2,85,"german_ratio=100.00%, ff7_valid=100.00%"
690,0x5973C0,Auf nächste Ebene,17,95,contains German indicator word
691,0x5973DC,MASTER,6,95,contains German indicator word
692,0x5973F8,Ordnen,6,85,"german_ratio=100.00%, ff7_valid=100.00%"
693,0x597414,Tauschen,8,85,"german_ratio=100.00%, ff7_valid=100.00%"
694,0x597430,Alles entfernen,15,85,"german_ratio=93.33%, ff7_valid=100.00%"
695,0x59744C,Wegwerfen,9,85,"german_ratio=100.00%, ff7_valid=100.00%"
697,0x597484,Geschwindigkeit   %HåHER,24,85,"german_ratio=79.17%, ff7_valid=100.00%"
698,0x5974A0,Schutz   %HåHER,15,85,"german_ratio=66.67%, ff7_valid=100.00%"
699,0x5974BC,Zauberkraft   %HåHER,20,95,contains German indicator word
700,0x5974D8,Glück   %HåHER,14,95,contains German indicator word
701,0x5974F4,MASTER,6,95,contains German indicator word
702,0x597510,Stärke,6,95,contains German indicator word
703,0x59752C,Vitalität,9,95,contains German indicator word
704,0x597548,Zauber,6,95,contains German indicator word
705,0x597564,Zbrvertdg,9,85,"german_ratio=100.00%, ff7_valid=100.00%"
706,0x597580,Geschick,8,95,contains German indicator word
707,0x59759C,Glück,5,95,contains German indicator word
708,0x5975B8,MAXHP,5,85,"german_ratio=100.00%, ff7_valid=100.00%"
709,0x5975D4,MAXMP,5,85,"german_ratio=100.00%, ff7_valid=100.00%"
710,0x5975F0,MAXHP,5,85,"german_ratio=100.00%, ff7_valid=100.00%"
711,0x59760C,MAXMP,5,85,"german_ratio=100.00%, ff7_valid=100.00%"
712,0x597628,EXP.UP,6,85,"german_ratio=83.33%, ff7_valid=100.00%"
713,0x597644,Gil UP,6,85,"german_ratio=83.33%, ff7_valid=100.00%"
714,0x597660,Treffen - %,11,85,"german_ratio=63.64%, ff7_valid=100.00%"
715,0x59767C,Treffen + %,11,85,"german_ratio=63.64%, ff7_valid=100.00%"
717,0x5976B4,Präventivm. + %,15,85,"german_ratio=66.67%, ff7_valid=100.00%"
718,0x5976D0,Fernangriff,11,85,"german_ratio=100.00%, ff7_valid=100.00%"
719,0x5976EC,Alle angreifen,14,85,"german_ratio=92.86%, ff7_valid=100.00%"
720,0x597708,Gegenangriff,12,85,"german_ratio=100.00%, ff7_valid=100.00%"
721,0x597724,Alle angreifen,14,85,"german_ratio=92.86%, ff7_valid=100.00%"
722,0x597740,Ständiger Angriff,17,95,contains German indicator word
723,0x59775C,HP/MP-nderung,13,85,"german_ratio=84.62%, ff7_valid=100.00%"
726,0x597886,Beschwören,10,85,"german_ratio=100.00%, ff7_valid=100.00%"
727,0x59789C,Feindtechnik,12,85,"german_ratio=100.00%, ff7_valid=100.00%"
728,0x5978B2,Zusätzliche Fähigkeit,21,85,"german_ratio=95.24%, ff7_valid=100.00%"
729,0x5978C8,Alle,4,85,"german_ratio=100.00%, ff7_valid=100.00%"
730,0x5978DE,4x-Zber,7,85,"german_ratio=71.43%, ff7_valid=100.00%"
731,0x5978F4,MP absorb.,10,85,"german_ratio=80.00%, ff7_valid=100.00%"
732,0x59790A,HP absorb.,10,85,"german_ratio=80.00%, ff7_valid=100.00%"
734,0x597936,Auch stehl.,11,85,"german_ratio=81.82%, ff7_valid=100.00%"
735,0x59794C,Schlag,6,85,"german_ratio=100.00%, ff7_valid=100.00%"
736,0x597962,Turbo-MP,8,85,"german_ratio=87.50%, ff7_valid=100.00%"
737,0x597978,Nichts,6,95,contains German indicator word
738,0x59798E,Nicht genug MP.,15,95,contains German indicator word
741,0x597A1A,Ordnen,6,85,"german_ratio=100.00%, ff7_valid=100.00%"
742,0x597A2C,Schlüsselobjekte,16,85,"german_ratio=100.00%, ff7_valid=100.00%"
743,0x597A3E,Allein,6,85,"german_ratio=100.00%, ff7_valid=100.00%"
744,0x597A50,Feld,4,85,"german_ratio=100.00%, ff7_valid=100.00%"
745,0x597A62,Schlacht,8,85,"german_ratio=100.00%, ff7_valid=100.00%"
746,0x597A74,Werfen,6,85,"german_ratio=100.00%, ff7_valid=100.00%"
747,0x597A86,Typ,3,85,"german_ratio=100.00%, ff7_valid=100.00%"
748,0x597A98,Name,4,85,"german_ratio=100.00%, ff7_valid=100.00%"
749,0x597AAA,Max.,4,85,"german_ratio=75.00%, ff7_valid=100.00%"
750,0x597ABC,Min.,4,85,"german_ratio=75.00%, ff7_valid=100.00%"
751,0x597AD0,OK! Klar!,9,85,"german_ratio=66.67%, ff7_valid=100.00%"
752,0x597AF8,"Ich bin nicht sicher, aber",26,95,contains German indicator word
753,0x597B20,Ist mir egal.,13,85,"german_ratio=76.92%, ff7_valid=100.00%"
754,0x597B48,Heh! Heh!,9,85,"german_ratio=66.67%, ff7_valid=100.00%"
755,0x597B70,V-v-verdammt! Mein Kopf!,24,85,"german_ratio=75.00%, ff7_valid=100.00%"
756,0x597B98,Hat nichts mit mir zu tun!,26,95,contains German indicator word
757,0x597BC0,"Hmm, das wär's also.",20,85,"german_ratio=70.00%, ff7_valid=100.00%"
758,0x597BE8,"Ich bin nicht sicher, aber",26,95,contains German indicator word
759,0x597C10,Ich hab die falsche Person erwischt.,36,85,"german_ratio=83.33%, ff7_valid=100.00%"
760,0x597C38,Das sollte ok sein.,19,85,"german_ratio=78.95%, ff7_valid=100.00%"
761,0x597C60,Noch nicht ganz bereit.,23,95,contains German indicator word
762,0x597C88,"Nein, ich bin es nicht.",23,95,contains German indicator word
763,0x597CB0,"Ok, klar!",9,85,"german_ratio=66.67%, ff7_valid=100.00%"
764,0x597CD8,Kapier ich nicht.,17,95,contains German indicator word
765,0x597D00,Hat nichts mit mir zu tun.,26,95,contains German indicator word
766,0x597D28,Cool! Das sollte ok sein!,25,85,"german_ratio=76.00%, ff7_valid=100.00%"
767,0x597D50,Nee! Kapier ich nicht!,22,95,contains German indicator word
768,0x597D78,"Mann, ich tapp total im Dunkeln!",32,85,"german_ratio=78.12%, ff7_valid=100.00%"
769,0x597DA0,Ich verlier immer mehr Menschliches,35,95,contains German indicator word
770,0x597DC8,Ich bin noch nicht bereit.,26,95,contains German indicator word
771,0x597DF0,Es hat nichts mit mir zu tun.,29,95,contains German indicator word
772,0x597E18,Das gefällt mir! Her damit!,27,85,"german_ratio=77.78%, ff7_valid=100.00%"
773,0x597E40,"Hmph. Hab ich nicht ganz kapiert, aber",38,95,contains German indicator word
774,0x597E68,Nicht ich! Gib es jemand anders!,32,95,contains German indicator word
775,0x597E90,Es hat nichts mit mir zu tun.,29,95,contains German indicator word
860,0x5986BE,Leer,4,85,"german_ratio=100.00%, ff7_valid=100.00%"
861,0x5986C8,Löschen,7,85,"german_ratio=100.00%, ff7_valid=100.00%"
862,0x5986D2,Auswählen,9,95,contains German indicator word
863,0x5986DC,Standard,8,85,"german_ratio=100.00%, ff7_valid=100.00%"
864,0x5986E6,Abbrechen,9,85,"german_ratio=100.00%, ff7_valid=100.00%"
866,0x598750,Freshmake,9,85,"german_ratio=100.00%, ff7_valid=100.00%"
867,0x598760,Square,6,85,"german_ratio=100.00%, ff7_valid=100.00%"
868,0x598770,3Dfx,4,85,"german_ratio=75.00%, ff7_valid=100.00%"
869,0x598780,Local,5,85,"german_ratio=100.00%, ff7_valid=100.00%"
870,0x598790,Gold,4,85,"german_ratio=100.00%, ff7_valid=100.00%"
901,0x598B54,GL!,3,85,"german_ratio=66.67%, ff7_valid=100.00%"
934,0x599254,Magic Materia!,14,95,contains German indicator word
935,0x599268,Summon Materia!,15,95,contains German indicator word
936,0x59927C,Command,7,85,"german_ratio=100.00%, ff7_valid=100.00%"
937,0x599290,Zero - AW YEAH!,15,85,"german_ratio=66.67%, ff7_valid=100.00%"
938,0x5992A8,Feuer,5,85,"german_ratio=100.00%, ff7_valid=100.00%"
939,0x5992B4,Kälte,5,95,contains German indicator word
940,0x5992C0,Blitz,5,85,"german_ratio=100.00%, ff7_valid=100.00%"
941,0x5992CC,Erde,4,95,contains German indicator word
942,0x5992D8,Gift,4,95,contains German indicator word
943,0x5992E4,Schwerkraft,11,85,"german_ratio=100.00%, ff7_valid=100.00%"
944,0x5992F0,Wasser,6,95,contains German indicator word
945,0x5992FC,Wind,4,95,contains German indicator word
946,0x599308,Heilig,6,95,contains German indicator word
947,0x599318,Soll das wirklich entfernt werden?,34,85,"german_ratio=85.29%, ff7_valid=100.00%"
948,0x59933C,Ja!,3,85,"german_ratio=66.67%, ff7_valid=100.00%"
949,0x599360,Einen Moment,12,85,"german_ratio=91.67%, ff7_valid=100.00%"
951,0x5993A8,Waf.,4,85,"german_ratio=75.00%, ff7_valid=100.00%"
952,0x5993C4,Rüs.,4,85,"german_ratio=75.00%, ff7_valid=100.00%"
953,0x5993E0,Fähigkeitsliste,15,85,"german_ratio=100.00%, ff7_valid=100.00%"
954,0x5993FC,Rüstungseffekt,14,85,"german_ratio=100.00%, ff7_valid=100.00%"
955,0x599418,Prüfen,6,85,"german_ratio=100.00%, ff7_valid=100.00%"
956,0x599434,Ordnen,6,85,"german_ratio=100.00%, ff7_valid=100.00%"
957,0x599450,Gespeicherte Zahl   /24,23,85,"german_ratio=69.57%, ff7_valid=100.00%"
958,0x59946C,AP,2,85,"german_ratio=100.00%, ff7_valid=100.00%"
959,0x599488,Auf nächste Ebene,17,95,contains German indicator word
960,0x5994A4,MASTER,6,95,contains German indicator word
961,0x5994C0,Ordnen,6,85,"german_ratio=100.00%, ff7_valid=100.00%"
962,0x5994DC,Tauschen,8,85,"german_ratio=100.00%, ff7_valid=100.00%"
963,0x5994F8,Alles entfernen,15,85,"german_ratio=93.33%, ff7_valid=100.00%"
964,0x599514,Wegwerfen,9,85,"german_ratio=100.00%, ff7_valid=100.00%"
966,0x59954C,Geschwindigkeit   %HåHER,24,85,"german_ratio=79.17%, ff7_valid=100.00%"
967,0x599568,Schutz   %HåHER,15,85,"german_ratio=66.67%, ff7_valid=100.00%"
968,0x599584,Zauberkraft   %HåHER,20,95,contains German indicator word
969,0x5995A0,Glück   %HåHER,14,95,contains German indicator word
970,0x5995BC,MASTER,6,95,contains German indicator word
971,0x5995D8,Stärke,6,95,contains German indicator word
972,0x5995F4,Vitalität,9,95,contains German indicator word
973,0x599610,Zauber,6,95,contains German indicator word
974,0x59962C,Zbrvertdg,9,85,"german_ratio=100.00%, ff7_valid=100.00%"
975,0x599648,Geschick,8,95,contains German indicator word
976,0x599664,Glück,5,95,contains German indicator word
977,0x599680,MAXHP,5,85,"german_ratio=100.00%, ff7_valid=100.00%"
978,0x59969C,MAXMP,5,85,"german_ratio=100.00%, ff7_valid=100.00%"
979,0x5996B8,MAXHP,5,85,"german_ratio=100.00%, ff7_valid=100.00%"
980,0x5996D4,MAXMP,5,85,"german_ratio=100.00%, ff7_valid=100.00%"
981,0x5996F0,EXP.UP,6,85,"german_ratio=83.33%, ff7_valid=100.00%"
982,0x59970C,Gil UP,6,85,"german_ratio=83.33%, ff7_valid=100.00%"
983,0x599728,Treffen - %,11,85,"german_ratio=63.64%, ff7_valid=100.00%"
984,0x599744,Treffen + %,11,85,"german_ratio=63.64%, ff7_valid=100.00%"
986,0x59977C,Präventivm. + %,15,85,"german_ratio=66.67%, ff7_valid=100.00%"
987,0x599798,Fernangriff,11,85,"german_ratio=100.00%, ff7_valid=100.00%"
988,0x5997B4,Alle angreifen,14,85,"german_ratio=92.86%, ff7_valid=100.00%"
989,0x5997D0,Gegenangriff,12,85,"german_ratio=100.00%, ff7_valid=100.00%"
990,0x5997EC,Alle angreifen,14,85,"german_ratio=92.86%, ff7_valid=100.00%"
991,0x599808,Ständiger Angriff,17,95,contains German indicator word
992,0x599824,HP/MP-nderung,13,85,"german_ratio=84.62%, ff7_valid=100.00%"
993,0x599840,Kaufen,6,95,contains German indicator word
994,0x59985E,Verkaufen,9,95,contains German indicator word
995,0x59987C,Beenden,7,95,contains German indicator word
996,0x59989A,Objekt,6,95,contains German indicator word
997,0x5998B8,Materia,7,95,contains German indicator word
998,0x5998D8,Kaufen Verkaufen Beenden,24,95,contains German indicator word
999,0x5998F8,Gil,3,85,"german_ratio=100.00%, ff7_valid=100.00%"
1000,0x599918,Besitz,6,95,contains German indicator word
1001,0x599938,Ausstattung,11,85,"german_ratio=100.00%, ff7_valid=100.00%"
1002,0x599958,Gesamt,6,95,contains German indicator word
1003,0x599978,Wieviel,7,85,"german_ratio=100.00%, ff7_valid=100.00%"
1004,0x599998,Objekt    Materia,17,95,contains German indicator word
1005,0x5999B8,Übrige Gil,10,85,"german_ratio=90.00%, ff7_valid=100.00%"
1006,0x5999D8,Preis für Master,16,85,"german_ratio=87.50%, ff7_valid=100.00%"
1007,0x5999F8,Preis durch AP,14,85,"german_ratio=85.71%, ff7_valid=100.00%"
1008,0x599A18,Waf.,4,85,"german_ratio=75.00%, ff7_valid=100.00%"
1009,0x599A2E,Rüs.,4,85,"german_ratio=75.00%, ff7_valid=100.00%"
1010,0x599A44,Zub.,4,85,"german_ratio=75.00%, ff7_valid=100.00%"
1011,0x599A5A,Zub.,4,85,"german_ratio=75.00%, ff7_valid=100.00%"
1012,0x599A70,Stärke,6,95,contains German indicator word
1013,0x599A86,Geschick,8,95,contains German indicator word
1014,0x599A9C,Vitalitä,8,85,"german_ratio=100.00%, ff7_valid=100.00%"
1015,0x599AB2,Zauber,6,95,contains German indicator word
1016,0x599AC8,Moral,5,95,contains German indicator word
1017,0x599ADE,Glück,5,95,contains German indicator word
1018,0x599AF4,Angreifen,9,85,"german_ratio=100.00%, ff7_valid=100.00%"
1019,0x599B0A,Angreifen %,11,85,"german_ratio=81.82%, ff7_valid=100.00%"
1020,0x599B20,Verteidigen,11,95,contains German indicator word
1021,0x599B36,Verteidigen %,13,95,contains German indicator word
1022,0x599B4C,Zbrangrf,8,85,"german_ratio=100.00%, ff7_valid=100.00%"
1023,0x599B62,Zbrvertdg,9,85,"german_ratio=100.00%, ff7_valid=100.00%"
1024,0x599B78,Zbrvertdg %,11,85,"german_ratio=81.82%, ff7_valid=100.00%"
1025,0x599B8E,Schlitz:,8,85,"german_ratio=87.50%, ff7_valid=100.00%"
1026,0x599BA4,Verstärkung:,12,85,"german_ratio=91.67%, ff7_valid=100.00%"
1027,0x599BBA,Keine,5,85,"german_ratio=100.00%, ff7_valid=100.00%"
1028,0x599BD0,Normal,6,85,"german_ratio=100.00%, ff7_valid=100.00%"
1029,0x599BE6,Doppelt,7,85,"german_ratio=100.00%, ff7_valid=100.00%"
1030,0x599BFC,Dreifach,8,85,"german_ratio=100.00%, ff7_valid=100.00%"
1033,0x599C18,Objektladen,11,95,contains German indicator word
1034,0x599C40,Waffengeschäft,14,85,"german_ratio=100.00%, ff7_valid=100.00%"
1035,0x599C68,Objektladen,11,95,contains German indicator word
1036,0x599C90,Materia-Laden,13,95,contains German indicator word
1037,0x599CB8,Gemischtwaren,13,85,"german_ratio=100.00%, ff7_valid=100.00%"
1038,0x599CE0,Gemüseladen,11,85,"german_ratio=100.00%, ff7_valid=100.00%"
1039,0x599D08,Zubehörladen,12,85,"german_ratio=100.00%, ff7_valid=100.00%"
1040,0x599D30,Werkzeugladen,13,85,"german_ratio=100.00%, ff7_valid=100.00%"
1041,0x599D58,Souvenierladen,14,85,"german_ratio=100.00%, ff7_valid=100.00%"
1042,0x599D80,Willkommen!,11,85,"german_ratio=90.91%, ff7_valid=100.00%"
1043,0x599DAE,Was möchtest du kaufen?,23,85,"german_ratio=82.61%, ff7_valid=100.00%"
1044,0x599DDC,Wie viele willst du davon?,26,85,"german_ratio=80.77%, ff7_valid=100.00%"
1045,0x599E0A,Was möchtest du verkaufen?,26,85,"german_ratio=84.62%, ff7_valid=100.00%"
1046,0x599E38,Wie viele willst du verkaufen?,30,85,"german_ratio=83.33%, ff7_valid=100.00%"
1047,0x599E66,Danke!,6,85,"german_ratio=83.33%, ff7_valid=100.00%"
1048,0x599E94,Danke!,6,85,"german_ratio=83.33%, ff7_valid=100.00%"
1049,0x599EC2,Du hast nicht genug Geld!,25,95,contains German indicator word
1051,0x599F4C,Guten Tag!,10,85,"german_ratio=80.00%, ff7_valid=100.00%"
1052,0x599F7A,Wie kann ich behilflich sein?,29,85,"german_ratio=82.76%, ff7_valid=100.00%"
1053,0x599FA8,Wie viele willst du davon?,26,85,"german_ratio=80.77%, ff7_valid=100.00%"
1054,0x599FD6,Hast du was zu verkaufen?,25,85,"german_ratio=80.00%, ff7_valid=100.00%"
1055,0x59A004,Wie viele willst du?,20,85,"german_ratio=80.00%, ff7_valid=100.00%"
1056,0x59A032,Vielen Dank!,12,85,"german_ratio=83.33%, ff7_valid=100.00%"
1057,0x59A060,Ihr werdet doch alle zurückkommen!,34,85,"german_ratio=85.29%, ff7_valid=100.00%"
1058,0x59A08E,Soll das ein Witz sein? Das ist nicht genug!,44,95,contains German indicator word
1065,0x59C488,Wählen Sie eine Speicherdatei aus.,34,95,contains German indicator word
1066,0x59C4B0,Wählen Sie einen Speicherblock aus.,35,95,contains German indicator word
1067,0x59C4D8,STECKPLATZ 1,12,85,"german_ratio=83.33%, ff7_valid=100.00%"
1068,0x59C500,STECKPLATZ 2,12,85,"german_ratio=83.33%, ff7_valid=100.00%"
1069,0x59C528,Wirklich?,9,85,"german_ratio=88.89%, ff7_valid=100.00%"
1070,0x59C550,Bin am Laden. Bitte warten,26,95,contains German indicator word
1071,0x59C578,Bin am Sichern. Bitte warten,28,95,contains German indicator word
1072,0x59C5A0,LEER,4,85,"german_ratio=100.00%, ff7_valid=100.00%"
1073,0x59C5C8,BLOCK,5,85,"german_ratio=100.00%, ff7_valid=100.00%"
1074,0x59C5F0,Weiter?,7,85,"german_ratio=85.71%, ff7_valid=100.00%"
1076,0x59C640,Überprüfe Spielstandsdatei,26,95,contains German indicator word
1092,0x59C8C0,Gespeichert.,12,85,"german_ratio=91.67%, ff7_valid=100.00%"
1093,0x59C8E8,Speichern nicht möglich.,24,95,contains German indicator word
1094,0x59C910,Laden nicht möglich.,20,95,contains German indicator word
1095,0x59C938,Daten sind zerstört.,20,85,"german_ratio=85.00%, ff7_valid=100.00%"
1096,0x59C960,NEUES SPIEL,11,85,"german_ratio=90.91%, ff7_valid=100.00%"
1097,0x59C988,Wirklich speichern?,19,85,"german_ratio=89.47%, ff7_valid=100.00%"
1098,0x59C9B0,Ja,2,85,"german_ratio=100.00%, ff7_valid=100.00%"
1099,0x59C9D8,Nein,4,85,"german_ratio=100.00%, ff7_valid=100.00%"
1100,0x59CA00,Beendet.,8,85,"german_ratio=87.50%, ff7_valid=100.00%"
1103,0x59CAC6,Formatiert,10,95,contains German indicator word
1104,0x59CB08,Formatierung nicht möglich,26,95,contains German indicator word
1105,0x59CB4A,Nicht formatiert,16,95,contains German indicator word
1106,0x59CB8C,Jetzt formatieren?,18,85,"german_ratio=88.89%, ff7_valid=100.00%"
1107,0x59CBCE,Memory Card wird geprüft.,25,85,"german_ratio=84.00%, ff7_valid=100.00%"
1108,0x59CC10,Keine Spielstandsdatei.,23,95,contains German indicator word
1109,0x59CC52,Diese Memory Card ist beschädigt und kann nicht verwendet werden.,65,95,contains German indicator word
1110,0x59CC94,Andere Memory Card einlegen.,28,85,"german_ratio=85.71%, ff7_valid=100.00%"
1111,0x59CCD6,Nicht genug Platz in der Spielstandsdatei übrig.,48,95,contains German indicator word
1112,0x59CD18,Bitte benutzen Sie eine andere Spielstandsdatei,47,95,contains German indicator word
1113,0x59CD5A,oder löschen Sie 1 Block gesicherter Daten.,43,85,"german_ratio=81.40%, ff7_valid=100.00%"
1116,0x59CE20,Lesen nicht möglich.,20,95,contains German indicator word
1117,0x59CE62,Spiel beginnen?,15,85,"german_ratio=86.67%, ff7_valid=100.00%"
1122,0x59CFB0,Kann Speicherpuffer der Spielstandsdatei nicht zuordnen!,56,95,contains German indicator word
1123,0x59CFEC,Ungültige Spielstandsdatei!,27,95,contains German indicator word
1124,0x59D028,Spielstand 1,12,95,contains German indicator word
1125,0x59D03C,Spielstand 2,12,95,contains German indicator word
1126,0x59D050,Spielstand 3,12,95,contains German indicator word
1127,0x59D064,Spielstand 4,12,95,contains German indicator word
1128,0x59D078,Spielstand 5,12,95,contains German indicator word
1129,0x59D08C,Spielstand 6,12,95,contains German indicator word
1130,0x59D0A0,Spielstand 7,12,95,contains German indicator word
1131,0x59D0B4,Spielstand 8,12,95,contains German indicator word
1132,0x59D0C8,Spielstand 9,12,95,contains German indicator word
1133,0x59D0DC,Spielstand 10,13,95,contains German indicator word
1136,0x59D150,Level,5,85,"german_ratio=100.00%, ff7_valid=100.00%"
